2025-03-18 17:23:21,408 33748 DEBUG ? odoo.netsvc: logger level set: "odoo.http.rpc.request:INFO" 
2025-03-18 17:23:21,409 33748 DEBUG ? odoo.netsvc: logger level set: "odoo.http.rpc.response:INFO" 
2025-03-18 17:23:21,409 33748 DEBUG ? odoo.netsvc: logger level set: ":INFO" 
2025-03-18 17:23:21,409 33748 DEBUG ? odoo.netsvc: logger level set: "odoo:DEBUG" 
2025-03-18 17:23:21,409 33748 DEBUG ? odoo.netsvc: logger level set: "odoo.sql_db:INFO" 
2025-03-18 17:23:21,409 33748 DEBUG ? odoo.netsvc: logger level set: ":INFO" 
2025-03-18 17:23:21,409 33748 INFO ? odoo: Odoo version 18.0 
2025-03-18 17:23:21,409 33748 INFO ? odoo: Using configuration file at C:\odoo\odoo\odoo.conf 
2025-03-18 17:23:21,409 33748 INFO ? odoo: addons paths: ['C:\\odoo\\odoo\\odoo\\addons', 'c:\\users\\georg\\appdata\\local\\openerp s.a\\odoo\\addons\\18.0', 'c:\\odoo\\odoo\\addons_extra', 'c:\\odoo\\odoo\\addons', 'c:\\odoo\\odoo\\odoo\\addons'] 
2025-03-18 17:23:21,409 33748 INFO ? odoo: database: odoo@default:default 
2025-03-18 17:23:21,654 33748 INFO ? odoo.addons.base.models.ir_actions_report: You need Wkhtmltopdf to print a pdf version of the reports. 
2025-03-18 17:23:21,663 33748 INFO ? odoo.addons.base.models.ir_actions_report: You need Wkhtmltoimage to generate images from html. 
2025-03-18 17:23:22,010 33748 DEBUG ? odoo.service.server: Setting signal handlers 
2025-03-18 17:23:22,013 33748 INFO ? odoo.service.server: HTTP service (werkzeug) running on GLO:8069 
2025-03-18 17:23:22,090 33748 DEBUG odoo odoo.modules.registry: Multiprocess load registry signaling: [Registry: 54] [Cache default: 2] [Cache assets: 1] [Cache templates: 1] [Cache routing: 1] [Cache groups: 1] 
2025-03-18 17:23:22,112 33748 INFO odoo odoo.modules.loading: loading 1 modules... 
2025-03-18 17:23:22,112 33748 DEBUG odoo odoo.modules.loading: Loading module base (1/1) 
2025-03-18 17:23:22,120 33748 DEBUG odoo odoo.modules.loading: Module base loaded in 0.01s, 0 queries 
2025-03-18 17:23:22,121 33748 INFO odoo odoo.modules.loading: 1 modules loaded in 0.01s, 0 queries (+0 extra) 
2025-03-18 17:23:22,165 33748 INFO odoo odoo.modules.loading: updating modules list 
2025-03-18 17:23:22,167 33748 INFO odoo odoo.addons.base.models.ir_module: ALLOW access to module.update_list on [] to user __system__ #1 via n/a 
2025-03-18 17:23:22,255 33748 DEBUG ? odoo.http: HTTP sessions stored in: c:\users\georg\appdata\local\openerp s.a\odoo\sessions 
2025-03-18 17:23:22,995 33748 WARNING odoo odoo.modules.module: Missing `license` key in manifest for 'nursery', defaulting to LGPL-3 
2025-03-18 17:23:23,030 33748 WARNING odoo odoo.modules.module: Missing `license` key in manifest for 'plant_nursery', defaulting to LGPL-3 
2025-03-18 17:23:23,491 33748 WARNING odoo odoo.modules.loading: invalid module names, ignored:  Plant Nursery 
2025-03-18 17:23:23,511 33748 DEBUG odoo odoo.modules.loading: Updating graph with 37 more modules 
2025-03-18 17:23:23,511 33748 INFO odoo odoo.modules.loading: loading 38 modules... 
2025-03-18 17:23:23,511 33748 DEBUG odoo odoo.modules.loading: Loading module estate (2/38) 
2025-03-18 17:23:23,519 33748 DEBUG odoo odoo.modules.loading: Module estate loaded in 0.01s, 0 queries 
2025-03-18 17:23:23,519 33748 DEBUG odoo odoo.modules.loading: Loading module web (3/38) 
2025-03-18 17:23:23,521 33748 DEBUG odoo odoo.modules.loading: Module web loaded in 0.00s, 0 queries 
2025-03-18 17:23:23,522 33748 DEBUG odoo odoo.modules.loading: Loading module auth_totp (4/38) 
2025-03-18 17:23:23,570 33748 DEBUG odoo odoo.modules.loading: Module auth_totp loaded in 0.05s, 0 queries 
2025-03-18 17:23:23,570 33748 DEBUG odoo odoo.modules.loading: Loading module base_import (5/38) 
2025-03-18 17:23:23,905 33748 DEBUG odoo odoo.modules.loading: Module base_import loaded in 0.33s, 0 queries 
2025-03-18 17:23:23,905 33748 DEBUG odoo odoo.modules.loading: Loading module base_import_module (6/38) 
2025-03-18 17:23:23,921 33748 DEBUG odoo odoo.modules.loading: Module base_import_module loaded in 0.02s, 0 queries 
2025-03-18 17:23:23,921 33748 DEBUG odoo odoo.modules.loading: Loading module base_setup (7/38) 
2025-03-18 17:23:23,929 33748 DEBUG odoo odoo.modules.loading: Module base_setup loaded in 0.01s, 0 queries 
2025-03-18 17:23:23,929 33748 DEBUG odoo odoo.modules.loading: Loading module bus (8/38) 
2025-03-18 17:23:23,952 33748 DEBUG odoo odoo.modules.loading: Module bus loaded in 0.02s, 0 queries 
2025-03-18 17:23:23,952 33748 DEBUG odoo odoo.modules.loading: Loading module http_routing (9/38) 
2025-03-18 17:23:23,961 33748 DEBUG odoo odoo.modules.loading: Module http_routing loaded in 0.01s, 0 queries 
2025-03-18 17:23:23,961 33748 DEBUG odoo odoo.modules.loading: Loading module nursery (10/38) 
2025-03-18 17:23:23,967 33748 DEBUG odoo odoo.modules.loading: Module nursery loaded in 0.01s, 0 queries 
2025-03-18 17:23:23,967 33748 DEBUG odoo odoo.modules.loading: Loading module plant_nursery (11/38) 
2025-03-18 17:23:23,972 33748 WARNING odoo odoo.models: The model nursery.plant has no _description 
2025-03-18 17:23:23,973 33748 WARNING odoo odoo.models: The model nursery.customer has no _description 
2025-03-18 17:23:23,973 33748 WARNING odoo odoo.models: The model nursery.order has no _description 
2025-03-18 17:23:23,973 33748 DEBUG odoo odoo.modules.loading: Module plant_nursery loaded in 0.01s, 0 queries 
2025-03-18 17:23:23,973 33748 DEBUG odoo odoo.modules.loading: Loading module resource (12/38) 
2025-03-18 17:23:23,991 33748 DEBUG odoo odoo.modules.loading: Module resource loaded in 0.02s, 0 queries 
2025-03-18 17:23:23,991 33748 DEBUG odoo odoo.modules.loading: Loading module web_hierarchy (13/38) 
2025-03-18 17:23:23,997 33748 WARNING odoo odoo.models: The model nursery.plant has no _description 
2025-03-18 17:23:23,997 33748 WARNING odoo odoo.models: The model nursery.customer has no _description 
2025-03-18 17:23:23,997 33748 WARNING odoo odoo.models: The model nursery.order has no _description 
2025-03-18 17:23:23,997 33748 DEBUG odoo odoo.modules.loading: Module web_hierarchy loaded in 0.01s, 0 queries 
2025-03-18 17:23:23,998 33748 DEBUG odoo odoo.modules.loading: Loading module web_tour (14/38) 
2025-03-18 17:23:24,003 33748 DEBUG odoo odoo.modules.loading: Module web_tour loaded in 0.00s, 0 queries 
2025-03-18 17:23:24,003 33748 DEBUG odoo odoo.modules.loading: Loading module html_editor (15/38) 
2025-03-18 17:23:24,244 33748 DEBUG odoo odoo.modules.loading: Module html_editor loaded in 0.24s, 0 queries 
2025-03-18 17:23:24,244 33748 DEBUG odoo odoo.modules.loading: Loading module iap (16/38) 
2025-03-18 17:23:24,245 33748 DEBUG odoo odoo.modules.loading: Module iap loaded in 0.00s, 0 queries 
2025-03-18 17:23:24,245 33748 DEBUG odoo odoo.modules.loading: Loading module mail (17/38) 
2025-03-18 17:23:24,246 33748 WARNING odoo odoo.models: The model nursery.plant has no _description 
2025-03-18 17:23:24,247 33748 WARNING odoo odoo.models: The model nursery.customer has no _description 
2025-03-18 17:23:24,247 33748 WARNING odoo odoo.models: The model nursery.order has no _description 
2025-03-18 17:23:24,251 33748 DEBUG odoo odoo.modules.loading: Module mail loaded in 0.01s, 0 queries 
2025-03-18 17:23:24,251 33748 DEBUG odoo odoo.modules.loading: Loading module web_editor (18/38) 
2025-03-18 17:23:24,274 33748 WARNING odoo odoo.models: The model nursery.plant has no _description 
2025-03-18 17:23:24,274 33748 WARNING odoo odoo.models: The model nursery.customer has no _description 
2025-03-18 17:23:24,274 33748 WARNING odoo odoo.models: The model nursery.order has no _description 
2025-03-18 17:23:24,276 33748 WARNING odoo odoo.models: The model nursery.plant has no _description 
2025-03-18 17:23:24,276 33748 WARNING odoo odoo.models: The model nursery.customer has no _description 
2025-03-18 17:23:24,276 33748 WARNING odoo odoo.models: The model nursery.order has no _description 
2025-03-18 17:23:24,277 33748 DEBUG odoo odoo.modules.loading: Module web_editor loaded in 0.03s, 0 queries 
2025-03-18 17:23:24,277 33748 DEBUG odoo odoo.modules.loading: Loading module auth_signup (19/38) 
2025-03-18 17:23:24,285 33748 DEBUG odoo odoo.modules.loading: Module auth_signup loaded in 0.01s, 0 queries 
2025-03-18 17:23:24,285 33748 DEBUG odoo odoo.modules.loading: Loading module auth_totp_mail (20/38) 
2025-03-18 17:23:24,289 33748 DEBUG odoo odoo.modules.loading: Module auth_totp_mail loaded in 0.00s, 0 queries 
2025-03-18 17:23:24,289 33748 DEBUG odoo odoo.modules.loading: Loading module base_install_request (21/38) 
2025-03-18 17:23:24,294 33748 DEBUG odoo odoo.modules.loading: Module base_install_request loaded in 0.01s, 0 queries 
2025-03-18 17:23:24,294 33748 DEBUG odoo odoo.modules.loading: Loading module google_gmail (22/38) 
2025-03-18 17:23:24,299 33748 DEBUG odoo odoo.modules.loading: Module google_gmail loaded in 0.00s, 0 queries 
2025-03-18 17:23:24,299 33748 DEBUG odoo odoo.modules.loading: Loading module iap_mail (23/38) 
2025-03-18 17:23:24,304 33748 DEBUG odoo odoo.modules.loading: Module iap_mail loaded in 0.01s, 0 queries 
2025-03-18 17:23:24,304 33748 DEBUG odoo odoo.modules.loading: Loading module mail_bot (24/38) 
2025-03-18 17:23:24,310 33748 DEBUG odoo odoo.modules.loading: Module mail_bot loaded in 0.01s, 0 queries 
2025-03-18 17:23:24,310 33748 DEBUG odoo odoo.modules.loading: Loading module phone_validation (25/38) 
2025-03-18 17:23:24,341 33748 WARNING odoo odoo.models: The model nursery.plant has no _description 
2025-03-18 17:23:24,341 33748 WARNING odoo odoo.models: The model nursery.customer has no _description 
2025-03-18 17:23:24,341 33748 WARNING odoo odoo.models: The model nursery.order has no _description 
2025-03-18 17:23:24,341 33748 DEBUG odoo odoo.modules.loading: Module phone_validation loaded in 0.03s, 0 queries 
2025-03-18 17:23:24,341 33748 DEBUG odoo odoo.modules.loading: Loading module privacy_lookup (26/38) 
2025-03-18 17:23:24,353 33748 DEBUG odoo odoo.modules.loading: Module privacy_lookup loaded in 0.01s, 0 queries 
2025-03-18 17:23:24,354 33748 DEBUG odoo odoo.modules.loading: Loading module resource_mail (27/38) 
2025-03-18 17:23:24,356 33748 DEBUG odoo odoo.modules.loading: Module resource_mail loaded in 0.00s, 0 queries 
2025-03-18 17:23:24,356 33748 DEBUG odoo odoo.modules.loading: Loading module web_unsplash (28/38) 
2025-03-18 17:23:24,365 33748 DEBUG odoo odoo.modules.loading: Module web_unsplash loaded in 0.01s, 0 queries 
2025-03-18 17:23:24,365 33748 DEBUG odoo odoo.modules.loading: Loading module partner_autocomplete (29/38) 
2025-03-18 17:23:24,375 33748 DEBUG odoo odoo.modules.loading: Module partner_autocomplete loaded in 0.01s, 0 queries 
2025-03-18 17:23:24,375 33748 DEBUG odoo odoo.modules.loading: Loading module portal (30/38) 
2025-03-18 17:23:24,392 33748 DEBUG odoo odoo.modules.loading: Module portal loaded in 0.02s, 0 queries 
2025-03-18 17:23:24,392 33748 DEBUG odoo odoo.modules.loading: Loading module sms (31/38) 
2025-03-18 17:23:24,414 33748 DEBUG odoo odoo.modules.loading: Module sms loaded in 0.02s, 0 queries 
2025-03-18 17:23:24,414 33748 DEBUG odoo odoo.modules.loading: Loading module snailmail (32/38) 
2025-03-18 17:23:24,426 33748 DEBUG odoo odoo.modules.loading: Module snailmail loaded in 0.01s, 0 queries 
2025-03-18 17:23:24,426 33748 DEBUG odoo odoo.modules.loading: Loading module auth_totp_portal (33/38) 
2025-03-18 17:23:24,428 33748 DEBUG odoo odoo.modules.loading: Module auth_totp_portal loaded in 0.00s, 0 queries 
2025-03-18 17:23:24,428 33748 DEBUG odoo odoo.modules.loading: Loading module digest (34/38) 
2025-03-18 17:23:24,435 33748 DEBUG odoo odoo.modules.loading: Module digest loaded in 0.01s, 0 queries 
2025-03-18 17:23:24,435 33748 DEBUG odoo odoo.modules.loading: Loading module hr (35/38) 
2025-03-18 17:23:24,458 33748 WARNING odoo odoo.models: The model nursery.plant has no _description 
2025-03-18 17:23:24,464 33748 WARNING odoo odoo.models: The model nursery.customer has no _description 
2025-03-18 17:23:24,464 33748 WARNING odoo odoo.models: The model nursery.order has no _description 
2025-03-18 17:23:24,465 33748 DEBUG odoo odoo.modules.loading: Module hr loaded in 0.03s, 0 queries 
2025-03-18 17:23:24,465 33748 DEBUG odoo odoo.modules.loading: Loading module hr_org_chart (36/38) 
2025-03-18 17:23:24,471 33748 DEBUG odoo odoo.modules.loading: Module hr_org_chart loaded in 0.01s, 0 queries 
2025-03-18 17:23:24,471 33748 DEBUG odoo odoo.modules.loading: Loading module hr_skills (37/38) 
2025-03-18 17:23:24,488 33748 DEBUG odoo odoo.modules.loading: Module hr_skills loaded in 0.02s, 0 queries 
2025-03-18 17:23:24,488 33748 DEBUG odoo odoo.modules.loading: Loading module mail_bot_hr (38/38) 
2025-03-18 17:23:24,489 33748 DEBUG odoo odoo.modules.loading: Module mail_bot_hr loaded in 0.00s, 0 queries 
2025-03-18 17:23:24,489 33748 INFO odoo odoo.modules.loading: 38 modules loaded in 0.98s, 0 queries (+0 extra) 
2025-03-18 17:23:24,694 33748 DEBUG odoo odoo.modules.registry: Invalidating templates model caches from write C:\odoo\odoo\odoo\addons\base\models\ir_ui_view.py:533 
2025-03-18 17:23:24,708 33748 DEBUG odoo odoo.modules.registry: Invalidating templates model caches from write C:\odoo\odoo\odoo\addons\base\models\ir_ui_view.py:533 
2025-03-18 17:23:25,089 33748 INFO odoo odoo.modules.loading: Modules loaded. 
2025-03-18 17:23:25,106 33748 INFO odoo odoo.modules.registry: Registry changed, signaling through the database 
2025-03-18 17:23:25,110 33748 INFO odoo odoo.modules.registry: Registry loaded in 3.096s 
2025-03-18 17:23:25,114 33748 DEBUG odoo odoo.service.server: cron0 started! 
2025-03-18 17:23:25,115 33748 DEBUG odoo odoo.service.server: cron1 started! 
2025-03-18 17:23:25,116 33748 INFO odoo odoo.addons.base.models.ir_http: Generating routing map for key None 
2025-03-18 17:23:25,242 33748 INFO odoo werkzeug: 127.0.0.1 - - [18/Mar/2025 17:23:25] "GET /websocket?version=18.0-3 HTTP/1.1" 101 - 6 0.007 2.981
2025-03-18 17:23:25,634 33748 INFO ? odoo.addons.bus.models.bus: Bus.loop listen imbus on db postgres 
2025-03-18 17:24:25,189 33748 DEBUG ? odoo.service.server: cron0 polling for jobs 
2025-03-18 17:24:26,233 33748 DEBUG ? odoo.service.server: cron1 polling for jobs 
2025-03-18 17:25:09,087 40516 DEBUG ? odoo.netsvc: logger level set: "odoo.http.rpc.request:INFO" 
2025-03-18 17:25:09,088 40516 DEBUG ? odoo.netsvc: logger level set: "odoo.http.rpc.response:INFO" 
2025-03-18 17:25:09,088 40516 DEBUG ? odoo.netsvc: logger level set: ":INFO" 
2025-03-18 17:25:09,088 40516 DEBUG ? odoo.netsvc: logger level set: "odoo:DEBUG" 
2025-03-18 17:25:09,088 40516 DEBUG ? odoo.netsvc: logger level set: "odoo.sql_db:INFO" 
2025-03-18 17:25:09,088 40516 DEBUG ? odoo.netsvc: logger level set: ":INFO" 
2025-03-18 17:25:09,088 40516 INFO ? odoo: Odoo version 18.0 
2025-03-18 17:25:09,088 40516 INFO ? odoo: Using configuration file at C:\odoo\odoo\odoo.conf 
2025-03-18 17:25:09,088 40516 INFO ? odoo: addons paths: ['C:\\odoo\\odoo\\odoo\\addons', 'c:\\users\\georg\\appdata\\local\\openerp s.a\\odoo\\addons\\18.0', 'c:\\odoo\\odoo\\addons_extra', 'c:\\odoo\\odoo\\addons', 'c:\\odoo\\odoo\\odoo\\addons'] 
2025-03-18 17:25:09,088 40516 INFO ? odoo: database: odoo@default:default 
2025-03-18 17:25:09,382 40516 INFO ? odoo.addons.base.models.ir_actions_report: You need Wkhtmltopdf to print a pdf version of the reports. 
2025-03-18 17:25:09,389 40516 INFO ? odoo.addons.base.models.ir_actions_report: You need Wkhtmltoimage to generate images from html. 
2025-03-18 17:25:09,785 40516 DEBUG ? odoo.service.server: Setting signal handlers 
2025-03-18 17:25:09,789 40516 INFO ? odoo.service.server: HTTP service (werkzeug) running on GLO:8069 
2025-03-18 17:25:09,872 40516 DEBUG odoo odoo.modules.registry: Multiprocess load registry signaling: [Registry: 55] [Cache default: 2] [Cache assets: 1] [Cache templates: 1] [Cache routing: 1] [Cache groups: 1] 
2025-03-18 17:25:09,882 40516 INFO odoo odoo.modules.loading: loading 1 modules... 
2025-03-18 17:25:09,882 40516 DEBUG odoo odoo.modules.loading: Loading module base (1/1) 
2025-03-18 17:25:09,888 40516 DEBUG odoo odoo.modules.loading: Module base loaded in 0.01s, 0 queries 
2025-03-18 17:25:09,888 40516 INFO odoo odoo.modules.loading: 1 modules loaded in 0.01s, 0 queries (+0 extra) 
2025-03-18 17:25:09,898 40516 DEBUG ? odoo.http: HTTP sessions stored in: c:\users\georg\appdata\local\openerp s.a\odoo\sessions 
2025-03-18 17:25:09,929 40516 INFO odoo odoo.modules.loading: updating modules list 
2025-03-18 17:25:09,935 40516 INFO odoo odoo.addons.base.models.ir_module: ALLOW access to module.update_list on [] to user __system__ #1 via n/a 
2025-03-18 17:25:09,968 40516 DEBUG ? odoo.modules.module: module __init__.py: no manifest file found ('__manifest__.py', '__openerp__.py') 
2025-03-18 17:25:09,969 40516 DEBUG ? odoo.modules.module: module __pycache__: no manifest file found ('__manifest__.py', '__openerp__.py') 
2025-03-18 17:25:09,992 40516 WARNING ? odoo.modules.module: Missing `license` key in manifest for 'nursery', defaulting to LGPL-3 
2025-03-18 17:25:09,993 40516 WARNING ? odoo.modules.module: Missing `license` key in manifest for 'plant_nursery', defaulting to LGPL-3 
2025-03-18 17:25:11,046 40516 DEBUG ? odoo.modules.module: module website_twitter: no manifest file found ('__manifest__.py', '__openerp__.py') 
2025-03-18 17:25:11,048 40516 WARNING odoo odoo.modules.loading: invalid module names, ignored:  Plant Nursery 
2025-03-18 17:25:11,066 40516 DEBUG odoo odoo.modules.loading: Updating graph with 37 more modules 
2025-03-18 17:25:11,067 40516 INFO odoo odoo.modules.loading: loading 38 modules... 
2025-03-18 17:25:11,067 40516 DEBUG odoo odoo.modules.loading: Loading module estate (2/38) 
2025-03-18 17:25:11,076 40516 DEBUG odoo odoo.modules.loading: Module estate loaded in 0.01s, 0 queries 
2025-03-18 17:25:11,077 40516 DEBUG odoo odoo.modules.loading: Loading module web (3/38) 
2025-03-18 17:25:11,079 40516 DEBUG odoo odoo.modules.loading: Module web loaded in 0.00s, 0 queries 
2025-03-18 17:25:11,079 40516 DEBUG odoo odoo.modules.loading: Loading module auth_totp (4/38) 
2025-03-18 17:25:11,130 40516 DEBUG odoo odoo.modules.loading: Module auth_totp loaded in 0.05s, 0 queries 
2025-03-18 17:25:11,130 40516 DEBUG odoo odoo.modules.loading: Loading module base_import (5/38) 
2025-03-18 17:25:11,472 40516 DEBUG odoo odoo.modules.loading: Module base_import loaded in 0.34s, 0 queries 
2025-03-18 17:25:11,472 40516 DEBUG odoo odoo.modules.loading: Loading module base_import_module (6/38) 
2025-03-18 17:25:11,482 40516 DEBUG odoo odoo.modules.loading: Module base_import_module loaded in 0.01s, 0 queries 
2025-03-18 17:25:11,482 40516 DEBUG odoo odoo.modules.loading: Loading module base_setup (7/38) 
2025-03-18 17:25:11,489 40516 DEBUG odoo odoo.modules.loading: Module base_setup loaded in 0.01s, 0 queries 
2025-03-18 17:25:11,489 40516 DEBUG odoo odoo.modules.loading: Loading module bus (8/38) 
2025-03-18 17:25:11,518 40516 DEBUG odoo odoo.modules.loading: Module bus loaded in 0.03s, 0 queries 
2025-03-18 17:25:11,518 40516 DEBUG odoo odoo.modules.loading: Loading module http_routing (9/38) 
2025-03-18 17:25:11,531 40516 DEBUG odoo odoo.modules.loading: Module http_routing loaded in 0.01s, 0 queries 
2025-03-18 17:25:11,531 40516 DEBUG odoo odoo.modules.loading: Loading module nursery (10/38) 
2025-03-18 17:25:11,538 40516 DEBUG odoo odoo.modules.loading: Module nursery loaded in 0.01s, 0 queries 
2025-03-18 17:25:11,538 40516 DEBUG odoo odoo.modules.loading: Loading module plant_nursery (11/38) 
2025-03-18 17:25:11,548 40516 WARNING odoo odoo.models: The model nursery.plant has no _description 
2025-03-18 17:25:11,548 40516 WARNING odoo odoo.models: The model nursery.customer has no _description 
2025-03-18 17:25:11,548 40516 WARNING odoo odoo.models: The model nursery.order has no _description 
2025-03-18 17:25:11,548 40516 DEBUG odoo odoo.modules.loading: Module plant_nursery loaded in 0.01s, 0 queries 
2025-03-18 17:25:11,548 40516 DEBUG odoo odoo.modules.loading: Loading module resource (12/38) 
2025-03-18 17:25:11,578 40516 DEBUG odoo odoo.modules.loading: Module resource loaded in 0.03s, 0 queries 
2025-03-18 17:25:11,578 40516 DEBUG odoo odoo.modules.loading: Loading module web_hierarchy (13/38) 
2025-03-18 17:25:11,584 40516 WARNING odoo odoo.models: The model nursery.plant has no _description 
2025-03-18 17:25:11,584 40516 WARNING odoo odoo.models: The model nursery.customer has no _description 
2025-03-18 17:25:11,584 40516 WARNING odoo odoo.models: The model nursery.order has no _description 
2025-03-18 17:25:11,584 40516 DEBUG odoo odoo.modules.loading: Module web_hierarchy loaded in 0.01s, 0 queries 
2025-03-18 17:25:11,584 40516 DEBUG odoo odoo.modules.loading: Loading module web_tour (14/38) 
2025-03-18 17:25:11,595 40516 DEBUG odoo odoo.modules.loading: Module web_tour loaded in 0.01s, 0 queries 
2025-03-18 17:25:11,595 40516 DEBUG odoo odoo.modules.loading: Loading module html_editor (15/38) 
2025-03-18 17:25:11,842 40516 DEBUG odoo odoo.modules.loading: Module html_editor loaded in 0.25s, 0 queries 
2025-03-18 17:25:11,842 40516 DEBUG odoo odoo.modules.loading: Loading module iap (16/38) 
2025-03-18 17:25:11,843 40516 DEBUG odoo odoo.modules.loading: Module iap loaded in 0.00s, 0 queries 
2025-03-18 17:25:11,843 40516 DEBUG odoo odoo.modules.loading: Loading module mail (17/38) 
2025-03-18 17:25:11,845 40516 WARNING odoo odoo.models: The model nursery.plant has no _description 
2025-03-18 17:25:11,845 40516 WARNING odoo odoo.models: The model nursery.customer has no _description 
2025-03-18 17:25:11,845 40516 WARNING odoo odoo.models: The model nursery.order has no _description 
2025-03-18 17:25:11,849 40516 DEBUG odoo odoo.modules.loading: Module mail loaded in 0.01s, 0 queries 
2025-03-18 17:25:11,849 40516 DEBUG odoo odoo.modules.loading: Loading module web_editor (18/38) 
2025-03-18 17:25:11,880 40516 WARNING odoo odoo.models: The model nursery.plant has no _description 
2025-03-18 17:25:11,881 40516 WARNING odoo odoo.models: The model nursery.customer has no _description 
2025-03-18 17:25:11,881 40516 WARNING odoo odoo.models: The model nursery.order has no _description 
2025-03-18 17:25:11,882 40516 WARNING odoo odoo.models: The model nursery.plant has no _description 
2025-03-18 17:25:11,882 40516 WARNING odoo odoo.models: The model nursery.customer has no _description 
2025-03-18 17:25:11,882 40516 WARNING odoo odoo.models: The model nursery.order has no _description 
2025-03-18 17:25:11,883 40516 DEBUG odoo odoo.modules.loading: Module web_editor loaded in 0.03s, 0 queries 
2025-03-18 17:25:11,883 40516 DEBUG odoo odoo.modules.loading: Loading module auth_signup (19/38) 
2025-03-18 17:25:11,890 40516 DEBUG odoo odoo.modules.loading: Module auth_signup loaded in 0.01s, 0 queries 
2025-03-18 17:25:11,890 40516 DEBUG odoo odoo.modules.loading: Loading module auth_totp_mail (20/38) 
2025-03-18 17:25:11,895 40516 DEBUG odoo odoo.modules.loading: Module auth_totp_mail loaded in 0.00s, 0 queries 
2025-03-18 17:25:11,895 40516 DEBUG odoo odoo.modules.loading: Loading module base_install_request (21/38) 
2025-03-18 17:25:11,899 40516 DEBUG odoo odoo.modules.loading: Module base_install_request loaded in 0.00s, 0 queries 
2025-03-18 17:25:11,899 40516 DEBUG odoo odoo.modules.loading: Loading module google_gmail (22/38) 
2025-03-18 17:25:11,907 40516 DEBUG odoo odoo.modules.loading: Module google_gmail loaded in 0.01s, 0 queries 
2025-03-18 17:25:11,908 40516 DEBUG odoo odoo.modules.loading: Loading module iap_mail (23/38) 
2025-03-18 17:25:11,911 40516 DEBUG odoo odoo.modules.loading: Module iap_mail loaded in 0.00s, 0 queries 
2025-03-18 17:25:11,911 40516 DEBUG odoo odoo.modules.loading: Loading module mail_bot (24/38) 
2025-03-18 17:25:11,917 40516 DEBUG odoo odoo.modules.loading: Module mail_bot loaded in 0.01s, 0 queries 
2025-03-18 17:25:11,918 40516 DEBUG odoo odoo.modules.loading: Loading module phone_validation (25/38) 
2025-03-18 17:25:11,932 40516 WARNING odoo odoo.models: The model nursery.plant has no _description 
2025-03-18 17:25:11,932 40516 WARNING odoo odoo.models: The model nursery.customer has no _description 
2025-03-18 17:25:11,932 40516 WARNING odoo odoo.models: The model nursery.order has no _description 
2025-03-18 17:25:11,933 40516 DEBUG odoo odoo.modules.loading: Module phone_validation loaded in 0.01s, 0 queries 
2025-03-18 17:25:11,933 40516 DEBUG odoo odoo.modules.loading: Loading module privacy_lookup (26/38) 
2025-03-18 17:25:11,939 40516 DEBUG odoo odoo.modules.loading: Module privacy_lookup loaded in 0.01s, 0 queries 
2025-03-18 17:25:11,939 40516 DEBUG odoo odoo.modules.loading: Loading module resource_mail (27/38) 
2025-03-18 17:25:11,941 40516 DEBUG odoo odoo.modules.loading: Module resource_mail loaded in 0.00s, 0 queries 
2025-03-18 17:25:11,941 40516 DEBUG odoo odoo.modules.loading: Loading module web_unsplash (28/38) 
2025-03-18 17:25:11,947 40516 DEBUG odoo odoo.modules.loading: Module web_unsplash loaded in 0.01s, 0 queries 
2025-03-18 17:25:11,947 40516 DEBUG odoo odoo.modules.loading: Loading module partner_autocomplete (29/38) 
2025-03-18 17:25:11,956 40516 DEBUG odoo odoo.modules.loading: Module partner_autocomplete loaded in 0.01s, 0 queries 
2025-03-18 17:25:11,956 40516 DEBUG odoo odoo.modules.loading: Loading module portal (30/38) 
2025-03-18 17:25:11,977 40516 DEBUG odoo odoo.modules.loading: Module portal loaded in 0.02s, 0 queries 
2025-03-18 17:25:11,977 40516 DEBUG odoo odoo.modules.loading: Loading module sms (31/38) 
2025-03-18 17:25:12,014 40516 DEBUG odoo odoo.modules.loading: Module sms loaded in 0.04s, 0 queries 
2025-03-18 17:25:12,014 40516 DEBUG odoo odoo.modules.loading: Loading module snailmail (32/38) 
2025-03-18 17:25:12,031 40516 DEBUG odoo odoo.modules.loading: Module snailmail loaded in 0.02s, 0 queries 
2025-03-18 17:25:12,031 40516 DEBUG odoo odoo.modules.loading: Loading module auth_totp_portal (33/38) 
2025-03-18 17:25:12,036 40516 DEBUG odoo odoo.modules.loading: Module auth_totp_portal loaded in 0.00s, 0 queries 
2025-03-18 17:25:12,037 40516 DEBUG odoo odoo.modules.loading: Loading module digest (34/38) 
2025-03-18 17:25:12,045 40516 DEBUG odoo odoo.modules.loading: Module digest loaded in 0.01s, 0 queries 
2025-03-18 17:25:12,045 40516 DEBUG odoo odoo.modules.loading: Loading module hr (35/38) 
2025-03-18 17:25:12,075 40516 WARNING odoo odoo.models: The model nursery.plant has no _description 
2025-03-18 17:25:12,075 40516 WARNING odoo odoo.models: The model nursery.customer has no _description 
2025-03-18 17:25:12,075 40516 WARNING odoo odoo.models: The model nursery.order has no _description 
2025-03-18 17:25:12,077 40516 DEBUG odoo odoo.modules.loading: Module hr loaded in 0.03s, 0 queries 
2025-03-18 17:25:12,077 40516 DEBUG odoo odoo.modules.loading: Loading module hr_org_chart (36/38) 
2025-03-18 17:25:12,083 40516 DEBUG odoo odoo.modules.loading: Module hr_org_chart loaded in 0.01s, 0 queries 
2025-03-18 17:25:12,083 40516 DEBUG odoo odoo.modules.loading: Loading module hr_skills (37/38) 
2025-03-18 17:25:12,101 40516 DEBUG odoo odoo.modules.loading: Module hr_skills loaded in 0.02s, 0 queries 
2025-03-18 17:25:12,101 40516 DEBUG odoo odoo.modules.loading: Loading module mail_bot_hr (38/38) 
2025-03-18 17:25:12,103 40516 DEBUG odoo odoo.modules.loading: Module mail_bot_hr loaded in 0.00s, 0 queries 
2025-03-18 17:25:12,103 40516 INFO odoo odoo.modules.loading: 38 modules loaded in 1.04s, 0 queries (+0 extra) 
2025-03-18 17:25:12,393 40516 DEBUG odoo odoo.modules.registry: Invalidating templates model caches from write C:\odoo\odoo\odoo\addons\base\models\ir_ui_view.py:533 
2025-03-18 17:25:12,406 40516 DEBUG odoo odoo.modules.registry: Invalidating templates model caches from write C:\odoo\odoo\odoo\addons\base\models\ir_ui_view.py:533 
2025-03-18 17:25:12,927 40516 INFO odoo odoo.modules.loading: Modules loaded. 
2025-03-18 17:25:12,937 40516 INFO odoo odoo.modules.registry: Registry changed, signaling through the database 
2025-03-18 17:25:12,938 40516 INFO odoo odoo.modules.registry: Registry loaded in 3.144s 
2025-03-18 17:25:12,941 40516 DEBUG odoo odoo.service.server: cron0 started! 
2025-03-18 17:25:12,942 40516 DEBUG odoo odoo.service.server: cron1 started! 
2025-03-18 17:25:12,943 40516 INFO odoo odoo.addons.base.models.ir_http: Generating routing map for key None 
2025-03-18 17:25:13,074 40516 DEBUG odoo odoo.api: call ir.demo_failure.wizard(1,).done() 
2025-03-18 17:25:13,075 40516 INFO odoo odoo.addons.base.models.ir_module: getting next ir.actions.todo() 
2025-03-18 17:25:13,089 40516 INFO odoo werkzeug: 127.0.0.1 - - [18/Mar/2025 17:25:13] "POST /web/dataset/call_button/ir.demo_failure.wizard/done HTTP/1.1" 200 - 10 0.015 3.178
2025-03-18 17:25:13,403 40516 WARNING odoo odoo.modules.module: Missing `license` key in manifest for 'plant_nursery', defaulting to LGPL-3 
2025-03-18 17:25:13,418 40516 WARNING odoo odoo.modules.module: Missing `license` key in manifest for 'nursery', defaulting to LGPL-3 
2025-03-18 17:25:14,259 40516 INFO odoo werkzeug: 127.0.0.1 - - [18/Mar/2025 17:25:14] "GET /odoo HTTP/1.1" 200 - 87 0.073 1.065
2025-03-18 17:25:14,676 40516 INFO odoo werkzeug: 127.0.0.1 - - [18/Mar/2025 17:25:14] "GET /web/webclient/load_menus/2c9573d19f459444d4ae43c47823cac8f2091d8126c41ac056b08530a2123ab3 HTTP/1.1" 200 - 104 0.055 0.317
2025-03-18 17:25:14,682 40516 INFO odoo werkzeug: 127.0.0.1 - - [18/Mar/2025 17:25:14] "GET /web/webclient/translations/1b82019e253a6281f587553befd6b11cd048ca26?lang=en_US HTTP/1.1" 200 - 1 0.004 0.054
2025-03-18 17:25:14,913 40516 INFO odoo werkzeug: 127.0.0.1 - - [18/Mar/2025 17:25:14] "POST /web/action/load HTTP/1.1" 200 - 6 0.003 0.028
2025-03-18 17:25:15,243 40516 INFO odoo werkzeug: 127.0.0.1 - - [18/Mar/2025 17:25:15] "POST /mail/data HTTP/1.1" 200 - 35 0.082 0.078
2025-03-18 17:25:15,246 40516 INFO odoo werkzeug: 127.0.0.1 - - [18/Mar/2025 17:25:15] "GET /websocket?version=18.0-3 HTTP/1.1" 101 - 1 0.006 0.153
2025-03-18 17:25:15,258 40516 INFO odoo werkzeug: 127.0.0.1 - - [18/Mar/2025 17:25:15] "GET /web/manifest.webmanifest HTTP/1.1" 200 - 9 0.035 0.137
2025-03-18 17:25:15,330 40516 INFO ? odoo.addons.bus.models.bus: Bus.loop listen imbus on db postgres 
2025-03-18 17:25:15,381 40516 INFO odoo werkzeug: 127.0.0.1 - - [18/Mar/2025 17:25:15] "GET /web/image?model=res.users&field=avatar_128&id=2 HTTP/1.1" 304 - 13 0.038 0.055
2025-03-18 17:25:15,422 40516 INFO odoo werkzeug: 127.0.0.1 - - [18/Mar/2025 17:25:15] "POST /mail/data HTTP/1.1" 200 - 66 0.193 0.146
2025-03-18 17:25:15,819 40516 INFO odoo werkzeug: 127.0.0.1 - - [18/Mar/2025 17:25:15] "POST /mail/inbox/messages HTTP/1.1" 200 - 5 0.008 0.002
2025-03-18 17:25:17,084 40516 INFO odoo werkzeug: 127.0.0.1 - - [18/Mar/2025 17:25:17] "GET /web/service-worker.js HTTP/1.1" 200 - 1 0.001 0.004
2025-03-18 17:25:21,854 40516 INFO odoo werkzeug: 127.0.0.1 - - [18/Mar/2025 17:25:21] "POST /web/action/load HTTP/1.1" 200 - 9 0.008 0.016
2025-03-18 17:25:25,451 40516 INFO odoo werkzeug: 127.0.0.1 - - [18/Mar/2025 17:25:25] "POST /web/action/load HTTP/1.1" 200 - 9 0.005 0.025
2025-03-18 17:25:33,136 40516 INFO odoo werkzeug: 127.0.0.1 - - [18/Mar/2025 17:25:33] "POST /web/action/load HTTP/1.1" 200 - 10 0.003 0.028
2025-03-18 17:25:33,361 40516 DEBUG odoo odoo.api: call ir.module.module().get_views(options={'action_id': 39, 'embedded_action_id': False, 'embedded_parent_res_id': False, 'load_filters': True, 'toolbar': True}, views=[[False, 'kanban'], [False, 'list'], [False, 'form'], [95, 'search']]) 
2025-03-18 17:25:33,558 40516 INFO odoo werkzeug: 127.0.0.1 - - [18/Mar/2025 17:25:33] "POST /web/dataset/call_kw/ir.module.module/get_views HTTP/1.1" 200 - 56 0.044 0.161
2025-03-18 17:25:33,576 40516 DEBUG odoo odoo.api: call ir.module.module().search_panel_select_range('module_type', category_domain=[], enable_counters=False, expand=True, filter_domain=[], hierarchize=True, limit=200, search_domain=[['application', '=', True]]) 
2025-03-18 17:25:33,577 40516 INFO odoo werkzeug: 127.0.0.1 - - [18/Mar/2025 17:25:33] "POST /web/dataset/call_kw/ir.module.module/search_panel_select_range HTTP/1.1" 200 - 1 0.001 0.007
2025-03-18 17:25:33,872 40516 DEBUG odoo odoo.api: call ir.module.module().search_panel_select_range('category_id', category_domain=[], enable_counters=True, expand=False, filter_domain=[], hierarchize=True, limit=200, search_domain=[['application', '=', True]]) 
2025-03-18 17:25:33,893 40516 DEBUG odoo odoo.api: call ir.module.module().web_search_read(count_limit=10001, domain=[['application', '=', True]], limit=80, offset=0, order='', specification={'to_buy': {}, 'name': {}, 'state': {}, 'summary': {}, 'website': {}, 'application': {}, 'module_type': {}, 'icon': {}, 'icon_flag': {}, 'shortdesc': {}}) 
2025-03-18 17:25:33,906 40516 DEBUG odoo odoo.modules.module: module mrp_workorder: no manifest file found ('__manifest__.py', '__openerp__.py') 
2025-03-18 17:25:33,914 40516 DEBUG odoo odoo.modules.module: module accountant: no manifest file found ('__manifest__.py', '__openerp__.py') 
2025-03-18 17:25:33,914 40516 DEBUG odoo odoo.modules.module: module knowledge: no manifest file found ('__manifest__.py', '__openerp__.py') 
2025-03-18 17:25:33,928 40516 DEBUG odoo odoo.modules.module: module timesheet_grid: no manifest file found ('__manifest__.py', '__openerp__.py') 
2025-03-18 17:25:33,931 40516 DEBUG odoo odoo.modules.module: module web_studio: no manifest file found ('__manifest__.py', '__openerp__.py') 
2025-03-18 17:25:33,934 40516 INFO odoo werkzeug: 127.0.0.1 - - [18/Mar/2025 17:25:33] "POST /web/dataset/call_kw/ir.module.module/search_panel_select_range HTTP/1.1" 200 - 57 0.032 0.030
2025-03-18 17:25:33,934 40516 DEBUG odoo odoo.modules.module: module industry_fsm: no manifest file found ('__manifest__.py', '__openerp__.py') 
2025-03-18 17:25:33,942 40516 DEBUG odoo odoo.modules.module: module sign: no manifest file found ('__manifest__.py', '__openerp__.py') 
2025-03-18 17:25:33,943 40516 DEBUG odoo odoo.modules.module: module helpdesk: no manifest file found ('__manifest__.py', '__openerp__.py') 
2025-03-18 17:25:33,944 40516 DEBUG odoo odoo.modules.module: module sale_subscription: no manifest file found ('__manifest__.py', '__openerp__.py') 
2025-03-18 17:25:33,944 40516 DEBUG odoo odoo.modules.module: module quality_control: no manifest file found ('__manifest__.py', '__openerp__.py') 
2025-03-18 17:25:33,945 40516 DEBUG odoo odoo.modules.module: module planning: no manifest file found ('__manifest__.py', '__openerp__.py') 
2025-03-18 17:25:33,947 40516 DEBUG odoo odoo.modules.module: module mrp_plm: no manifest file found ('__manifest__.py', '__openerp__.py') 
2025-03-18 17:25:33,948 40516 DEBUG odoo odoo.modules.module: module social: no manifest file found ('__manifest__.py', '__openerp__.py') 
2025-03-18 17:25:33,948 40516 DEBUG odoo odoo.modules.module: module hr_appraisal: no manifest file found ('__manifest__.py', '__openerp__.py') 
2025-03-18 17:25:33,950 40516 DEBUG odoo odoo.modules.module: module marketing_automation: no manifest file found ('__manifest__.py', '__openerp__.py') 
2025-03-18 17:25:33,952 40516 DEBUG odoo odoo.modules.module: module appointment: no manifest file found ('__manifest__.py', '__openerp__.py') 
2025-03-18 17:25:33,952 40516 DEBUG odoo odoo.modules.module: module web_mobile: no manifest file found ('__manifest__.py', '__openerp__.py') 
2025-03-18 17:25:33,956 40516 DEBUG odoo odoo.modules.module: module stock_barcode: no manifest file found ('__manifest__.py', '__openerp__.py') 
2025-03-18 17:25:33,958 40516 DEBUG odoo odoo.modules.module: module voip: no manifest file found ('__manifest__.py', '__openerp__.py') 
2025-03-18 17:25:33,959 40516 DEBUG odoo odoo.modules.module: module sale_amazon: no manifest file found ('__manifest__.py', '__openerp__.py') 
2025-03-18 17:25:33,966 40516 INFO odoo werkzeug: 127.0.0.1 - - [18/Mar/2025 17:25:33] "POST /web/dataset/call_kw/ir.module.module/web_search_read HTTP/1.1" 200 - 3 0.009 0.068
2025-03-18 17:25:45,276 40516 DEBUG odoo odoo.api: call ir.module.module().search_panel_select_range('category_id', category_domain=[], enable_counters=True, expand=False, filter_domain=[], hierarchize=True, limit=200, search_domain=['&', ['application', '=', True], '|', '|', ['summary', 'ilike', 'Traceback (most recent call last): File "C:\\odoo\\odoo\\odoo\\modules\\loading.py", line 89, in load_demo load_data(env(su=True), idref, mode, kind=\'demo\', package=package) File "C:\\odoo\\odoo\\odoo\\modules\\loading.py", line 71, in load_data tools.convert_file(env, package.name, filename, idref, mode, noupdate, kind) File "C:\\odoo\\odoo\\odoo\\tools\\convert.py", line 602, in convert_file with file_open(pathname, \'rb\') as fp: ^^^^^^^^^^^^^^^^^^^^^^^^^ File "C:\\odoo\\odoo\\odoo\\tools\\misc.py", line 248, in file_open path = file_path(name, filter_ext=filter_ext, env=env) ^^^^^^^^^^^^^^^^^^^^^^^^^^^^^^^^^^^^^^^^^^^^^^^ File "C:\\odoo\\odoo\\odoo\\tools\\misc.py", line 226, in file_path raise FileNotFoundError("File not found: " + file_path) FileNotFoundError: File not found: nursery\\data/demo.xml'], ['shortdesc', 'ilike', 'Traceback (most recent call last): File "C:\\odoo\\odoo\\odoo\\modules\\loading.py", line 89, in load_demo load_data(env(su=True), idref, mode, kind=\'demo\', package=package) File "C:\\odoo\\odoo\\odoo\\modules\\loading.py", line 71, in load_data tools.convert_file(env, package.name, filename, idref, mode, noupdate, kind) File "C:\\odoo\\odoo\\odoo\\tools\\convert.py", line 602, in convert_file with file_open(pathname, \'rb\') as fp: ^^^^^^^^^^^^^^^^^^^^^^^^^ File "C:\\odoo\\odoo\\odoo\\tools\\misc.py", line 248, in file_open path = file_path(name, filter_ext=filter_ext, env=env) ^^^^^^^^^^^^^^^^^^^^^^^^^^^^^^^^^^^^^^^^^^^^^^^ File "C:\\odoo\\odoo\\odoo\\tools\\misc.py", line 226, in file_path raise FileNotFoundError("File not found: " + file_path) FileNotFoundError: File not found: nursery\\data/demo.xml'], ['name', 'ilike', 'Traceback (most recent call last): File "C:\\odoo\\odoo\\odoo\\modules\\loading.py", line 89, in load_demo load_data(env(su=True), idref, mode, kind=\'demo\', package=package) File "C:\\odoo\\odoo\\odoo\\modules\\loading.py", line 71, in load_data tools.convert_file(env, package.name, filename, idref, mode, noupdate, kind) File "C:\\odoo\\odoo\\odoo\\tools\\convert.py", line 602, in convert_file with file_open(pathname, \'rb\') as fp: ^^^^^^^^^^^^^^^^^^^^^^^^^ File "C:\\odoo\\odoo\\odoo\\tools\\misc.py", line 248, in file_open path = file_path(name, filter_ext=filter_ext, env=env) ^^^^^^^^^^^^^^^^^^^^^^^^^^^^^^^^^^^^^^^^^^^^^^^ File "C:\\odoo\\odoo\\odoo\\tools\\misc.py", line 226, in file_path raise FileNotFoundError("File not found: " + file_path) FileNotFoundError: File not found: nursery\\data/demo.xml']]) 
2025-03-18 17:25:45,439 40516 INFO odoo werkzeug: 127.0.0.1 - - [18/Mar/2025 17:25:45] "POST /web/dataset/call_kw/ir.module.module/search_panel_select_range HTTP/1.1" 200 - 54 0.135 0.034
2025-03-18 17:25:45,555 40516 DEBUG odoo odoo.api: call ir.module.module().web_search_read(count_limit=10001, domain=['&', ['application', '=', True], '|', '|', ['summary', 'ilike', 'Traceback (most recent call last): File "C:\\odoo\\odoo\\odoo\\modules\\loading.py", line 89, in load_demo load_data(env(su=True), idref, mode, kind=\'demo\', package=package) File "C:\\odoo\\odoo\\odoo\\modules\\loading.py", line 71, in load_data tools.convert_file(env, package.name, filename, idref, mode, noupdate, kind) File "C:\\odoo\\odoo\\odoo\\tools\\convert.py", line 602, in convert_file with file_open(pathname, \'rb\') as fp: ^^^^^^^^^^^^^^^^^^^^^^^^^ File "C:\\odoo\\odoo\\odoo\\tools\\misc.py", line 248, in file_open path = file_path(name, filter_ext=filter_ext, env=env) ^^^^^^^^^^^^^^^^^^^^^^^^^^^^^^^^^^^^^^^^^^^^^^^ File "C:\\odoo\\odoo\\odoo\\tools\\misc.py", line 226, in file_path raise FileNotFoundError("File not found: " + file_path) FileNotFoundError: File not found: nursery\\data/demo.xml'], ['shortdesc', 'ilike', 'Traceback (most recent call last): File "C:\\odoo\\odoo\\odoo\\modules\\loading.py", line 89, in load_demo load_data(env(su=True), idref, mode, kind=\'demo\', package=package) File "C:\\odoo\\odoo\\odoo\\modules\\loading.py", line 71, in load_data tools.convert_file(env, package.name, filename, idref, mode, noupdate, kind) File "C:\\odoo\\odoo\\odoo\\tools\\convert.py", line 602, in convert_file with file_open(pathname, \'rb\') as fp: ^^^^^^^^^^^^^^^^^^^^^^^^^ File "C:\\odoo\\odoo\\odoo\\tools\\misc.py", line 248, in file_open path = file_path(name, filter_ext=filter_ext, env=env) ^^^^^^^^^^^^^^^^^^^^^^^^^^^^^^^^^^^^^^^^^^^^^^^ File "C:\\odoo\\odoo\\odoo\\tools\\misc.py", line 226, in file_path raise FileNotFoundError("File not found: " + file_path) FileNotFoundError: File not found: nursery\\data/demo.xml'], ['name', 'ilike', 'Traceback (most recent call last): File "C:\\odoo\\odoo\\odoo\\modules\\loading.py", line 89, in load_demo load_data(env(su=True), idref, mode, kind=\'demo\', package=package) File "C:\\odoo\\odoo\\odoo\\modules\\loading.py", line 71, in load_data tools.convert_file(env, package.name, filename, idref, mode, noupdate, kind) File "C:\\odoo\\odoo\\odoo\\tools\\convert.py", line 602, in convert_file with file_open(pathname, \'rb\') as fp: ^^^^^^^^^^^^^^^^^^^^^^^^^ File "C:\\odoo\\odoo\\odoo\\tools\\misc.py", line 248, in file_open path = file_path(name, filter_ext=filter_ext, env=env) ^^^^^^^^^^^^^^^^^^^^^^^^^^^^^^^^^^^^^^^^^^^^^^^ File "C:\\odoo\\odoo\\odoo\\tools\\misc.py", line 226, in file_path raise FileNotFoundError("File not found: " + file_path) FileNotFoundError: File not found: nursery\\data/demo.xml']], limit=80, offset=0, order='', specification={'to_buy': {}, 'name': {}, 'state': {}, 'summary': {}, 'website': {}, 'application': {}, 'module_type': {}, 'icon': {}, 'icon_flag': {}, 'shortdesc': {}}) 
2025-03-18 17:25:45,564 40516 INFO odoo werkzeug: 127.0.0.1 - - [18/Mar/2025 17:25:45] "POST /web/dataset/call_kw/ir.module.module/web_search_read HTTP/1.1" 200 - 2 0.009 0.008
2025-03-18 17:25:50,067 40516 DEBUG odoo odoo.api: call ir.module.module().search_panel_select_range('category_id', category_domain=[], enable_counters=True, expand=False, filter_domain=[], hierarchize=True, limit=200, search_domain=[['application', '=', True]]) 
2025-03-18 17:25:50,121 40516 INFO odoo werkzeug: 127.0.0.1 - - [18/Mar/2025 17:25:50] "POST /web/dataset/call_kw/ir.module.module/search_panel_select_range HTTP/1.1" 200 - 54 0.026 0.033
2025-03-18 17:25:50,441 40516 DEBUG odoo odoo.api: call ir.module.module().web_search_read(count_limit=10001, domain=[['application', '=', True]], limit=80, offset=0, order='', specification={'to_buy': {}, 'name': {}, 'state': {}, 'summary': {}, 'website': {}, 'application': {}, 'module_type': {}, 'icon': {}, 'icon_flag': {}, 'shortdesc': {}}) 
2025-03-18 17:25:50,483 40516 INFO odoo werkzeug: 127.0.0.1 - - [18/Mar/2025 17:25:50] "POST /web/dataset/call_kw/ir.module.module/web_search_read HTTP/1.1" 200 - 3 0.010 0.037
2025-03-18 17:26:03,988 40516 DEBUG odoo odoo.api: call ir.module.module().search_panel_select_range('category_id', category_domain=[], enable_counters=True, expand=False, filter_domain=[], hierarchize=True, limit=200, search_domain=['&', ['application', '=', True], '|', '|', ['summary', 'ilike', 'Plant Nursery'], ['shortdesc', 'ilike', 'Plant Nursery'], ['name', 'ilike', 'Plant Nursery']]) 
2025-03-18 17:26:04,090 40516 INFO odoo werkzeug: 127.0.0.1 - - [18/Mar/2025 17:26:04] "POST /web/dataset/call_kw/ir.module.module/search_panel_select_range HTTP/1.1" 200 - 54 0.049 0.057
2025-03-18 17:26:04,409 40516 DEBUG odoo odoo.api: call ir.module.module().web_search_read(count_limit=10001, domain=['&', ['application', '=', True], '|', '|', ['summary', 'ilike', 'Plant Nursery'], ['shortdesc', 'ilike', 'Plant Nursery'], ['name', 'ilike', 'Plant Nursery']], limit=80, offset=0, order='', specification={'to_buy': {}, 'name': {}, 'state': {}, 'summary': {}, 'website': {}, 'application': {}, 'module_type': {}, 'icon': {}, 'icon_flag': {}, 'shortdesc': {}}) 
2025-03-18 17:26:04,422 40516 INFO odoo werkzeug: 127.0.0.1 - - [18/Mar/2025 17:26:04] "POST /web/dataset/call_kw/ir.module.module/web_search_read HTTP/1.1" 200 - 3 0.004 0.014
2025-03-18 17:26:13,012 40516 DEBUG ? odoo.service.server: cron0 polling for jobs 
2025-03-18 17:26:14,071 40516 DEBUG ? odoo.service.server: cron1 polling for jobs 
2025-03-18 17:26:35,524 40516 DEBUG odoo odoo.api: call ir.module.module().search_panel_select_range('module_type', category_domain=[], enable_counters=False, expand=True, filter_domain=[], hierarchize=True, limit=200, search_domain=[['application', '=', True]]) 
2025-03-18 17:26:35,525 40516 INFO odoo werkzeug: 127.0.0.1 - - [18/Mar/2025 17:26:35] "POST /web/dataset/call_kw/ir.module.module/search_panel_select_range HTTP/1.1" 200 - 1 0.001 0.004
2025-03-18 17:26:35,831 40516 DEBUG odoo odoo.api: call ir.module.module().search_panel_select_range('category_id', category_domain=[], enable_counters=True, expand=False, filter_domain=[], hierarchize=True, limit=200, search_domain=[['application', '=', True]]) 
2025-03-18 17:26:35,831 40516 DEBUG odoo odoo.api: call ir.module.module().web_search_read(count_limit=10001, domain=[['application', '=', True]], limit=80, offset=0, order='', specification={'to_buy': {}, 'name': {}, 'state': {}, 'summary': {}, 'website': {}, 'application': {}, 'module_type': {}, 'icon': {}, 'icon_flag': {}, 'shortdesc': {}}) 
2025-03-18 17:26:35,878 40516 INFO odoo werkzeug: 127.0.0.1 - - [18/Mar/2025 17:26:35] "POST /web/dataset/call_kw/ir.module.module/search_panel_select_range HTTP/1.1" 200 - 54 0.031 0.025
2025-03-18 17:26:35,895 40516 INFO odoo werkzeug: 127.0.0.1 - - [18/Mar/2025 17:26:35] "POST /web/dataset/call_kw/ir.module.module/web_search_read HTTP/1.1" 200 - 3 0.008 0.064
2025-03-18 17:26:36,786 40516 DEBUG odoo odoo.api: call ir.module.module().search_panel_select_range('module_type', category_domain=[], enable_counters=False, expand=True, filter_domain=[], hierarchize=True, limit=200, search_domain=[['application', '=', True]]) 
2025-03-18 17:26:36,788 40516 INFO odoo werkzeug: 127.0.0.1 - - [18/Mar/2025 17:26:36] "POST /web/dataset/call_kw/ir.module.module/search_panel_select_range HTTP/1.1" 200 - 1 0.002 0.015
2025-03-18 17:26:36,792 40516 DEBUG odoo odoo.api: call ir.module.module().search_panel_select_range('category_id', category_domain=[], enable_counters=True, expand=False, filter_domain=[], hierarchize=True, limit=200, search_domain=[['application', '=', True]]) 
2025-03-18 17:26:36,796 40516 DEBUG odoo odoo.api: call ir.module.module().web_search_read(count_limit=10001, domain=[['application', '=', True]], limit=80, offset=0, order='', specification={'to_buy': {}, 'name': {}, 'state': {}, 'summary': {}, 'website': {}, 'application': {}, 'module_type': {}, 'icon': {}, 'icon_flag': {}, 'shortdesc': {}}) 
2025-03-18 17:26:36,878 40516 INFO odoo werkzeug: 127.0.0.1 - - [18/Mar/2025 17:26:36] "POST /web/dataset/call_kw/ir.module.module/search_panel_select_range HTTP/1.1" 200 - 54 0.048 0.057
2025-03-18 17:26:36,907 40516 INFO odoo werkzeug: 127.0.0.1 - - [18/Mar/2025 17:26:36] "POST /web/dataset/call_kw/ir.module.module/web_search_read HTTP/1.1" 200 - 3 0.011 0.119
2025-03-18 17:27:45,828 18976 DEBUG ? odoo.netsvc: logger level set: "odoo.http.rpc.request:INFO" 
2025-03-18 17:27:45,828 18976 DEBUG ? odoo.netsvc: logger level set: "odoo.http.rpc.response:INFO" 
2025-03-18 17:27:45,828 18976 DEBUG ? odoo.netsvc: logger level set: ":INFO" 
2025-03-18 17:27:45,828 18976 DEBUG ? odoo.netsvc: logger level set: "odoo:DEBUG" 
2025-03-18 17:27:45,828 18976 DEBUG ? odoo.netsvc: logger level set: "odoo.sql_db:INFO" 
2025-03-18 17:27:45,828 18976 DEBUG ? odoo.netsvc: logger level set: ":INFO" 
2025-03-18 17:27:45,829 18976 INFO ? odoo: Odoo version 18.0 
2025-03-18 17:27:45,829 18976 INFO ? odoo: Using configuration file at C:\odoo\odoo\odoo.conf 
2025-03-18 17:27:45,829 18976 INFO ? odoo: addons paths: ['C:\\odoo\\odoo\\odoo\\addons', 'c:\\users\\georg\\appdata\\local\\openerp s.a\\odoo\\addons\\18.0', 'c:\\odoo\\odoo\\addons_extra', 'c:\\odoo\\odoo\\addons', 'c:\\odoo\\odoo\\odoo\\addons'] 
2025-03-18 17:27:45,829 18976 INFO ? odoo: database: odoo@default:default 
2025-03-18 17:27:46,187 18976 INFO ? odoo.addons.base.models.ir_actions_report: You need Wkhtmltopdf to print a pdf version of the reports. 
2025-03-18 17:27:46,191 18976 INFO ? odoo.addons.base.models.ir_actions_report: You need Wkhtmltoimage to generate images from html. 
2025-03-18 17:27:46,533 18976 DEBUG ? odoo.service.server: Setting signal handlers 
2025-03-18 17:27:46,537 18976 INFO ? odoo.service.server: HTTP service (werkzeug) running on GLO:8069 
2025-03-18 17:27:46,602 18976 DEBUG odoo odoo.modules.registry: Multiprocess load registry signaling: [Registry: 56] [Cache default: 2] [Cache assets: 1] [Cache templates: 1] [Cache routing: 1] [Cache groups: 1] 
2025-03-18 17:27:46,610 18976 INFO odoo odoo.modules.loading: loading 1 modules... 
2025-03-18 17:27:46,610 18976 DEBUG odoo odoo.modules.loading: Loading module base (1/1) 
2025-03-18 17:27:46,612 18976 DEBUG odoo odoo.modules.loading: Module base loaded in 0.00s, 0 queries 
2025-03-18 17:27:46,612 18976 INFO odoo odoo.modules.loading: 1 modules loaded in 0.00s, 0 queries (+0 extra) 
2025-03-18 17:27:46,648 18976 INFO odoo odoo.modules.loading: updating modules list 
2025-03-18 17:27:46,652 18976 INFO odoo odoo.addons.base.models.ir_module: ALLOW access to module.update_list on [] to user __system__ #1 via n/a 
2025-03-18 17:27:46,690 18976 DEBUG ? odoo.http: HTTP sessions stored in: c:\users\georg\appdata\local\openerp s.a\odoo\sessions 
2025-03-18 17:27:47,600 18976 WARNING odoo odoo.modules.module: Missing `license` key in manifest for 'plant_nursery', defaulting to LGPL-3 
2025-03-18 17:27:48,072 18976 WARNING odoo odoo.modules.loading: invalid module names, ignored:  Plant Nursery 
2025-03-18 17:27:48,084 18976 DEBUG odoo odoo.modules.module: module nursery: no manifest file found ('__manifest__.py', '__openerp__.py') 
2025-03-18 17:27:48,094 18976 WARNING odoo odoo.modules.graph: module nursery: not installable, skipped 
2025-03-18 17:27:48,099 18976 DEBUG odoo odoo.modules.loading: Updating graph with 37 more modules 
2025-03-18 17:27:48,099 18976 INFO odoo odoo.modules.loading: loading 37 modules... 
2025-03-18 17:27:48,099 18976 DEBUG odoo odoo.modules.loading: Loading module estate (2/37) 
2025-03-18 17:27:48,104 18976 DEBUG odoo odoo.modules.loading: Module estate loaded in 0.01s, 0 queries 
2025-03-18 17:27:48,104 18976 DEBUG odoo odoo.modules.loading: Loading module web (3/37) 
2025-03-18 17:27:48,106 18976 DEBUG odoo odoo.modules.loading: Module web loaded in 0.00s, 0 queries 
2025-03-18 17:27:48,106 18976 DEBUG odoo odoo.modules.loading: Loading module auth_totp (4/37) 
2025-03-18 17:27:48,133 18976 DEBUG odoo odoo.modules.loading: Module auth_totp loaded in 0.03s, 0 queries 
2025-03-18 17:27:48,133 18976 DEBUG odoo odoo.modules.loading: Loading module base_import (5/37) 
2025-03-18 17:27:48,496 18976 DEBUG odoo odoo.modules.loading: Module base_import loaded in 0.36s, 0 queries 
2025-03-18 17:27:48,496 18976 DEBUG odoo odoo.modules.loading: Loading module base_import_module (6/37) 
2025-03-18 17:27:48,496 18976 DEBUG odoo odoo.modules.loading: Module base_import_module loaded in 0.00s, 0 queries 
2025-03-18 17:27:48,496 18976 DEBUG odoo odoo.modules.loading: Loading module base_setup (7/37) 
2025-03-18 17:27:48,511 18976 DEBUG odoo odoo.modules.loading: Module base_setup loaded in 0.02s, 0 queries 
2025-03-18 17:27:48,511 18976 DEBUG odoo odoo.modules.loading: Loading module bus (8/37) 
2025-03-18 17:27:48,531 18976 DEBUG odoo odoo.modules.loading: Module bus loaded in 0.02s, 0 queries 
2025-03-18 17:27:48,531 18976 DEBUG odoo odoo.modules.loading: Loading module http_routing (9/37) 
2025-03-18 17:27:48,539 18976 DEBUG odoo odoo.modules.loading: Module http_routing loaded in 0.01s, 0 queries 
2025-03-18 17:27:48,539 18976 DEBUG odoo odoo.modules.loading: Loading module plant_nursery (10/37) 
2025-03-18 17:27:48,544 18976 WARNING odoo odoo.models: The model nursery.plant has no _description 
2025-03-18 17:27:48,545 18976 WARNING odoo odoo.models: The model nursery.customer has no _description 
2025-03-18 17:27:48,545 18976 WARNING odoo odoo.models: The model nursery.order has no _description 
2025-03-18 17:27:48,545 18976 DEBUG odoo odoo.modules.loading: Module plant_nursery loaded in 0.01s, 0 queries 
2025-03-18 17:27:48,545 18976 DEBUG odoo odoo.modules.loading: Loading module resource (11/37) 
2025-03-18 17:27:48,570 18976 DEBUG odoo odoo.modules.loading: Module resource loaded in 0.02s, 0 queries 
2025-03-18 17:27:48,572 18976 DEBUG odoo odoo.modules.loading: Loading module web_hierarchy (12/37) 
2025-03-18 17:27:48,572 18976 WARNING odoo odoo.models: The model nursery.plant has no _description 
2025-03-18 17:27:48,572 18976 WARNING odoo odoo.models: The model nursery.customer has no _description 
2025-03-18 17:27:48,572 18976 WARNING odoo odoo.models: The model nursery.order has no _description 
2025-03-18 17:27:48,578 18976 DEBUG odoo odoo.modules.loading: Module web_hierarchy loaded in 0.00s, 0 queries 
2025-03-18 17:27:48,578 18976 DEBUG odoo odoo.modules.loading: Loading module web_tour (13/37) 
2025-03-18 17:27:48,578 18976 DEBUG odoo odoo.modules.loading: Module web_tour loaded in 0.00s, 0 queries 
2025-03-18 17:27:48,578 18976 DEBUG odoo odoo.modules.loading: Loading module html_editor (14/37) 
2025-03-18 17:27:48,799 18976 DEBUG odoo odoo.modules.loading: Module html_editor loaded in 0.22s, 0 queries 
2025-03-18 17:27:48,799 18976 DEBUG odoo odoo.modules.loading: Loading module iap (15/37) 
2025-03-18 17:27:48,799 18976 DEBUG odoo odoo.modules.loading: Module iap loaded in 0.00s, 0 queries 
2025-03-18 17:27:48,799 18976 DEBUG odoo odoo.modules.loading: Loading module mail (16/37) 
2025-03-18 17:27:48,800 18976 WARNING odoo odoo.models: The model nursery.plant has no _description 
2025-03-18 17:27:48,800 18976 WARNING odoo odoo.models: The model nursery.customer has no _description 
2025-03-18 17:27:48,800 18976 WARNING odoo odoo.models: The model nursery.order has no _description 
2025-03-18 17:27:48,804 18976 DEBUG odoo odoo.modules.loading: Module mail loaded in 0.01s, 0 queries 
2025-03-18 17:27:48,804 18976 DEBUG odoo odoo.modules.loading: Loading module web_editor (17/37) 
2025-03-18 17:27:48,825 18976 WARNING odoo odoo.models: The model nursery.plant has no _description 
2025-03-18 17:27:48,825 18976 WARNING odoo odoo.models: The model nursery.customer has no _description 
2025-03-18 17:27:48,825 18976 WARNING odoo odoo.models: The model nursery.order has no _description 
2025-03-18 17:27:48,825 18976 WARNING odoo odoo.models: The model nursery.plant has no _description 
2025-03-18 17:27:48,827 18976 WARNING odoo odoo.models: The model nursery.customer has no _description 
2025-03-18 17:27:48,827 18976 WARNING odoo odoo.models: The model nursery.order has no _description 
2025-03-18 17:27:48,827 18976 DEBUG odoo odoo.modules.loading: Module web_editor loaded in 0.02s, 0 queries 
2025-03-18 17:27:48,827 18976 DEBUG odoo odoo.modules.loading: Loading module auth_signup (18/37) 
2025-03-18 17:27:48,836 18976 DEBUG odoo odoo.modules.loading: Module auth_signup loaded in 0.01s, 0 queries 
2025-03-18 17:27:48,836 18976 DEBUG odoo odoo.modules.loading: Loading module auth_totp_mail (19/37) 
2025-03-18 17:27:48,841 18976 DEBUG odoo odoo.modules.loading: Module auth_totp_mail loaded in 0.01s, 0 queries 
2025-03-18 17:27:48,841 18976 DEBUG odoo odoo.modules.loading: Loading module base_install_request (20/37) 
2025-03-18 17:27:48,846 18976 DEBUG odoo odoo.modules.loading: Module base_install_request loaded in 0.01s, 0 queries 
2025-03-18 17:27:48,846 18976 DEBUG odoo odoo.modules.loading: Loading module google_gmail (21/37) 
2025-03-18 17:27:48,852 18976 DEBUG odoo odoo.modules.loading: Module google_gmail loaded in 0.01s, 0 queries 
2025-03-18 17:27:48,852 18976 DEBUG odoo odoo.modules.loading: Loading module iap_mail (22/37) 
2025-03-18 17:27:48,854 18976 DEBUG odoo odoo.modules.loading: Module iap_mail loaded in 0.00s, 0 queries 
2025-03-18 17:27:48,854 18976 DEBUG odoo odoo.modules.loading: Loading module mail_bot (23/37) 
2025-03-18 17:27:48,860 18976 DEBUG odoo odoo.modules.loading: Module mail_bot loaded in 0.01s, 0 queries 
2025-03-18 17:27:48,860 18976 DEBUG odoo odoo.modules.loading: Loading module phone_validation (24/37) 
2025-03-18 17:27:48,862 18976 WARNING odoo odoo.models: The model nursery.plant has no _description 
2025-03-18 17:27:48,862 18976 WARNING odoo odoo.models: The model nursery.customer has no _description 
2025-03-18 17:27:48,862 18976 WARNING odoo odoo.models: The model nursery.order has no _description 
2025-03-18 17:27:48,862 18976 DEBUG odoo odoo.modules.loading: Module phone_validation loaded in 0.00s, 0 queries 
2025-03-18 17:27:48,862 18976 DEBUG odoo odoo.modules.loading: Loading module privacy_lookup (25/37) 
2025-03-18 17:27:48,862 18976 DEBUG odoo odoo.modules.loading: Module privacy_lookup loaded in 0.00s, 0 queries 
2025-03-18 17:27:48,862 18976 DEBUG odoo odoo.modules.loading: Loading module resource_mail (26/37) 
2025-03-18 17:27:48,879 18976 DEBUG odoo odoo.modules.loading: Module resource_mail loaded in 0.02s, 0 queries 
2025-03-18 17:27:48,879 18976 DEBUG odoo odoo.modules.loading: Loading module web_unsplash (27/37) 
2025-03-18 17:27:48,887 18976 DEBUG odoo odoo.modules.loading: Module web_unsplash loaded in 0.01s, 0 queries 
2025-03-18 17:27:48,887 18976 DEBUG odoo odoo.modules.loading: Loading module partner_autocomplete (28/37) 
2025-03-18 17:27:48,895 18976 DEBUG odoo odoo.modules.loading: Module partner_autocomplete loaded in 0.01s, 0 queries 
2025-03-18 17:27:48,896 18976 DEBUG odoo odoo.modules.loading: Loading module portal (29/37) 
2025-03-18 17:27:48,903 18976 DEBUG odoo odoo.modules.loading: Module portal loaded in 0.01s, 0 queries 
2025-03-18 17:27:48,903 18976 DEBUG odoo odoo.modules.loading: Loading module sms (30/37) 
2025-03-18 17:27:48,935 18976 DEBUG odoo odoo.modules.loading: Module sms loaded in 0.03s, 0 queries 
2025-03-18 17:27:48,935 18976 DEBUG odoo odoo.modules.loading: Loading module snailmail (31/37) 
2025-03-18 17:27:48,946 18976 DEBUG odoo odoo.modules.loading: Module snailmail loaded in 0.01s, 0 queries 
2025-03-18 17:27:48,946 18976 DEBUG odoo odoo.modules.loading: Loading module auth_totp_portal (32/37) 
2025-03-18 17:27:48,950 18976 DEBUG odoo odoo.modules.loading: Module auth_totp_portal loaded in 0.00s, 0 queries 
2025-03-18 17:27:48,950 18976 DEBUG odoo odoo.modules.loading: Loading module digest (33/37) 
2025-03-18 17:27:48,957 18976 DEBUG odoo odoo.modules.loading: Module digest loaded in 0.01s, 0 queries 
2025-03-18 17:27:48,957 18976 DEBUG odoo odoo.modules.loading: Loading module hr (34/37) 
2025-03-18 17:27:48,982 18976 WARNING odoo odoo.models: The model nursery.plant has no _description 
2025-03-18 17:27:48,982 18976 WARNING odoo odoo.models: The model nursery.customer has no _description 
2025-03-18 17:27:48,982 18976 WARNING odoo odoo.models: The model nursery.order has no _description 
2025-03-18 17:27:48,983 18976 DEBUG odoo odoo.modules.loading: Module hr loaded in 0.03s, 0 queries 
2025-03-18 17:27:48,983 18976 DEBUG odoo odoo.modules.loading: Loading module hr_org_chart (35/37) 
2025-03-18 17:27:48,986 18976 DEBUG odoo odoo.modules.loading: Module hr_org_chart loaded in 0.00s, 0 queries 
2025-03-18 17:27:48,986 18976 DEBUG odoo odoo.modules.loading: Loading module hr_skills (36/37) 
2025-03-18 17:27:49,014 18976 DEBUG odoo odoo.modules.loading: Module hr_skills loaded in 0.03s, 0 queries 
2025-03-18 17:27:49,015 18976 DEBUG odoo odoo.modules.loading: Loading module mail_bot_hr (37/37) 
2025-03-18 17:27:49,016 18976 DEBUG odoo odoo.modules.loading: Module mail_bot_hr loaded in 0.00s, 0 queries 
2025-03-18 17:27:49,016 18976 INFO odoo odoo.modules.loading: 37 modules loaded in 0.92s, 0 queries (+0 extra) 
2025-03-18 17:27:49,214 18976 ERROR odoo odoo.modules.loading: Some modules are not loaded, some dependencies or manifest may be missing: ['nursery'] 
2025-03-18 17:27:49,246 18976 DEBUG odoo odoo.modules.registry: Invalidating templates model caches from write C:\odoo\odoo\odoo\addons\base\models\ir_ui_view.py:533 
2025-03-18 17:27:49,251 18976 DEBUG odoo odoo.modules.registry: Invalidating templates model caches from write C:\odoo\odoo\odoo\addons\base\models\ir_ui_view.py:533 
2025-03-18 17:27:49,737 18976 INFO odoo odoo.modules.loading: Modules loaded. 
2025-03-18 17:27:49,755 18976 INFO odoo odoo.modules.registry: Registry changed, signaling through the database 
2025-03-18 17:27:49,757 18976 INFO odoo odoo.modules.registry: Registry loaded in 3.218s 
2025-03-18 17:27:49,760 18976 DEBUG odoo odoo.service.server: cron0 started! 
2025-03-18 17:27:49,761 18976 DEBUG odoo odoo.service.server: cron1 started! 
2025-03-18 17:27:49,762 18976 INFO odoo odoo.addons.base.models.ir_http: Generating routing map for key None 
2025-03-18 17:27:50,187 18976 WARNING odoo odoo.modules.module: Missing `license` key in manifest for 'plant_nursery', defaulting to LGPL-3 
2025-03-18 17:27:51,018 18976 INFO odoo werkzeug: 127.0.0.1 - - [18/Mar/2025 17:27:51] "GET /odoo/apps HTTP/1.1" 200 - 92 0.085 4.246
2025-03-18 17:27:51,072 18976 DEBUG ? odoo.modules.module: module __init__.py: no manifest file found ('__manifest__.py', '__openerp__.py') 
2025-03-18 17:27:51,073 18976 DEBUG ? odoo.modules.module: module __pycache__: no manifest file found ('__manifest__.py', '__openerp__.py') 
2025-03-18 17:27:51,126 18976 DEBUG ? odoo.modules.module: module website_twitter: no manifest file found ('__manifest__.py', '__openerp__.py') 
2025-03-18 17:27:51,133 18976 INFO odoo werkzeug: 127.0.0.1 - - [18/Mar/2025 17:27:51] "GET /web/webclient/translations/f4a402d1630b1cfc3f618513b62c847f402c1446?lang=en_US HTTP/1.1" 200 - 1 0.001 0.065
2025-03-18 17:27:51,612 18976 INFO odoo werkzeug: 127.0.0.1 - - [18/Mar/2025 17:27:51] "GET /web/image?model=res.users&field=avatar_128&id=2 HTTP/1.1" 304 - 17 0.007 0.047
2025-03-18 17:27:52,188 18976 INFO odoo werkzeug: 127.0.0.1 - - [18/Mar/2025 17:27:52] "GET /websocket?version=18.0-3 HTTP/1.1" 101 - 1 0.013 0.305
2025-03-18 17:27:52,261 18976 INFO odoo werkzeug: 127.0.0.1 - - [18/Mar/2025 17:27:52] "GET /web/manifest.webmanifest HTTP/1.1" 200 - 9 0.057 0.271
2025-03-18 17:27:52,280 18976 INFO odoo werkzeug: 127.0.0.1 - - [18/Mar/2025 17:27:52] "POST /web/action/load HTTP/1.1" 200 - 12 0.060 0.356
2025-03-18 17:27:52,288 18976 INFO ? odoo.addons.bus.models.bus: Bus.loop listen imbus on db postgres 
2025-03-18 17:27:52,341 18976 INFO odoo werkzeug: 127.0.0.1 - - [18/Mar/2025 17:27:52] "POST /mail/data HTTP/1.1" 200 - 34 0.141 0.336
2025-03-18 17:27:52,595 18976 DEBUG odoo odoo.api: call ir.module.module().get_views(options={'action_id': 39, 'embedded_action_id': False, 'embedded_parent_res_id': False, 'load_filters': True, 'toolbar': True}, views=[[False, 'kanban'], [False, 'list'], [False, 'form'], [95, 'search']]) 
2025-03-18 17:27:52,728 18976 INFO odoo werkzeug: 127.0.0.1 - - [18/Mar/2025 17:27:52] "POST /web/dataset/call_kw/ir.module.module/get_views HTTP/1.1" 200 - 57 0.031 0.106
2025-03-18 17:27:53,047 18976 DEBUG odoo odoo.api: call ir.module.module().search_panel_select_range('module_type', category_domain=[], enable_counters=False, expand=True, filter_domain=[], hierarchize=True, limit=200, search_domain=[['application', '=', True]]) 
2025-03-18 17:27:53,048 18976 INFO odoo werkzeug: 127.0.0.1 - - [18/Mar/2025 17:27:53] "POST /web/dataset/call_kw/ir.module.module/search_panel_select_range HTTP/1.1" 200 - 1 0.001 0.012
2025-03-18 17:27:53,051 18976 DEBUG odoo odoo.api: call ir.module.module().search_panel_select_range('category_id', category_domain=[], enable_counters=True, expand=False, filter_domain=[], hierarchize=True, limit=200, search_domain=[['application', '=', True]]) 
2025-03-18 17:27:53,067 18976 DEBUG odoo odoo.api: call ir.module.module().web_search_read(count_limit=10001, domain=[['application', '=', True]], limit=80, offset=0, order='', specification={'to_buy': {}, 'name': {}, 'state': {}, 'summary': {}, 'website': {}, 'application': {}, 'module_type': {}, 'icon': {}, 'icon_flag': {}, 'shortdesc': {}}) 
2025-03-18 17:27:53,104 18976 DEBUG odoo odoo.modules.module: module mrp_workorder: no manifest file found ('__manifest__.py', '__openerp__.py') 
2025-03-18 17:27:53,121 18976 DEBUG odoo odoo.modules.module: module accountant: no manifest file found ('__manifest__.py', '__openerp__.py') 
2025-03-18 17:27:53,127 18976 DEBUG odoo odoo.modules.module: module knowledge: no manifest file found ('__manifest__.py', '__openerp__.py') 
2025-03-18 17:27:53,139 18976 DEBUG odoo odoo.modules.module: module timesheet_grid: no manifest file found ('__manifest__.py', '__openerp__.py') 
2025-03-18 17:27:53,139 18976 INFO odoo werkzeug: 127.0.0.1 - - [18/Mar/2025 17:27:53] "POST /web/dataset/call_kw/ir.module.module/search_panel_select_range HTTP/1.1" 200 - 57 0.050 0.054
2025-03-18 17:27:53,152 18976 DEBUG odoo odoo.modules.module: module web_studio: no manifest file found ('__manifest__.py', '__openerp__.py') 
2025-03-18 17:27:53,155 18976 DEBUG odoo odoo.modules.module: module industry_fsm: no manifest file found ('__manifest__.py', '__openerp__.py') 
2025-03-18 17:27:53,163 18976 DEBUG odoo odoo.modules.module: module sign: no manifest file found ('__manifest__.py', '__openerp__.py') 
2025-03-18 17:27:53,163 18976 DEBUG odoo odoo.modules.module: module helpdesk: no manifest file found ('__manifest__.py', '__openerp__.py') 
2025-03-18 17:27:53,164 18976 DEBUG odoo odoo.modules.module: module sale_subscription: no manifest file found ('__manifest__.py', '__openerp__.py') 
2025-03-18 17:27:53,165 18976 DEBUG odoo odoo.modules.module: module quality_control: no manifest file found ('__manifest__.py', '__openerp__.py') 
2025-03-18 17:27:53,166 18976 DEBUG odoo odoo.modules.module: module planning: no manifest file found ('__manifest__.py', '__openerp__.py') 
2025-03-18 17:27:53,169 18976 DEBUG odoo odoo.modules.module: module mrp_plm: no manifest file found ('__manifest__.py', '__openerp__.py') 
2025-03-18 17:27:53,170 18976 DEBUG odoo odoo.modules.module: module social: no manifest file found ('__manifest__.py', '__openerp__.py') 
2025-03-18 17:27:53,170 18976 DEBUG odoo odoo.modules.module: module hr_appraisal: no manifest file found ('__manifest__.py', '__openerp__.py') 
2025-03-18 17:27:53,171 18976 DEBUG odoo odoo.modules.module: module marketing_automation: no manifest file found ('__manifest__.py', '__openerp__.py') 
2025-03-18 17:27:53,173 18976 DEBUG odoo odoo.modules.module: module appointment: no manifest file found ('__manifest__.py', '__openerp__.py') 
2025-03-18 17:27:53,174 18976 DEBUG odoo odoo.modules.module: module web_mobile: no manifest file found ('__manifest__.py', '__openerp__.py') 
2025-03-18 17:27:53,176 18976 DEBUG odoo odoo.modules.module: module stock_barcode: no manifest file found ('__manifest__.py', '__openerp__.py') 
2025-03-18 17:27:53,180 18976 DEBUG odoo odoo.modules.module: module voip: no manifest file found ('__manifest__.py', '__openerp__.py') 
2025-03-18 17:27:53,183 18976 DEBUG odoo odoo.modules.module: module sale_amazon: no manifest file found ('__manifest__.py', '__openerp__.py') 
2025-03-18 17:27:53,195 18976 INFO odoo werkzeug: 127.0.0.1 - - [18/Mar/2025 17:27:53] "POST /web/dataset/call_kw/ir.module.module/web_search_read HTTP/1.1" 200 - 4 0.009 0.131
2025-03-18 17:27:54,979 18976 INFO odoo werkzeug: 127.0.0.1 - - [18/Mar/2025 17:27:54] "GET /web/service-worker.js HTTP/1.1" 200 - 1 0.000 0.008
2025-03-18 17:27:57,006 18976 INFO odoo werkzeug: 127.0.0.1 - - [18/Mar/2025 17:27:57] "POST /web/action/load HTTP/1.1" 200 - 9 0.011 0.056
2025-03-18 17:28:01,022 18976 INFO odoo werkzeug: 127.0.0.1 - - [18/Mar/2025 17:28:01] "POST /web/action/load HTTP/1.1" 200 - 9 0.006 0.024
2025-03-18 17:28:49,828 18976 DEBUG ? odoo.service.server: cron0 polling for jobs 
2025-03-18 17:28:50,880 18976 DEBUG ? odoo.service.server: cron1 polling for jobs 
2025-03-18 17:29:49,855 18976 DEBUG ? odoo.service.server: cron0 polling for jobs 
2025-03-18 17:29:51,914 18976 DEBUG ? odoo.service.server: cron1 polling for jobs 
2025-03-18 17:30:11,369 35860 DEBUG ? odoo.netsvc: logger level set: "odoo.http.rpc.request:INFO" 
2025-03-18 17:30:11,369 35860 DEBUG ? odoo.netsvc: logger level set: "odoo.http.rpc.response:INFO" 
2025-03-18 17:30:11,369 35860 DEBUG ? odoo.netsvc: logger level set: ":INFO" 
2025-03-18 17:30:11,369 35860 DEBUG ? odoo.netsvc: logger level set: "odoo:DEBUG" 
2025-03-18 17:30:11,369 35860 DEBUG ? odoo.netsvc: logger level set: "odoo.sql_db:INFO" 
2025-03-18 17:30:11,369 35860 DEBUG ? odoo.netsvc: logger level set: ":INFO" 
2025-03-18 17:30:11,370 35860 INFO ? odoo: Odoo version 18.0 
2025-03-18 17:30:11,370 35860 INFO ? odoo: Using configuration file at C:\odoo\odoo\odoo.conf 
2025-03-18 17:30:11,370 35860 INFO ? odoo: addons paths: ['C:\\odoo\\odoo\\odoo\\addons', 'c:\\users\\georg\\appdata\\local\\openerp s.a\\odoo\\addons\\18.0', 'c:\\odoo\\odoo\\addons_extra', 'c:\\odoo\\odoo\\addons', 'c:\\odoo\\odoo\\odoo\\addons'] 
2025-03-18 17:30:11,370 35860 INFO ? odoo: database: odoo@default:default 
2025-03-18 17:30:11,817 35860 INFO ? odoo.addons.base.models.ir_actions_report: You need Wkhtmltopdf to print a pdf version of the reports. 
2025-03-18 17:30:11,817 35860 INFO ? odoo.addons.base.models.ir_actions_report: You need Wkhtmltoimage to generate images from html. 
2025-03-18 17:30:12,209 35860 DEBUG ? odoo.service.server: Setting signal handlers 
2025-03-18 17:30:12,211 35860 INFO ? odoo.service.server: HTTP service (werkzeug) running on GLO:8069 
2025-03-18 17:30:12,253 35860 DEBUG odoo odoo.modules.registry: Multiprocess load registry signaling: [Registry: 57] [Cache default: 2] [Cache assets: 1] [Cache templates: 1] [Cache routing: 1] [Cache groups: 1] 
2025-03-18 17:30:12,276 35860 INFO odoo odoo.modules.loading: loading 1 modules... 
2025-03-18 17:30:12,276 35860 DEBUG odoo odoo.modules.loading: Loading module base (1/1) 
2025-03-18 17:30:12,280 35860 DEBUG odoo odoo.modules.loading: Module base loaded in 0.00s, 0 queries 
2025-03-18 17:30:12,280 35860 INFO odoo odoo.modules.loading: 1 modules loaded in 0.00s, 0 queries (+0 extra) 
2025-03-18 17:30:12,312 35860 INFO odoo odoo.modules.loading: updating modules list 
2025-03-18 17:30:12,315 35860 INFO odoo odoo.addons.base.models.ir_module: ALLOW access to module.update_list on [] to user __system__ #1 via n/a 
2025-03-18 17:30:12,811 35860 DEBUG ? odoo.http: HTTP sessions stored in: c:\users\georg\appdata\local\openerp s.a\odoo\sessions 
2025-03-18 17:30:13,238 35860 WARNING odoo odoo.modules.module: Missing `license` key in manifest for 'plant_nursery', defaulting to LGPL-3 
2025-03-18 17:30:13,710 35860 WARNING odoo odoo.modules.loading: invalid module names, ignored:  Plant Nursery 
2025-03-18 17:30:13,728 35860 DEBUG odoo odoo.modules.module: module nursery: no manifest file found ('__manifest__.py', '__openerp__.py') 
2025-03-18 17:30:13,732 35860 WARNING odoo odoo.modules.graph: module nursery: not installable, skipped 
2025-03-18 17:30:13,751 35860 DEBUG odoo odoo.modules.loading: Updating graph with 37 more modules 
2025-03-18 17:30:13,752 35860 INFO odoo odoo.modules.loading: loading 37 modules... 
2025-03-18 17:30:13,752 35860 DEBUG odoo odoo.modules.loading: Loading module estate (2/37) 
2025-03-18 17:30:13,753 35860 DEBUG odoo odoo.modules.loading: Module estate loaded in 0.00s, 0 queries 
2025-03-18 17:30:13,753 35860 DEBUG odoo odoo.modules.loading: Loading module web (3/37) 
2025-03-18 17:30:13,753 35860 DEBUG odoo odoo.modules.loading: Module web loaded in 0.00s, 0 queries 
2025-03-18 17:30:13,759 35860 DEBUG odoo odoo.modules.loading: Loading module auth_totp (4/37) 
2025-03-18 17:30:13,773 35860 DEBUG odoo odoo.modules.loading: Module auth_totp loaded in 0.01s, 0 queries 
2025-03-18 17:30:13,773 35860 DEBUG odoo odoo.modules.loading: Loading module base_import (5/37) 
2025-03-18 17:30:14,159 35860 DEBUG odoo odoo.modules.loading: Module base_import loaded in 0.39s, 0 queries 
2025-03-18 17:30:14,159 35860 DEBUG odoo odoo.modules.loading: Loading module base_import_module (6/37) 
2025-03-18 17:30:14,166 35860 DEBUG odoo odoo.modules.loading: Module base_import_module loaded in 0.01s, 0 queries 
2025-03-18 17:30:14,166 35860 DEBUG odoo odoo.modules.loading: Loading module base_setup (7/37) 
2025-03-18 17:30:14,169 35860 DEBUG odoo odoo.modules.loading: Module base_setup loaded in 0.00s, 0 queries 
2025-03-18 17:30:14,169 35860 DEBUG odoo odoo.modules.loading: Loading module bus (8/37) 
2025-03-18 17:30:14,190 35860 DEBUG odoo odoo.modules.loading: Module bus loaded in 0.02s, 0 queries 
2025-03-18 17:30:14,190 35860 DEBUG odoo odoo.modules.loading: Loading module http_routing (9/37) 
2025-03-18 17:30:14,198 35860 DEBUG odoo odoo.modules.loading: Module http_routing loaded in 0.01s, 0 queries 
2025-03-18 17:30:14,198 35860 DEBUG odoo odoo.modules.loading: Loading module plant_nursery (10/37) 
2025-03-18 17:30:14,203 35860 WARNING odoo odoo.models: The model nursery.plant has no _description 
2025-03-18 17:30:14,203 35860 WARNING odoo odoo.models: The model nursery.customer has no _description 
2025-03-18 17:30:14,203 35860 WARNING odoo odoo.models: The model nursery.order has no _description 
2025-03-18 17:30:14,203 35860 DEBUG odoo odoo.modules.loading: Module plant_nursery loaded in 0.00s, 0 queries 
2025-03-18 17:30:14,203 35860 DEBUG odoo odoo.modules.loading: Loading module resource (11/37) 
2025-03-18 17:30:14,219 35860 DEBUG odoo odoo.modules.loading: Module resource loaded in 0.02s, 0 queries 
2025-03-18 17:30:14,219 35860 DEBUG odoo odoo.modules.loading: Loading module web_hierarchy (12/37) 
2025-03-18 17:30:14,224 35860 WARNING odoo odoo.models: The model nursery.plant has no _description 
2025-03-18 17:30:14,224 35860 WARNING odoo odoo.models: The model nursery.customer has no _description 
2025-03-18 17:30:14,224 35860 WARNING odoo odoo.models: The model nursery.order has no _description 
2025-03-18 17:30:14,224 35860 DEBUG odoo odoo.modules.loading: Module web_hierarchy loaded in 0.01s, 0 queries 
2025-03-18 17:30:14,224 35860 DEBUG odoo odoo.modules.loading: Loading module web_tour (13/37) 
2025-03-18 17:30:14,228 35860 DEBUG odoo odoo.modules.loading: Module web_tour loaded in 0.00s, 0 queries 
2025-03-18 17:30:14,228 35860 DEBUG odoo odoo.modules.loading: Loading module html_editor (14/37) 
2025-03-18 17:30:14,409 35860 DEBUG odoo odoo.modules.loading: Module html_editor loaded in 0.18s, 0 queries 
2025-03-18 17:30:14,409 35860 DEBUG odoo odoo.modules.loading: Loading module iap (15/37) 
2025-03-18 17:30:14,409 35860 DEBUG odoo odoo.modules.loading: Module iap loaded in 0.00s, 0 queries 
2025-03-18 17:30:14,409 35860 DEBUG odoo odoo.modules.loading: Loading module mail (16/37) 
2025-03-18 17:30:14,411 35860 WARNING odoo odoo.models: The model nursery.plant has no _description 
2025-03-18 17:30:14,411 35860 WARNING odoo odoo.models: The model nursery.customer has no _description 
2025-03-18 17:30:14,411 35860 WARNING odoo odoo.models: The model nursery.order has no _description 
2025-03-18 17:30:14,417 35860 DEBUG odoo odoo.modules.loading: Module mail loaded in 0.01s, 0 queries 
2025-03-18 17:30:14,417 35860 DEBUG odoo odoo.modules.loading: Loading module web_editor (17/37) 
2025-03-18 17:30:14,433 35860 WARNING odoo odoo.models: The model nursery.plant has no _description 
2025-03-18 17:30:14,433 35860 WARNING odoo odoo.models: The model nursery.customer has no _description 
2025-03-18 17:30:14,433 35860 WARNING odoo odoo.models: The model nursery.order has no _description 
2025-03-18 17:30:14,439 35860 WARNING odoo odoo.models: The model nursery.plant has no _description 
2025-03-18 17:30:14,439 35860 WARNING odoo odoo.models: The model nursery.customer has no _description 
2025-03-18 17:30:14,439 35860 WARNING odoo odoo.models: The model nursery.order has no _description 
2025-03-18 17:30:14,440 35860 DEBUG odoo odoo.modules.loading: Module web_editor loaded in 0.02s, 0 queries 
2025-03-18 17:30:14,440 35860 DEBUG odoo odoo.modules.loading: Loading module auth_signup (18/37) 
2025-03-18 17:30:14,450 35860 DEBUG odoo odoo.modules.loading: Module auth_signup loaded in 0.01s, 0 queries 
2025-03-18 17:30:14,450 35860 DEBUG odoo odoo.modules.loading: Loading module auth_totp_mail (19/37) 
2025-03-18 17:30:14,453 35860 DEBUG odoo odoo.modules.loading: Module auth_totp_mail loaded in 0.00s, 0 queries 
2025-03-18 17:30:14,453 35860 DEBUG odoo odoo.modules.loading: Loading module base_install_request (20/37) 
2025-03-18 17:30:14,454 35860 DEBUG odoo odoo.modules.loading: Module base_install_request loaded in 0.00s, 0 queries 
2025-03-18 17:30:14,454 35860 DEBUG odoo odoo.modules.loading: Loading module google_gmail (21/37) 
2025-03-18 17:30:14,463 35860 DEBUG odoo odoo.modules.loading: Module google_gmail loaded in 0.01s, 0 queries 
2025-03-18 17:30:14,463 35860 DEBUG odoo odoo.modules.loading: Loading module iap_mail (22/37) 
2025-03-18 17:30:14,465 35860 DEBUG odoo odoo.modules.loading: Module iap_mail loaded in 0.00s, 0 queries 
2025-03-18 17:30:14,466 35860 DEBUG odoo odoo.modules.loading: Loading module mail_bot (23/37) 
2025-03-18 17:30:14,471 35860 DEBUG odoo odoo.modules.loading: Module mail_bot loaded in 0.00s, 0 queries 
2025-03-18 17:30:14,471 35860 DEBUG odoo odoo.modules.loading: Loading module phone_validation (24/37) 
2025-03-18 17:30:14,482 35860 WARNING odoo odoo.models: The model nursery.plant has no _description 
2025-03-18 17:30:14,482 35860 WARNING odoo odoo.models: The model nursery.customer has no _description 
2025-03-18 17:30:14,482 35860 WARNING odoo odoo.models: The model nursery.order has no _description 
2025-03-18 17:30:14,483 35860 DEBUG odoo odoo.modules.loading: Module phone_validation loaded in 0.01s, 0 queries 
2025-03-18 17:30:14,483 35860 DEBUG odoo odoo.modules.loading: Loading module privacy_lookup (25/37) 
2025-03-18 17:30:14,488 35860 DEBUG odoo odoo.modules.loading: Module privacy_lookup loaded in 0.00s, 0 queries 
2025-03-18 17:30:14,488 35860 DEBUG odoo odoo.modules.loading: Loading module resource_mail (26/37) 
2025-03-18 17:30:14,490 35860 DEBUG odoo odoo.modules.loading: Module resource_mail loaded in 0.00s, 0 queries 
2025-03-18 17:30:14,490 35860 DEBUG odoo odoo.modules.loading: Loading module web_unsplash (27/37) 
2025-03-18 17:30:14,495 35860 DEBUG odoo odoo.modules.loading: Module web_unsplash loaded in 0.00s, 0 queries 
2025-03-18 17:30:14,495 35860 DEBUG odoo odoo.modules.loading: Loading module partner_autocomplete (28/37) 
2025-03-18 17:30:14,504 35860 DEBUG odoo odoo.modules.loading: Module partner_autocomplete loaded in 0.01s, 0 queries 
2025-03-18 17:30:14,504 35860 DEBUG odoo odoo.modules.loading: Loading module portal (29/37) 
2025-03-18 17:30:14,519 35860 DEBUG odoo odoo.modules.loading: Module portal loaded in 0.02s, 0 queries 
2025-03-18 17:30:14,519 35860 DEBUG odoo odoo.modules.loading: Loading module sms (30/37) 
2025-03-18 17:30:14,536 35860 DEBUG odoo odoo.modules.loading: Module sms loaded in 0.02s, 0 queries 
2025-03-18 17:30:14,536 35860 DEBUG odoo odoo.modules.loading: Loading module snailmail (31/37) 
2025-03-18 17:30:14,551 35860 DEBUG odoo odoo.modules.loading: Module snailmail loaded in 0.01s, 0 queries 
2025-03-18 17:30:14,551 35860 DEBUG odoo odoo.modules.loading: Loading module auth_totp_portal (32/37) 
2025-03-18 17:30:14,553 35860 DEBUG odoo odoo.modules.loading: Module auth_totp_portal loaded in 0.00s, 0 queries 
2025-03-18 17:30:14,553 35860 DEBUG odoo odoo.modules.loading: Loading module digest (33/37) 
2025-03-18 17:30:14,560 35860 DEBUG odoo odoo.modules.loading: Module digest loaded in 0.01s, 0 queries 
2025-03-18 17:30:14,560 35860 DEBUG odoo odoo.modules.loading: Loading module hr (34/37) 
2025-03-18 17:30:14,578 35860 WARNING odoo odoo.models: The model nursery.plant has no _description 
2025-03-18 17:30:14,578 35860 WARNING odoo odoo.models: The model nursery.customer has no _description 
2025-03-18 17:30:14,578 35860 WARNING odoo odoo.models: The model nursery.order has no _description 
2025-03-18 17:30:14,578 35860 DEBUG odoo odoo.modules.loading: Module hr loaded in 0.02s, 0 queries 
2025-03-18 17:30:14,578 35860 DEBUG odoo odoo.modules.loading: Loading module hr_org_chart (35/37) 
2025-03-18 17:30:14,578 35860 DEBUG odoo odoo.modules.loading: Module hr_org_chart loaded in 0.00s, 0 queries 
2025-03-18 17:30:14,578 35860 DEBUG odoo odoo.modules.loading: Loading module hr_skills (36/37) 
2025-03-18 17:30:14,605 35860 DEBUG odoo odoo.modules.loading: Module hr_skills loaded in 0.03s, 0 queries 
2025-03-18 17:30:14,605 35860 DEBUG odoo odoo.modules.loading: Loading module mail_bot_hr (37/37) 
2025-03-18 17:30:14,606 35860 DEBUG odoo odoo.modules.loading: Module mail_bot_hr loaded in 0.00s, 0 queries 
2025-03-18 17:30:14,606 35860 INFO odoo odoo.modules.loading: 37 modules loaded in 0.85s, 0 queries (+0 extra) 
2025-03-18 17:30:14,774 35860 ERROR odoo odoo.modules.loading: Some modules are not loaded, some dependencies or manifest may be missing: ['nursery'] 
2025-03-18 17:30:14,810 35860 DEBUG odoo odoo.modules.registry: Invalidating templates model caches from write C:\odoo\odoo\odoo\addons\base\models\ir_ui_view.py:533 
2025-03-18 17:30:14,818 35860 DEBUG odoo odoo.modules.registry: Invalidating templates model caches from write C:\odoo\odoo\odoo\addons\base\models\ir_ui_view.py:533 
2025-03-18 17:30:15,208 35860 INFO odoo odoo.modules.loading: Modules loaded. 
2025-03-18 17:30:15,216 35860 INFO odoo odoo.modules.registry: Registry changed, signaling through the database 
2025-03-18 17:30:15,216 35860 INFO odoo odoo.modules.registry: Registry loaded in 3.005s 
2025-03-18 17:30:15,219 35860 DEBUG odoo odoo.service.server: cron0 started! 
2025-03-18 17:30:15,220 35860 INFO odoo odoo.addons.base.models.ir_http: Generating routing map for key None 
2025-03-18 17:30:15,226 35860 DEBUG odoo odoo.service.server: cron1 started! 
2025-03-18 17:30:15,333 35860 INFO odoo werkzeug: 127.0.0.1 - - [18/Mar/2025 17:30:15] "GET /websocket?version=18.0-3 HTTP/1.1" 101 - 6 0.005 2.518
2025-03-18 17:30:15,693 35860 INFO ? odoo.addons.bus.models.bus: Bus.loop listen imbus on db postgres 
2025-03-18 17:30:17,831 35860 WARNING odoo odoo.modules.module: Missing `license` key in manifest for 'plant_nursery', defaulting to LGPL-3 
2025-03-18 17:30:18,495 35860 INFO odoo werkzeug: 127.0.0.1 - - [18/Mar/2025 17:30:18] "GET /odoo/apps HTTP/1.1" 200 - 86 0.036 0.809
2025-03-18 17:30:18,794 35860 DEBUG ? odoo.modules.module: module __init__.py: no manifest file found ('__manifest__.py', '__openerp__.py') 
2025-03-18 17:30:18,798 35860 DEBUG ? odoo.modules.module: module __pycache__: no manifest file found ('__manifest__.py', '__openerp__.py') 
2025-03-18 17:30:18,832 35860 INFO odoo werkzeug: 127.0.0.1 - - [18/Mar/2025 17:30:18] "GET /web/image?model=res.users&field=avatar_128&id=2 HTTP/1.1" 304 - 13 0.008 0.041
2025-03-18 17:30:18,873 35860 DEBUG ? odoo.modules.module: module website_twitter: no manifest file found ('__manifest__.py', '__openerp__.py') 
2025-03-18 17:30:18,898 35860 INFO odoo werkzeug: 127.0.0.1 - - [18/Mar/2025 17:30:18] "POST /web/action/load HTTP/1.1" 200 - 12 0.007 0.106
2025-03-18 17:30:19,200 35860 INFO odoo werkzeug: 127.0.0.1 - - [18/Mar/2025 17:30:19] "POST /mail/data HTTP/1.1" 200 - 34 0.034 0.061
2025-03-18 17:30:19,206 35860 DEBUG odoo odoo.api: call ir.module.module().get_views(options={'action_id': 39, 'embedded_action_id': False, 'embedded_parent_res_id': False, 'load_filters': True, 'toolbar': True}, views=[[False, 'kanban'], [False, 'list'], [False, 'form'], [95, 'search']]) 
2025-03-18 17:30:19,328 35860 INFO odoo werkzeug: 127.0.0.1 - - [18/Mar/2025 17:30:19] "POST /web/dataset/call_kw/ir.module.module/get_views HTTP/1.1" 200 - 57 0.034 0.148
2025-03-18 17:30:19,350 35860 INFO odoo werkzeug: 127.0.0.1 - - [18/Mar/2025 17:30:19] "GET /web/manifest.webmanifest HTTP/1.1" 200 - 9 0.006 0.013
2025-03-18 17:30:19,715 35860 DEBUG odoo odoo.api: call ir.module.module().search_panel_select_range('category_id', category_domain=[], enable_counters=True, expand=False, filter_domain=[], hierarchize=True, limit=200, search_domain=[['application', '=', True]]) 
2025-03-18 17:30:19,717 35860 DEBUG odoo odoo.api: call ir.module.module().search_panel_select_range('module_type', category_domain=[], enable_counters=False, expand=True, filter_domain=[], hierarchize=True, limit=200, search_domain=[['application', '=', True]]) 
2025-03-18 17:30:19,718 35860 INFO odoo werkzeug: 127.0.0.1 - - [18/Mar/2025 17:30:19] "POST /web/dataset/call_kw/ir.module.module/search_panel_select_range HTTP/1.1" 200 - 1 0.001 0.065
2025-03-18 17:30:19,720 35860 DEBUG odoo odoo.api: call ir.module.module().web_search_read(count_limit=10001, domain=[['application', '=', True]], limit=80, offset=0, order='', specification={'to_buy': {}, 'name': {}, 'state': {}, 'summary': {}, 'website': {}, 'application': {}, 'module_type': {}, 'icon': {}, 'icon_flag': {}, 'shortdesc': {}}) 
2025-03-18 17:30:19,746 35860 DEBUG odoo odoo.modules.module: module mrp_workorder: no manifest file found ('__manifest__.py', '__openerp__.py') 
2025-03-18 17:30:19,750 35860 DEBUG odoo odoo.modules.module: module accountant: no manifest file found ('__manifest__.py', '__openerp__.py') 
2025-03-18 17:30:19,752 35860 DEBUG odoo odoo.modules.module: module knowledge: no manifest file found ('__manifest__.py', '__openerp__.py') 
2025-03-18 17:30:19,760 35860 DEBUG odoo odoo.modules.module: module timesheet_grid: no manifest file found ('__manifest__.py', '__openerp__.py') 
2025-03-18 17:30:19,763 35860 DEBUG odoo odoo.modules.module: module web_studio: no manifest file found ('__manifest__.py', '__openerp__.py') 
2025-03-18 17:30:19,768 35860 DEBUG odoo odoo.modules.module: module industry_fsm: no manifest file found ('__manifest__.py', '__openerp__.py') 
2025-03-18 17:30:19,769 35860 INFO odoo werkzeug: 127.0.0.1 - - [18/Mar/2025 17:30:19] "POST /web/dataset/call_kw/ir.module.module/search_panel_select_range HTTP/1.1" 200 - 57 0.027 0.089
2025-03-18 17:30:19,775 35860 DEBUG odoo odoo.modules.module: module sign: no manifest file found ('__manifest__.py', '__openerp__.py') 
2025-03-18 17:30:19,776 35860 DEBUG odoo odoo.modules.module: module helpdesk: no manifest file found ('__manifest__.py', '__openerp__.py') 
2025-03-18 17:30:19,777 35860 DEBUG odoo odoo.modules.module: module sale_subscription: no manifest file found ('__manifest__.py', '__openerp__.py') 
2025-03-18 17:30:19,779 35860 DEBUG odoo odoo.modules.module: module quality_control: no manifest file found ('__manifest__.py', '__openerp__.py') 
2025-03-18 17:30:19,781 35860 DEBUG odoo odoo.modules.module: module planning: no manifest file found ('__manifest__.py', '__openerp__.py') 
2025-03-18 17:30:19,784 35860 DEBUG odoo odoo.modules.module: module mrp_plm: no manifest file found ('__manifest__.py', '__openerp__.py') 
2025-03-18 17:30:19,786 35860 DEBUG odoo odoo.modules.module: module social: no manifest file found ('__manifest__.py', '__openerp__.py') 
2025-03-18 17:30:19,787 35860 DEBUG odoo odoo.modules.module: module hr_appraisal: no manifest file found ('__manifest__.py', '__openerp__.py') 
2025-03-18 17:30:19,788 35860 DEBUG odoo odoo.modules.module: module marketing_automation: no manifest file found ('__manifest__.py', '__openerp__.py') 
2025-03-18 17:30:19,789 35860 DEBUG odoo odoo.modules.module: module appointment: no manifest file found ('__manifest__.py', '__openerp__.py') 
2025-03-18 17:30:19,790 35860 DEBUG odoo odoo.modules.module: module web_mobile: no manifest file found ('__manifest__.py', '__openerp__.py') 
2025-03-18 17:30:19,793 35860 DEBUG odoo odoo.modules.module: module stock_barcode: no manifest file found ('__manifest__.py', '__openerp__.py') 
2025-03-18 17:30:19,795 35860 DEBUG odoo odoo.modules.module: module voip: no manifest file found ('__manifest__.py', '__openerp__.py') 
2025-03-18 17:30:19,796 35860 DEBUG odoo odoo.modules.module: module sale_amazon: no manifest file found ('__manifest__.py', '__openerp__.py') 
2025-03-18 17:30:19,803 35860 INFO odoo werkzeug: 127.0.0.1 - - [18/Mar/2025 17:30:19] "POST /web/dataset/call_kw/ir.module.module/web_search_read HTTP/1.1" 200 - 4 0.019 0.127
2025-03-18 17:30:21,870 35860 INFO odoo werkzeug: 127.0.0.1 - - [18/Mar/2025 17:30:21] "GET /web/service-worker.js HTTP/1.1" 200 - 1 0.001 0.004
2025-03-18 17:30:22,664 35860 INFO odoo werkzeug: 127.0.0.1 - - [18/Mar/2025 17:30:22] "POST /web/action/load HTTP/1.1" 200 - 9 0.007 0.014
2025-03-18 17:30:26,424 35860 INFO odoo werkzeug: 127.0.0.1 - - [18/Mar/2025 17:30:26] "POST /web/action/load HTTP/1.1" 200 - 9 0.004 0.023
2025-03-18 17:30:34,409 35860 INFO odoo werkzeug: 127.0.0.1 - - [18/Mar/2025 17:30:34] "POST /web/action/load HTTP/1.1" 200 - 9 0.004 0.025
2025-03-18 17:30:34,743 35860 DEBUG odoo odoo.api: call base.module.update().get_views(options={'action_id': 43, 'embedded_action_id': False, 'embedded_parent_res_id': False, 'load_filters': False, 'toolbar': False}, views=[[False, 'form']]) 
2025-03-18 17:30:34,786 35860 INFO odoo werkzeug: 127.0.0.1 - - [18/Mar/2025 17:30:34] "POST /web/dataset/call_kw/base.module.update/get_views HTTP/1.1" 200 - 12 0.011 0.040
2025-03-18 17:30:34,991 35860 DEBUG odoo odoo.api: call base.module.update().onchange({}, [], {'updated': {}, 'added': {}, 'state': {}}) 
2025-03-18 17:30:35,001 35860 INFO odoo werkzeug: 127.0.0.1 - - [18/Mar/2025 17:30:35] "POST /web/dataset/call_kw/base.module.update/onchange HTTP/1.1" 200 - 2 0.009 0.010
2025-03-18 17:30:36,403 35860 DEBUG odoo odoo.api: call base.module.update().web_save({}, specification={'updated': {}, 'added': {}, 'state': {}}) 
2025-03-18 17:30:36,410 35860 INFO odoo werkzeug: 127.0.0.1 - - [18/Mar/2025 17:30:36] "POST /web/dataset/call_kw/base.module.update/web_save HTTP/1.1" 200 - 5 0.004 0.009
2025-03-18 17:30:36,731 35860 DEBUG odoo odoo.api: call base.module.update(12,).update_module() 
2025-03-18 17:30:36,734 35860 INFO odoo odoo.addons.base.models.ir_module: ALLOW access to module.update_list on [] to user admin #2 via 127.0.0.1 
2025-03-18 17:30:37,826 35860 INFO odoo werkzeug: 127.0.0.1 - - [18/Mar/2025 17:30:37] "POST /web/dataset/call_button/base.module.update/update_module HTTP/1.1" 200 - 1566 0.591 0.509
2025-03-18 17:30:43,368 35860 DEBUG odoo odoo.api: call ir.module.module().search_panel_select_range('category_id', category_domain=[], enable_counters=True, expand=False, filter_domain=[], hierarchize=True, limit=200, search_domain=[]) 
2025-03-18 17:30:43,430 35860 INFO odoo werkzeug: 127.0.0.1 - - [18/Mar/2025 17:30:43] "POST /web/dataset/call_kw/ir.module.module/search_panel_select_range HTTP/1.1" 200 - 54 0.038 0.028
2025-03-18 17:30:43,682 35860 DEBUG odoo odoo.api: call ir.module.module().web_search_read(count_limit=10001, domain=[], limit=80, offset=0, order='', specification={'to_buy': {}, 'name': {}, 'state': {}, 'summary': {}, 'website': {}, 'application': {}, 'module_type': {}, 'icon': {}, 'icon_flag': {}, 'shortdesc': {}}) 
2025-03-18 17:30:43,735 35860 INFO odoo werkzeug: 127.0.0.1 - - [18/Mar/2025 17:30:43] "POST /web/dataset/call_kw/ir.module.module/web_search_read HTTP/1.1" 200 - 4 0.006 0.056
2025-03-18 17:30:51,299 35860 DEBUG odoo odoo.api: call ir.module.module().search_panel_select_range('category_id', category_domain=[], enable_counters=True, expand=False, filter_domain=[], hierarchize=True, limit=200, search_domain=['|', '|', ['summary', 'ilike', 'Plant Nursery'], ['shortdesc', 'ilike', 'Plant Nursery'], ['name', 'ilike', 'Plant Nursery']]) 
2025-03-18 17:30:51,356 35860 INFO odoo werkzeug: 127.0.0.1 - - [18/Mar/2025 17:30:51] "POST /web/dataset/call_kw/ir.module.module/search_panel_select_range HTTP/1.1" 200 - 54 0.035 0.028
2025-03-18 17:30:51,551 35860 DEBUG odoo odoo.api: call ir.module.module().web_search_read(count_limit=10001, domain=['|', '|', ['summary', 'ilike', 'Plant Nursery'], ['shortdesc', 'ilike', 'Plant Nursery'], ['name', 'ilike', 'Plant Nursery']], limit=80, offset=0, order='', specification={'to_buy': {}, 'name': {}, 'state': {}, 'summary': {}, 'website': {}, 'application': {}, 'module_type': {}, 'icon': {}, 'icon_flag': {}, 'shortdesc': {}}) 
2025-03-18 17:30:51,560 35860 INFO odoo werkzeug: 127.0.0.1 - - [18/Mar/2025 17:30:51] "POST /web/dataset/call_kw/ir.module.module/web_search_read HTTP/1.1" 200 - 3 0.004 0.008
2025-03-18 17:30:54,661 35860 DEBUG odoo odoo.api: call ir.module.module(631,).button_uninstall_wizard() 
2025-03-18 17:30:54,671 35860 INFO odoo odoo.addons.base.models.ir_module: ALLOW access to module.button_uninstall_wizard on ['Plant Nursery'] to user admin #2 via 127.0.0.1 
2025-03-18 17:30:54,671 35860 INFO odoo werkzeug: 127.0.0.1 - - [18/Mar/2025 17:30:54] "POST /web/dataset/call_button/ir.module.module/button_uninstall_wizard HTTP/1.1" 200 - 3 0.002 0.015
2025-03-18 17:30:55,004 35860 DEBUG odoo odoo.api: call base.module.uninstall().get_views(options={'action_id': False, 'embedded_action_id': False, 'embedded_parent_res_id': False, 'load_filters': False, 'toolbar': False}, views=[[False, 'form']]) 
2025-03-18 17:30:55,032 35860 INFO odoo werkzeug: 127.0.0.1 - - [18/Mar/2025 17:30:55] "POST /web/dataset/call_kw/base.module.uninstall/get_views HTTP/1.1" 200 - 15 0.009 0.023
2025-03-18 17:30:55,255 35860 DEBUG odoo odoo.api: call base.module.uninstall().onchange({}, [], {'show_all': {}, 'module_ids': {'fields': {'state': {}, 'icon': {}, 'shortdesc': {}, 'name': {}}, 'limit': 40, 'order': ''}, 'model_ids': {'fields': {'name': {}, 'count': {}}, 'limit': 40, 'order': ''}}) 
2025-03-18 17:30:55,290 35860 INFO odoo werkzeug: 127.0.0.1 - - [18/Mar/2025 17:30:55] "POST /web/dataset/call_kw/base.module.uninstall/onchange HTTP/1.1" 200 - 9 0.014 0.026
2025-03-18 17:30:58,414 35860 DEBUG odoo odoo.api: call base.module.uninstall().web_save({'show_all': False}, specification={'show_all': {}, 'module_ids': {'fields': {'state': {}, 'icon': {}, 'shortdesc': {}, 'name': {}}, 'limit': 40, 'order': ''}, 'model_ids': {'fields': {'name': {}, 'count': {}}, 'limit': 40, 'order': ''}}) 
2025-03-18 17:30:58,455 35860 INFO odoo werkzeug: 127.0.0.1 - - [18/Mar/2025 17:30:58] "POST /web/dataset/call_kw/base.module.uninstall/web_save HTTP/1.1" 200 - 11 0.012 0.032
2025-03-18 17:30:58,773 35860 DEBUG odoo odoo.api: call base.module.uninstall(1,).action_uninstall() 
2025-03-18 17:30:58,782 35860 INFO odoo odoo.addons.base.models.ir_module: ALLOW access to module.button_immediate_uninstall on ['Plant Nursery'] to user admin #2 via 127.0.0.1 
2025-03-18 17:30:58,782 35860 INFO odoo odoo.addons.base.models.ir_module: User #2 triggered module uninstallation 
2025-03-18 17:30:58,782 35860 INFO odoo odoo.addons.base.models.ir_module: ALLOW access to module.button_uninstall on ['Plant Nursery'] to user admin #2 via 127.0.0.1 
2025-03-18 17:30:58,807 35860 DEBUG odoo odoo.modules.registry: Multiprocess load registry signaling: [Registry: 58] [Cache default: 2] [Cache assets: 1] [Cache templates: 1] [Cache routing: 1] [Cache groups: 1] 
2025-03-18 17:30:58,813 35860 INFO odoo odoo.modules.loading: loading 1 modules... 
2025-03-18 17:30:58,813 35860 DEBUG odoo odoo.modules.loading: Loading module base (1/1) 
2025-03-18 17:30:58,817 35860 DEBUG odoo odoo.modules.loading: Module base loaded in 0.00s, 0 queries 
2025-03-18 17:30:58,817 35860 INFO odoo odoo.modules.loading: 1 modules loaded in 0.00s, 0 queries (+0 extra) 
2025-03-18 17:30:58,858 35860 INFO odoo odoo.modules.loading: updating modules list 
2025-03-18 17:30:58,866 35860 INFO odoo odoo.addons.base.models.ir_module: ALLOW access to module.update_list on [] to user __system__ #1 via 127.0.0.1 
2025-03-18 17:30:59,771 35860 WARNING odoo odoo.modules.graph: module nursery: not installable, skipped 
2025-03-18 17:30:59,781 35860 DEBUG odoo odoo.modules.loading: Updating graph with 37 more modules 
2025-03-18 17:30:59,781 35860 INFO odoo odoo.modules.loading: loading 37 modules... 
2025-03-18 17:30:59,781 35860 DEBUG odoo odoo.modules.loading: Loading module estate (2/37) 
2025-03-18 17:30:59,781 35860 DEBUG odoo odoo.modules.loading: Module estate loaded in 0.00s, 0 queries 
2025-03-18 17:30:59,781 35860 DEBUG odoo odoo.modules.loading: Loading module web (3/37) 
2025-03-18 17:30:59,781 35860 DEBUG odoo odoo.modules.loading: Module web loaded in 0.00s, 0 queries 
2025-03-18 17:30:59,781 35860 DEBUG odoo odoo.modules.loading: Loading module auth_totp (4/37) 
2025-03-18 17:30:59,781 35860 DEBUG odoo odoo.modules.loading: Module auth_totp loaded in 0.00s, 0 queries 
2025-03-18 17:30:59,781 35860 DEBUG odoo odoo.modules.loading: Loading module base_import (5/37) 
2025-03-18 17:30:59,781 35860 DEBUG odoo odoo.modules.loading: Module base_import loaded in 0.00s, 0 queries 
2025-03-18 17:30:59,781 35860 DEBUG odoo odoo.modules.loading: Loading module base_import_module (6/37) 
2025-03-18 17:30:59,781 35860 DEBUG odoo odoo.modules.loading: Module base_import_module loaded in 0.00s, 0 queries 
2025-03-18 17:30:59,781 35860 DEBUG odoo odoo.modules.loading: Loading module base_setup (7/37) 
2025-03-18 17:30:59,781 35860 DEBUG odoo odoo.modules.loading: Module base_setup loaded in 0.00s, 0 queries 
2025-03-18 17:30:59,781 35860 DEBUG odoo odoo.modules.loading: Loading module bus (8/37) 
2025-03-18 17:30:59,781 35860 DEBUG odoo odoo.modules.loading: Module bus loaded in 0.00s, 0 queries 
2025-03-18 17:30:59,781 35860 DEBUG odoo odoo.modules.loading: Loading module http_routing (9/37) 
2025-03-18 17:30:59,781 35860 DEBUG odoo odoo.modules.loading: Module http_routing loaded in 0.00s, 0 queries 
2025-03-18 17:30:59,781 35860 DEBUG odoo odoo.modules.loading: Loading module plant_nursery (10/37) 
2025-03-18 17:30:59,781 35860 WARNING odoo odoo.models: The model nursery.plant has no _description 
2025-03-18 17:30:59,781 35860 WARNING odoo odoo.models: The model nursery.customer has no _description 
2025-03-18 17:30:59,781 35860 WARNING odoo odoo.models: The model nursery.order has no _description 
2025-03-18 17:30:59,781 35860 DEBUG odoo odoo.modules.loading: Module plant_nursery loaded in 0.00s, 0 queries 
2025-03-18 17:30:59,781 35860 DEBUG odoo odoo.modules.loading: Loading module resource (11/37) 
2025-03-18 17:30:59,781 35860 DEBUG odoo odoo.modules.loading: Module resource loaded in 0.00s, 0 queries 
2025-03-18 17:30:59,781 35860 DEBUG odoo odoo.modules.loading: Loading module web_hierarchy (12/37) 
2025-03-18 17:30:59,781 35860 WARNING odoo odoo.models: The model nursery.plant has no _description 
2025-03-18 17:30:59,781 35860 WARNING odoo odoo.models: The model nursery.customer has no _description 
2025-03-18 17:30:59,781 35860 WARNING odoo odoo.models: The model nursery.order has no _description 
2025-03-18 17:30:59,781 35860 DEBUG odoo odoo.modules.loading: Module web_hierarchy loaded in 0.00s, 0 queries 
2025-03-18 17:30:59,781 35860 DEBUG odoo odoo.modules.loading: Loading module web_tour (13/37) 
2025-03-18 17:30:59,781 35860 DEBUG odoo odoo.modules.loading: Module web_tour loaded in 0.00s, 0 queries 
2025-03-18 17:30:59,781 35860 DEBUG odoo odoo.modules.loading: Loading module html_editor (14/37) 
2025-03-18 17:30:59,781 35860 DEBUG odoo odoo.modules.loading: Module html_editor loaded in 0.00s, 0 queries 
2025-03-18 17:30:59,781 35860 DEBUG odoo odoo.modules.loading: Loading module iap (15/37) 
2025-03-18 17:30:59,781 35860 DEBUG odoo odoo.modules.loading: Module iap loaded in 0.00s, 0 queries 
2025-03-18 17:30:59,781 35860 DEBUG odoo odoo.modules.loading: Loading module mail (16/37) 
2025-03-18 17:30:59,781 35860 WARNING odoo odoo.models: The model nursery.plant has no _description 
2025-03-18 17:30:59,781 35860 WARNING odoo odoo.models: The model nursery.customer has no _description 
2025-03-18 17:30:59,781 35860 WARNING odoo odoo.models: The model nursery.order has no _description 
2025-03-18 17:30:59,797 35860 DEBUG odoo odoo.modules.loading: Module mail loaded in 0.02s, 0 queries 
2025-03-18 17:30:59,797 35860 DEBUG odoo odoo.modules.loading: Loading module web_editor (17/37) 
2025-03-18 17:30:59,797 35860 WARNING odoo odoo.models: The model nursery.plant has no _description 
2025-03-18 17:30:59,797 35860 WARNING odoo odoo.models: The model nursery.customer has no _description 
2025-03-18 17:30:59,797 35860 WARNING odoo odoo.models: The model nursery.order has no _description 
2025-03-18 17:30:59,797 35860 WARNING odoo odoo.models: The model nursery.plant has no _description 
2025-03-18 17:30:59,797 35860 WARNING odoo odoo.models: The model nursery.customer has no _description 
2025-03-18 17:30:59,797 35860 WARNING odoo odoo.models: The model nursery.order has no _description 
2025-03-18 17:30:59,802 35860 DEBUG odoo odoo.modules.loading: Module web_editor loaded in 0.00s, 0 queries 
2025-03-18 17:30:59,802 35860 DEBUG odoo odoo.modules.loading: Loading module auth_signup (18/37) 
2025-03-18 17:30:59,803 35860 DEBUG odoo odoo.modules.loading: Module auth_signup loaded in 0.00s, 0 queries 
2025-03-18 17:30:59,803 35860 DEBUG odoo odoo.modules.loading: Loading module auth_totp_mail (19/37) 
2025-03-18 17:30:59,803 35860 DEBUG odoo odoo.modules.loading: Module auth_totp_mail loaded in 0.00s, 0 queries 
2025-03-18 17:30:59,803 35860 DEBUG odoo odoo.modules.loading: Loading module base_install_request (20/37) 
2025-03-18 17:30:59,803 35860 DEBUG odoo odoo.modules.loading: Module base_install_request loaded in 0.00s, 0 queries 
2025-03-18 17:30:59,803 35860 DEBUG odoo odoo.modules.loading: Loading module google_gmail (21/37) 
2025-03-18 17:30:59,803 35860 DEBUG odoo odoo.modules.loading: Module google_gmail loaded in 0.00s, 0 queries 
2025-03-18 17:30:59,803 35860 DEBUG odoo odoo.modules.loading: Loading module iap_mail (22/37) 
2025-03-18 17:30:59,804 35860 DEBUG odoo odoo.modules.loading: Module iap_mail loaded in 0.00s, 0 queries 
2025-03-18 17:30:59,804 35860 DEBUG odoo odoo.modules.loading: Loading module mail_bot (23/37) 
2025-03-18 17:30:59,804 35860 DEBUG odoo odoo.modules.loading: Module mail_bot loaded in 0.00s, 0 queries 
2025-03-18 17:30:59,804 35860 DEBUG odoo odoo.modules.loading: Loading module phone_validation (24/37) 
2025-03-18 17:30:59,805 35860 WARNING odoo odoo.models: The model nursery.plant has no _description 
2025-03-18 17:30:59,805 35860 WARNING odoo odoo.models: The model nursery.customer has no _description 
2025-03-18 17:30:59,805 35860 WARNING odoo odoo.models: The model nursery.order has no _description 
2025-03-18 17:30:59,806 35860 DEBUG odoo odoo.modules.loading: Module phone_validation loaded in 0.00s, 0 queries 
2025-03-18 17:30:59,806 35860 DEBUG odoo odoo.modules.loading: Loading module privacy_lookup (25/37) 
2025-03-18 17:30:59,806 35860 DEBUG odoo odoo.modules.loading: Module privacy_lookup loaded in 0.00s, 0 queries 
2025-03-18 17:30:59,807 35860 DEBUG odoo odoo.modules.loading: Loading module resource_mail (26/37) 
2025-03-18 17:30:59,807 35860 DEBUG odoo odoo.modules.loading: Module resource_mail loaded in 0.00s, 0 queries 
2025-03-18 17:30:59,807 35860 DEBUG odoo odoo.modules.loading: Loading module web_unsplash (27/37) 
2025-03-18 17:30:59,807 35860 DEBUG odoo odoo.modules.loading: Module web_unsplash loaded in 0.00s, 0 queries 
2025-03-18 17:30:59,807 35860 DEBUG odoo odoo.modules.loading: Loading module partner_autocomplete (28/37) 
2025-03-18 17:30:59,808 35860 DEBUG odoo odoo.modules.loading: Module partner_autocomplete loaded in 0.00s, 0 queries 
2025-03-18 17:30:59,808 35860 DEBUG odoo odoo.modules.loading: Loading module portal (29/37) 
2025-03-18 17:30:59,809 35860 DEBUG odoo odoo.modules.loading: Module portal loaded in 0.00s, 0 queries 
2025-03-18 17:30:59,809 35860 DEBUG odoo odoo.modules.loading: Loading module sms (30/37) 
2025-03-18 17:30:59,810 35860 DEBUG odoo odoo.modules.loading: Module sms loaded in 0.00s, 0 queries 
2025-03-18 17:30:59,810 35860 DEBUG odoo odoo.modules.loading: Loading module snailmail (31/37) 
2025-03-18 17:30:59,811 35860 DEBUG odoo odoo.modules.loading: Module snailmail loaded in 0.00s, 0 queries 
2025-03-18 17:30:59,811 35860 DEBUG odoo odoo.modules.loading: Loading module auth_totp_portal (32/37) 
2025-03-18 17:30:59,811 35860 DEBUG odoo odoo.modules.loading: Module auth_totp_portal loaded in 0.00s, 0 queries 
2025-03-18 17:30:59,811 35860 DEBUG odoo odoo.modules.loading: Loading module digest (33/37) 
2025-03-18 17:30:59,812 35860 DEBUG odoo odoo.modules.loading: Module digest loaded in 0.00s, 0 queries 
2025-03-18 17:30:59,812 35860 DEBUG odoo odoo.modules.loading: Loading module hr (34/37) 
2025-03-18 17:30:59,814 35860 WARNING odoo odoo.models: The model nursery.plant has no _description 
2025-03-18 17:30:59,814 35860 WARNING odoo odoo.models: The model nursery.customer has no _description 
2025-03-18 17:30:59,814 35860 WARNING odoo odoo.models: The model nursery.order has no _description 
2025-03-18 17:30:59,816 35860 DEBUG odoo odoo.modules.loading: Module hr loaded in 0.00s, 0 queries 
2025-03-18 17:30:59,816 35860 DEBUG odoo odoo.modules.loading: Loading module hr_org_chart (35/37) 
2025-03-18 17:30:59,816 35860 DEBUG odoo odoo.modules.loading: Module hr_org_chart loaded in 0.00s, 0 queries 
2025-03-18 17:30:59,816 35860 DEBUG odoo odoo.modules.loading: Loading module hr_skills (36/37) 
2025-03-18 17:30:59,816 35860 DEBUG odoo odoo.modules.loading: Module hr_skills loaded in 0.00s, 0 queries 
2025-03-18 17:30:59,816 35860 DEBUG odoo odoo.modules.loading: Loading module mail_bot_hr (37/37) 
2025-03-18 17:30:59,816 35860 DEBUG odoo odoo.modules.loading: Module mail_bot_hr loaded in 0.00s, 0 queries 
2025-03-18 17:30:59,816 35860 INFO odoo odoo.modules.loading: 37 modules loaded in 0.04s, 0 queries (+0 extra) 
2025-03-18 17:31:00,266 35860 INFO odoo odoo.addons.base.models.ir_module: ALLOW access to module.module_uninstall on ['Plant Nursery'] to user __system__ #1 via 127.0.0.1 
2025-03-18 17:31:00,282 35860 INFO odoo odoo.addons.base.models.ir_model: Deleting ir.ui.menu(147, 146) 
2025-03-18 17:31:00,283 35860 DEBUG odoo odoo.modules.registry: Invalidating default model caches from unlink C:\odoo\odoo\odoo\addons\base\models\ir_model.py:2291 
2025-03-18 17:31:00,287 35860 DEBUG odoo odoo.modules.registry: Invalidating default model caches from write C:\odoo\odoo\odoo\addons\base\models\ir_ui_menu.py:173 
2025-03-18 17:31:00,305 35860 DEBUG odoo odoo.modules.registry: Invalidating default model caches from unlink C:\odoo\odoo\odoo\addons\base\models\ir_ui_menu.py:198 
2025-03-18 17:31:00,324 35860 DEBUG odoo odoo.modules.registry: Invalidating default model caches from unlink C:\odoo\odoo\odoo\addons\base\models\ir_model.py:2291 
2025-03-18 17:31:00,337 35860 INFO odoo odoo.models.unlink: User #1 deleted ir.model.data records with IDs: [23059, 23058] 
2025-03-18 17:31:00,337 35860 INFO odoo odoo.models.unlink: User #1 deleted ir.ui.menu records with IDs: [147, 146] 
2025-03-18 17:31:00,337 35860 INFO odoo odoo.addons.base.models.ir_model: Deleting ir.actions.act_window(208,) 
2025-03-18 17:31:00,337 35860 DEBUG odoo odoo.modules.registry: Invalidating default model caches from unlink C:\odoo\odoo\odoo\addons\base\models\ir_model.py:2291 
2025-03-18 17:31:00,337 35860 DEBUG odoo odoo.modules.registry: Invalidating default model caches from unlink C:\odoo\odoo\odoo\addons\base\models\ir_actions.py:359 
2025-03-18 17:31:00,407 35860 DEBUG odoo odoo.modules.registry: Invalidating default model caches from unlink C:\odoo\odoo\odoo\addons\base\models\ir_model.py:2291 
2025-03-18 17:31:00,423 35860 INFO odoo odoo.models.unlink: User #1 deleted ir.model.data records with IDs: [23057] 
2025-03-18 17:31:00,423 35860 INFO odoo odoo.models.unlink: User #1 deleted ir.actions.act_window records with IDs: [208] 
2025-03-18 17:31:00,423 35860 DEBUG odoo odoo.modules.registry: Invalidating default model caches from unlink C:\odoo\odoo\odoo\addons\base\models\ir_actions.py:126 
2025-03-18 17:31:00,423 35860 INFO odoo odoo.addons.base.models.ir_model: Deleting ir.model.access(345, 344) 
2025-03-18 17:31:00,423 35860 DEBUG odoo odoo.modules.registry: Invalidating default model caches from unlink C:\odoo\odoo\odoo\addons\base\models\ir_model.py:2291 
2025-03-18 17:31:00,423 35860 DEBUG odoo odoo.modules.registry: Invalidating default model caches from call_cache_clearing_methods C:\odoo\odoo\odoo\addons\base\models\ir_model.py:2136 
2025-03-18 17:31:00,440 35860 DEBUG odoo odoo.modules.registry: Invalidating default model caches from unlink C:\odoo\odoo\odoo\addons\base\models\ir_model.py:2291 
2025-03-18 17:31:00,450 35860 INFO odoo odoo.models.unlink: User #1 deleted ir.model.data records with IDs: [23056, 23055] 
2025-03-18 17:31:00,450 35860 INFO odoo odoo.models.unlink: User #1 deleted ir.model.access records with IDs: [345, 344] 
2025-03-18 17:31:00,459 35860 DEBUG odoo odoo.modules.registry: Invalidating templates model caches from unlink C:\odoo\odoo\odoo\addons\base\models\ir_ui_view.py:556 
2025-03-18 17:31:00,463 35860 INFO odoo odoo.addons.base.models.ir_model: ir.model.data could not be deleted ([]) 
2025-03-18 17:31:00,463 35860 DEBUG odoo odoo.modules.registry: Invalidating default model caches from unlink C:\odoo\odoo\odoo\addons\base\models\ir_model.py:2291 
2025-03-18 17:31:00,487 35860 INFO odoo odoo.models.unlink: User #1 deleted ir.model.data records with IDs: [23059, 23058, 23057, 23056, 23055, 23054, 23053, 23052, 23051, 23050, 23049, 23048, 23047, 23046, 23045, 23044, 23043, 23042, 23041, 23040, 23039, 23038, 23037] 
2025-03-18 17:31:00,497 35860 INFO odoo odoo.modules.loading: Reloading registry once more after uninstalling modules 
2025-03-18 17:31:00,521 35860 DEBUG odoo odoo.modules.registry: Multiprocess load registry signaling: [Registry: 58] [Cache default: 2] [Cache assets: 1] [Cache templates: 1] [Cache routing: 1] [Cache groups: 1] 
2025-03-18 17:31:00,524 35860 INFO odoo odoo.modules.loading: loading 1 modules... 
2025-03-18 17:31:00,524 35860 DEBUG odoo odoo.modules.loading: Loading module base (1/1) 
2025-03-18 17:31:00,546 35860 DEBUG odoo odoo.modules.loading: Module base loaded in 0.02s, 0 queries 
2025-03-18 17:31:00,548 35860 INFO odoo odoo.modules.loading: 1 modules loaded in 0.02s, 0 queries (+0 extra) 
2025-03-18 17:31:00,605 35860 INFO odoo odoo.modules.loading: updating modules list 
2025-03-18 17:31:00,611 35860 INFO odoo odoo.addons.base.models.ir_module: ALLOW access to module.update_list on [] to user __system__ #1 via 127.0.0.1 
2025-03-18 17:31:01,295 35860 DEBUG odoo odoo.modules.loading: Updating graph with 36 more modules 
2025-03-18 17:31:01,295 35860 INFO odoo odoo.modules.loading: loading 37 modules... 
2025-03-18 17:31:01,295 35860 DEBUG odoo odoo.modules.loading: Loading module estate (2/37) 
2025-03-18 17:31:01,295 35860 DEBUG odoo odoo.modules.loading: Module estate loaded in 0.00s, 0 queries 
2025-03-18 17:31:01,295 35860 DEBUG odoo odoo.modules.loading: Loading module web (3/37) 
2025-03-18 17:31:01,295 35860 DEBUG odoo odoo.modules.loading: Module web loaded in 0.00s, 0 queries 
2025-03-18 17:31:01,295 35860 DEBUG odoo odoo.modules.loading: Loading module auth_totp (4/37) 
2025-03-18 17:31:01,295 35860 DEBUG odoo odoo.modules.loading: Module auth_totp loaded in 0.00s, 0 queries 
2025-03-18 17:31:01,295 35860 DEBUG odoo odoo.modules.loading: Loading module base_import (5/37) 
2025-03-18 17:31:01,295 35860 DEBUG odoo odoo.modules.loading: Module base_import loaded in 0.00s, 0 queries 
2025-03-18 17:31:01,295 35860 DEBUG odoo odoo.modules.loading: Loading module base_import_module (6/37) 
2025-03-18 17:31:01,295 35860 DEBUG odoo odoo.modules.loading: Module base_import_module loaded in 0.00s, 0 queries 
2025-03-18 17:31:01,295 35860 DEBUG odoo odoo.modules.loading: Loading module base_setup (7/37) 
2025-03-18 17:31:01,295 35860 DEBUG odoo odoo.modules.loading: Module base_setup loaded in 0.00s, 0 queries 
2025-03-18 17:31:01,295 35860 DEBUG odoo odoo.modules.loading: Loading module bus (8/37) 
2025-03-18 17:31:01,295 35860 DEBUG odoo odoo.modules.loading: Module bus loaded in 0.00s, 0 queries 
2025-03-18 17:31:01,295 35860 DEBUG odoo odoo.modules.loading: Loading module http_routing (9/37) 
2025-03-18 17:31:01,311 35860 DEBUG odoo odoo.modules.loading: Module http_routing loaded in 0.02s, 0 queries 
2025-03-18 17:31:01,311 35860 DEBUG odoo odoo.modules.loading: Loading module plant_nursery (10/37) 
2025-03-18 17:31:01,311 35860 WARNING odoo odoo.models: The model nursery.plant has no _description 
2025-03-18 17:31:01,311 35860 WARNING odoo odoo.models: The model nursery.customer has no _description 
2025-03-18 17:31:01,311 35860 WARNING odoo odoo.models: The model nursery.order has no _description 
2025-03-18 17:31:01,311 35860 DEBUG odoo odoo.modules.loading: Module plant_nursery loaded in 0.00s, 0 queries 
2025-03-18 17:31:01,311 35860 DEBUG odoo odoo.modules.loading: Loading module resource (11/37) 
2025-03-18 17:31:01,312 35860 DEBUG odoo odoo.modules.loading: Module resource loaded in 0.00s, 0 queries 
2025-03-18 17:31:01,312 35860 DEBUG odoo odoo.modules.loading: Loading module web_hierarchy (12/37) 
2025-03-18 17:31:01,313 35860 WARNING odoo odoo.models: The model nursery.plant has no _description 
2025-03-18 17:31:01,314 35860 WARNING odoo odoo.models: The model nursery.customer has no _description 
2025-03-18 17:31:01,314 35860 WARNING odoo odoo.models: The model nursery.order has no _description 
2025-03-18 17:31:01,315 35860 DEBUG odoo odoo.modules.loading: Module web_hierarchy loaded in 0.00s, 0 queries 
2025-03-18 17:31:01,315 35860 DEBUG odoo odoo.modules.loading: Loading module web_tour (13/37) 
2025-03-18 17:31:01,315 35860 DEBUG odoo odoo.modules.loading: Module web_tour loaded in 0.00s, 0 queries 
2025-03-18 17:31:01,315 35860 DEBUG odoo odoo.modules.loading: Loading module html_editor (14/37) 
2025-03-18 17:31:01,316 35860 DEBUG odoo odoo.modules.loading: Module html_editor loaded in 0.00s, 0 queries 
2025-03-18 17:31:01,316 35860 DEBUG odoo odoo.modules.loading: Loading module iap (15/37) 
2025-03-18 17:31:01,316 35860 DEBUG odoo odoo.modules.loading: Module iap loaded in 0.00s, 0 queries 
2025-03-18 17:31:01,316 35860 DEBUG odoo odoo.modules.loading: Loading module mail (16/37) 
2025-03-18 17:31:01,318 35860 WARNING odoo odoo.models: The model nursery.plant has no _description 
2025-03-18 17:31:01,318 35860 WARNING odoo odoo.models: The model nursery.customer has no _description 
2025-03-18 17:31:01,318 35860 WARNING odoo odoo.models: The model nursery.order has no _description 
2025-03-18 17:31:01,320 35860 DEBUG odoo odoo.modules.loading: Module mail loaded in 0.00s, 0 queries 
2025-03-18 17:31:01,321 35860 DEBUG odoo odoo.modules.loading: Loading module web_editor (17/37) 
2025-03-18 17:31:01,322 35860 WARNING odoo odoo.models: The model nursery.plant has no _description 
2025-03-18 17:31:01,322 35860 WARNING odoo odoo.models: The model nursery.customer has no _description 
2025-03-18 17:31:01,322 35860 WARNING odoo odoo.models: The model nursery.order has no _description 
2025-03-18 17:31:01,324 35860 WARNING odoo odoo.models: The model nursery.plant has no _description 
2025-03-18 17:31:01,324 35860 WARNING odoo odoo.models: The model nursery.customer has no _description 
2025-03-18 17:31:01,324 35860 WARNING odoo odoo.models: The model nursery.order has no _description 
2025-03-18 17:31:01,326 35860 DEBUG odoo odoo.modules.loading: Module web_editor loaded in 0.00s, 0 queries 
2025-03-18 17:31:01,326 35860 DEBUG odoo odoo.modules.loading: Loading module auth_signup (18/37) 
2025-03-18 17:31:01,326 35860 DEBUG odoo odoo.modules.loading: Module auth_signup loaded in 0.00s, 0 queries 
2025-03-18 17:31:01,326 35860 DEBUG odoo odoo.modules.loading: Loading module auth_totp_mail (19/37) 
2025-03-18 17:31:01,326 35860 DEBUG odoo odoo.modules.loading: Module auth_totp_mail loaded in 0.00s, 0 queries 
2025-03-18 17:31:01,326 35860 DEBUG odoo odoo.modules.loading: Loading module base_install_request (20/37) 
2025-03-18 17:31:01,327 35860 DEBUG odoo odoo.modules.loading: Module base_install_request loaded in 0.00s, 0 queries 
2025-03-18 17:31:01,327 35860 DEBUG odoo odoo.modules.loading: Loading module google_gmail (21/37) 
2025-03-18 17:31:01,328 35860 DEBUG odoo odoo.modules.loading: Module google_gmail loaded in 0.00s, 0 queries 
2025-03-18 17:31:01,328 35860 DEBUG odoo odoo.modules.loading: Loading module iap_mail (22/37) 
2025-03-18 17:31:01,328 35860 DEBUG odoo odoo.modules.loading: Module iap_mail loaded in 0.00s, 0 queries 
2025-03-18 17:31:01,328 35860 DEBUG odoo odoo.modules.loading: Loading module mail_bot (23/37) 
2025-03-18 17:31:01,328 35860 DEBUG odoo odoo.modules.loading: Module mail_bot loaded in 0.00s, 0 queries 
2025-03-18 17:31:01,328 35860 DEBUG odoo odoo.modules.loading: Loading module phone_validation (24/37) 
2025-03-18 17:31:01,330 35860 WARNING odoo odoo.models: The model nursery.plant has no _description 
2025-03-18 17:31:01,330 35860 WARNING odoo odoo.models: The model nursery.customer has no _description 
2025-03-18 17:31:01,331 35860 WARNING odoo odoo.models: The model nursery.order has no _description 
2025-03-18 17:31:01,333 35860 DEBUG odoo odoo.modules.loading: Module phone_validation loaded in 0.00s, 0 queries 
2025-03-18 17:31:01,333 35860 DEBUG odoo odoo.modules.loading: Loading module privacy_lookup (25/37) 
2025-03-18 17:31:01,334 35860 DEBUG odoo odoo.modules.loading: Module privacy_lookup loaded in 0.00s, 0 queries 
2025-03-18 17:31:01,334 35860 DEBUG odoo odoo.modules.loading: Loading module resource_mail (26/37) 
2025-03-18 17:31:01,334 35860 DEBUG odoo odoo.modules.loading: Module resource_mail loaded in 0.00s, 0 queries 
2025-03-18 17:31:01,334 35860 DEBUG odoo odoo.modules.loading: Loading module web_unsplash (27/37) 
2025-03-18 17:31:01,334 35860 DEBUG odoo odoo.modules.loading: Module web_unsplash loaded in 0.00s, 0 queries 
2025-03-18 17:31:01,334 35860 DEBUG odoo odoo.modules.loading: Loading module partner_autocomplete (28/37) 
2025-03-18 17:31:01,335 35860 DEBUG odoo odoo.modules.loading: Module partner_autocomplete loaded in 0.00s, 0 queries 
2025-03-18 17:31:01,335 35860 DEBUG odoo odoo.modules.loading: Loading module portal (29/37) 
2025-03-18 17:31:01,336 35860 DEBUG odoo odoo.modules.loading: Module portal loaded in 0.00s, 0 queries 
2025-03-18 17:31:01,336 35860 DEBUG odoo odoo.modules.loading: Loading module sms (30/37) 
2025-03-18 17:31:01,338 35860 DEBUG odoo odoo.modules.loading: Module sms loaded in 0.00s, 0 queries 
2025-03-18 17:31:01,338 35860 DEBUG odoo odoo.modules.loading: Loading module snailmail (31/37) 
2025-03-18 17:31:01,338 35860 DEBUG odoo odoo.modules.loading: Module snailmail loaded in 0.00s, 0 queries 
2025-03-18 17:31:01,339 35860 DEBUG odoo odoo.modules.loading: Loading module auth_totp_portal (32/37) 
2025-03-18 17:31:01,339 35860 DEBUG odoo odoo.modules.loading: Module auth_totp_portal loaded in 0.00s, 0 queries 
2025-03-18 17:31:01,339 35860 DEBUG odoo odoo.modules.loading: Loading module digest (33/37) 
2025-03-18 17:31:01,340 35860 DEBUG odoo odoo.modules.loading: Module digest loaded in 0.00s, 0 queries 
2025-03-18 17:31:01,340 35860 DEBUG odoo odoo.modules.loading: Loading module hr (34/37) 
2025-03-18 17:31:01,342 35860 WARNING odoo odoo.models: The model nursery.plant has no _description 
2025-03-18 17:31:01,342 35860 WARNING odoo odoo.models: The model nursery.customer has no _description 
2025-03-18 17:31:01,343 35860 WARNING odoo odoo.models: The model nursery.order has no _description 
2025-03-18 17:31:01,344 35860 DEBUG odoo odoo.modules.loading: Module hr loaded in 0.00s, 0 queries 
2025-03-18 17:31:01,344 35860 DEBUG odoo odoo.modules.loading: Loading module hr_org_chart (35/37) 
2025-03-18 17:31:01,344 35860 DEBUG odoo odoo.modules.loading: Module hr_org_chart loaded in 0.00s, 0 queries 
2025-03-18 17:31:01,344 35860 DEBUG odoo odoo.modules.loading: Loading module hr_skills (36/37) 
2025-03-18 17:31:01,346 35860 DEBUG odoo odoo.modules.loading: Module hr_skills loaded in 0.00s, 0 queries 
2025-03-18 17:31:01,346 35860 DEBUG odoo odoo.modules.loading: Loading module mail_bot_hr (37/37) 
2025-03-18 17:31:01,346 35860 DEBUG odoo odoo.modules.loading: Module mail_bot_hr loaded in 0.00s, 0 queries 
2025-03-18 17:31:01,347 35860 INFO odoo odoo.modules.loading: 37 modules loaded in 0.05s, 0 queries (+0 extra) 
2025-03-18 17:31:01,766 35860 DEBUG odoo odoo.modules.registry: Invalidating templates model caches from write C:\odoo\odoo\odoo\addons\base\models\ir_ui_view.py:533 
2025-03-18 17:31:01,778 35860 DEBUG odoo odoo.modules.registry: Invalidating templates model caches from write C:\odoo\odoo\odoo\addons\base\models\ir_ui_view.py:533 
2025-03-18 17:31:02,554 35860 INFO odoo odoo.modules.loading: Modules loaded. 
2025-03-18 17:31:02,568 35860 INFO odoo odoo.modules.registry: Registry changed, signaling through the database 
2025-03-18 17:31:02,570 35860 INFO odoo odoo.modules.registry: Registry loaded in 2.074s 
2025-03-18 17:31:02,574 35860 INFO odoo odoo.modules.registry: Registry changed, signaling through the database 
2025-03-18 17:31:02,575 35860 INFO odoo odoo.modules.registry: Registry loaded in 3.780s 
2025-03-18 17:31:02,575 35860 INFO odoo odoo.addons.base.models.ir_module: getting next ir.actions.todo() 
2025-03-18 17:31:02,585 35860 INFO odoo werkzeug: 127.0.0.1 - - [18/Mar/2025 17:31:02] "POST /web/dataset/call_button/base.module.uninstall/action_uninstall HTTP/1.1" 200 - 3811 1.812 2.003
2025-03-18 17:31:02,624 35860 INFO odoo odoo.addons.base.models.ir_http: Generating routing map for key None 
2025-03-18 17:31:03,607 35860 INFO odoo werkzeug: 127.0.0.1 - - [18/Mar/2025 17:31:03] "GET /odoo HTTP/1.1" 200 - 91 0.054 0.932
2025-03-18 17:31:03,916 35860 INFO odoo werkzeug: 127.0.0.1 - - [18/Mar/2025 17:31:03] "POST /web/action/load HTTP/1.1" 200 - 7 0.003 0.026
2025-03-18 17:31:04,329 35860 INFO odoo werkzeug: 127.0.0.1 - - [18/Mar/2025 17:31:04] "POST /mail/data HTTP/1.1" 200 - 35 0.048 0.092
2025-03-18 17:31:04,405 35860 INFO odoo werkzeug: 127.0.0.1 - - [18/Mar/2025 17:31:04] "GET /web/image?model=res.users&field=avatar_128&id=2 HTTP/1.1" 304 - 16 0.064 0.051
2025-03-18 17:31:04,497 35860 INFO odoo werkzeug: 127.0.0.1 - - [18/Mar/2025 17:31:04] "POST /mail/data HTTP/1.1" 200 - 64 0.162 0.144
2025-03-18 17:31:04,750 35860 INFO odoo werkzeug: 127.0.0.1 - - [18/Mar/2025 17:31:04] "POST /mail/inbox/messages HTTP/1.1" 200 - 5 0.005 0.010
2025-03-18 17:31:04,887 35860 INFO odoo werkzeug: 127.0.0.1 - - [18/Mar/2025 17:31:04] "GET /web/manifest.webmanifest HTTP/1.1" 200 - 9 0.002 0.013
2025-03-18 17:31:06,458 35860 INFO odoo werkzeug: 127.0.0.1 - - [18/Mar/2025 17:31:06] "GET /web/service-worker.js HTTP/1.1" 200 - 1 0.001 0.008
2025-03-18 17:31:14,382 35860 INFO odoo werkzeug: 127.0.0.1 - - [18/Mar/2025 17:31:14] "POST /web/action/load HTTP/1.1" 200 - 10 0.013 0.029
2025-03-18 17:31:14,712 35860 DEBUG odoo odoo.api: call ir.module.module().get_views(options={'action_id': 39, 'embedded_action_id': False, 'embedded_parent_res_id': False, 'load_filters': True, 'toolbar': True}, views=[[False, 'kanban'], [False, 'list'], [False, 'form'], [95, 'search']]) 
2025-03-18 17:31:14,852 35860 INFO odoo werkzeug: 127.0.0.1 - - [18/Mar/2025 17:31:14] "POST /web/dataset/call_kw/ir.module.module/get_views HTTP/1.1" 200 - 56 0.024 0.120
2025-03-18 17:31:14,960 35860 DEBUG odoo odoo.api: call ir.module.module().search_panel_select_range('module_type', category_domain=[], enable_counters=False, expand=True, filter_domain=[], hierarchize=True, limit=200, search_domain=[['application', '=', True]]) 
2025-03-18 17:31:14,960 35860 INFO odoo werkzeug: 127.0.0.1 - - [18/Mar/2025 17:31:14] "POST /web/dataset/call_kw/ir.module.module/search_panel_select_range HTTP/1.1" 200 - 1 0.000 0.004
2025-03-18 17:31:15,175 35860 DEBUG odoo odoo.api: call ir.module.module().search_panel_select_range('category_id', category_domain=[], enable_counters=True, expand=False, filter_domain=[], hierarchize=True, limit=200, search_domain=[['application', '=', True]]) 
2025-03-18 17:31:15,176 35860 DEBUG odoo odoo.api: call ir.module.module().web_search_read(count_limit=10001, domain=[['application', '=', True]], limit=80, offset=0, order='', specification={'to_buy': {}, 'name': {}, 'state': {}, 'summary': {}, 'website': {}, 'application': {}, 'module_type': {}, 'icon': {}, 'icon_flag': {}, 'shortdesc': {}}) 
2025-03-18 17:31:15,216 35860 INFO odoo werkzeug: 127.0.0.1 - - [18/Mar/2025 17:31:15] "POST /web/dataset/call_kw/ir.module.module/search_panel_select_range HTTP/1.1" 200 - 56 0.028 0.017
2025-03-18 17:31:15,230 35860 INFO odoo werkzeug: 127.0.0.1 - - [18/Mar/2025 17:31:15] "POST /web/dataset/call_kw/ir.module.module/web_search_read HTTP/1.1" 200 - 4 0.003 0.056
2025-03-18 17:31:15,280 35860 DEBUG ? odoo.service.server: cron0 polling for jobs 
2025-03-18 17:31:16,339 35860 DEBUG ? odoo.service.server: cron1 polling for jobs 
2025-03-18 17:31:16,848 35860 DEBUG odoo odoo.api: call ir.module.module().search_panel_select_range('category_id', category_domain=[], enable_counters=True, expand=False, filter_domain=[], hierarchize=True, limit=200, search_domain=[]) 
2025-03-18 17:31:16,914 35860 INFO odoo werkzeug: 127.0.0.1 - - [18/Mar/2025 17:31:16] "POST /web/dataset/call_kw/ir.module.module/search_panel_select_range HTTP/1.1" 200 - 54 0.038 0.031
2025-03-18 17:31:17,165 35860 DEBUG odoo odoo.api: call ir.module.module().web_search_read(count_limit=10001, domain=[], limit=80, offset=0, order='', specification={'to_buy': {}, 'name': {}, 'state': {}, 'summary': {}, 'website': {}, 'application': {}, 'module_type': {}, 'icon': {}, 'icon_flag': {}, 'shortdesc': {}}) 
2025-03-18 17:31:17,214 35860 INFO odoo werkzeug: 127.0.0.1 - - [18/Mar/2025 17:31:17] "POST /web/dataset/call_kw/ir.module.module/web_search_read HTTP/1.1" 200 - 4 0.009 0.048
2025-03-18 17:31:23,183 35860 DEBUG odoo odoo.api: call ir.module.module().search_panel_select_range('category_id', category_domain=[], enable_counters=True, expand=False, filter_domain=[], hierarchize=True, limit=200, search_domain=['|', '|', ['summary', 'ilike', 'Plant Nursery'], ['shortdesc', 'ilike', 'Plant Nursery'], ['name', 'ilike', 'Plant Nursery']]) 
2025-03-18 17:31:23,306 35860 INFO odoo werkzeug: 127.0.0.1 - - [18/Mar/2025 17:31:23] "POST /web/dataset/call_kw/ir.module.module/search_panel_select_range HTTP/1.1" 200 - 54 0.079 0.054
2025-03-18 17:31:23,418 35860 DEBUG odoo odoo.api: call ir.module.module().web_search_read(count_limit=10001, domain=['|', '|', ['summary', 'ilike', 'Plant Nursery'], ['shortdesc', 'ilike', 'Plant Nursery'], ['name', 'ilike', 'Plant Nursery']], limit=80, offset=0, order='', specification={'to_buy': {}, 'name': {}, 'state': {}, 'summary': {}, 'website': {}, 'application': {}, 'module_type': {}, 'icon': {}, 'icon_flag': {}, 'shortdesc': {}}) 
2025-03-18 17:31:23,440 35860 INFO odoo werkzeug: 127.0.0.1 - - [18/Mar/2025 17:31:23] "POST /web/dataset/call_kw/ir.module.module/web_search_read HTTP/1.1" 200 - 3 0.008 0.018
2025-03-18 17:31:30,683 35860 DEBUG odoo odoo.api: call ir.module.module(632,).button_uninstall_wizard() 
2025-03-18 17:31:30,694 35860 INFO odoo odoo.addons.base.models.ir_module: ALLOW access to module.button_uninstall_wizard on ['Plant Nursery'] to user admin #2 via 127.0.0.1 
2025-03-18 17:31:30,694 35860 INFO odoo werkzeug: 127.0.0.1 - - [18/Mar/2025 17:31:30] "POST /web/dataset/call_button/ir.module.module/button_uninstall_wizard HTTP/1.1" 200 - 3 0.001 0.017
2025-03-18 17:31:31,021 35860 DEBUG odoo odoo.api: call base.module.uninstall().get_views(options={'action_id': False, 'embedded_action_id': False, 'embedded_parent_res_id': False, 'load_filters': False, 'toolbar': False}, views=[[False, 'form']]) 
2025-03-18 17:31:31,062 35860 INFO odoo werkzeug: 127.0.0.1 - - [18/Mar/2025 17:31:31] "POST /web/dataset/call_kw/base.module.uninstall/get_views HTTP/1.1" 200 - 15 0.004 0.043
2025-03-18 17:31:31,288 35860 DEBUG odoo odoo.api: call base.module.uninstall().onchange({}, [], {'show_all': {}, 'module_ids': {'fields': {'state': {}, 'icon': {}, 'shortdesc': {}, 'name': {}}, 'limit': 40, 'order': ''}, 'model_ids': {'fields': {'name': {}, 'count': {}}, 'limit': 40, 'order': ''}}) 
2025-03-18 17:31:31,313 35860 INFO odoo werkzeug: 127.0.0.1 - - [18/Mar/2025 17:31:31] "POST /web/dataset/call_kw/base.module.uninstall/onchange HTTP/1.1" 200 - 9 0.007 0.025
2025-03-18 17:31:33,860 35860 DEBUG odoo odoo.api: call base.module.uninstall().web_save({'show_all': False}, specification={'show_all': {}, 'module_ids': {'fields': {'state': {}, 'icon': {}, 'shortdesc': {}, 'name': {}}, 'limit': 40, 'order': ''}, 'model_ids': {'fields': {'name': {}, 'count': {}}, 'limit': 40, 'order': ''}}) 
2025-03-18 17:31:33,895 35860 INFO odoo werkzeug: 127.0.0.1 - - [18/Mar/2025 17:31:33] "POST /web/dataset/call_kw/base.module.uninstall/web_save HTTP/1.1" 200 - 11 0.021 0.014
2025-03-18 17:31:34,214 35860 DEBUG odoo odoo.api: call base.module.uninstall(2,).action_uninstall() 
2025-03-18 17:31:34,221 35860 INFO odoo odoo.addons.base.models.ir_module: ALLOW access to module.button_immediate_uninstall on ['Plant Nursery'] to user admin #2 via 127.0.0.1 
2025-03-18 17:31:34,221 35860 INFO odoo odoo.addons.base.models.ir_module: User #2 triggered module uninstallation 
2025-03-18 17:31:34,221 35860 INFO odoo odoo.addons.base.models.ir_module: ALLOW access to module.button_uninstall on ['Plant Nursery'] to user admin #2 via 127.0.0.1 
2025-03-18 17:31:34,249 35860 DEBUG odoo odoo.modules.registry: Multiprocess load registry signaling: [Registry: 60] [Cache default: 2] [Cache assets: 1] [Cache templates: 1] [Cache routing: 1] [Cache groups: 1] 
2025-03-18 17:31:34,252 35860 INFO odoo odoo.modules.loading: loading 1 modules... 
2025-03-18 17:31:34,252 35860 DEBUG odoo odoo.modules.loading: Loading module base (1/1) 
2025-03-18 17:31:34,256 35860 DEBUG odoo odoo.modules.loading: Module base loaded in 0.00s, 0 queries 
2025-03-18 17:31:34,256 35860 INFO odoo odoo.modules.loading: 1 modules loaded in 0.00s, 0 queries (+0 extra) 
2025-03-18 17:31:34,298 35860 INFO odoo odoo.modules.loading: updating modules list 
2025-03-18 17:31:34,306 35860 INFO odoo odoo.addons.base.models.ir_module: ALLOW access to module.update_list on [] to user __system__ #1 via 127.0.0.1 
2025-03-18 17:31:35,052 35860 DEBUG odoo odoo.modules.loading: Updating graph with 36 more modules 
2025-03-18 17:31:35,052 35860 INFO odoo odoo.modules.loading: loading 37 modules... 
2025-03-18 17:31:35,052 35860 DEBUG odoo odoo.modules.loading: Loading module estate (2/37) 
2025-03-18 17:31:35,052 35860 DEBUG odoo odoo.modules.loading: Module estate loaded in 0.00s, 0 queries 
2025-03-18 17:31:35,052 35860 DEBUG odoo odoo.modules.loading: Loading module web (3/37) 
2025-03-18 17:31:35,052 35860 DEBUG odoo odoo.modules.loading: Module web loaded in 0.00s, 0 queries 
2025-03-18 17:31:35,052 35860 DEBUG odoo odoo.modules.loading: Loading module auth_totp (4/37) 
2025-03-18 17:31:35,052 35860 DEBUG odoo odoo.modules.loading: Module auth_totp loaded in 0.00s, 0 queries 
2025-03-18 17:31:35,052 35860 DEBUG odoo odoo.modules.loading: Loading module base_import (5/37) 
2025-03-18 17:31:35,052 35860 DEBUG odoo odoo.modules.loading: Module base_import loaded in 0.00s, 0 queries 
2025-03-18 17:31:35,052 35860 DEBUG odoo odoo.modules.loading: Loading module base_import_module (6/37) 
2025-03-18 17:31:35,052 35860 DEBUG odoo odoo.modules.loading: Module base_import_module loaded in 0.00s, 0 queries 
2025-03-18 17:31:35,052 35860 DEBUG odoo odoo.modules.loading: Loading module base_setup (7/37) 
2025-03-18 17:31:35,052 35860 DEBUG odoo odoo.modules.loading: Module base_setup loaded in 0.00s, 0 queries 
2025-03-18 17:31:35,052 35860 DEBUG odoo odoo.modules.loading: Loading module bus (8/37) 
2025-03-18 17:31:35,052 35860 DEBUG odoo odoo.modules.loading: Module bus loaded in 0.00s, 0 queries 
2025-03-18 17:31:35,052 35860 DEBUG odoo odoo.modules.loading: Loading module http_routing (9/37) 
2025-03-18 17:31:35,064 35860 DEBUG odoo odoo.modules.loading: Module http_routing loaded in 0.01s, 0 queries 
2025-03-18 17:31:35,064 35860 DEBUG odoo odoo.modules.loading: Loading module plant_nursery (10/37) 
2025-03-18 17:31:35,064 35860 WARNING odoo odoo.models: The model nursery.plant has no _description 
2025-03-18 17:31:35,064 35860 WARNING odoo odoo.models: The model nursery.customer has no _description 
2025-03-18 17:31:35,064 35860 WARNING odoo odoo.models: The model nursery.order has no _description 
2025-03-18 17:31:35,064 35860 DEBUG odoo odoo.modules.loading: Module plant_nursery loaded in 0.00s, 0 queries 
2025-03-18 17:31:35,064 35860 DEBUG odoo odoo.modules.loading: Loading module resource (11/37) 
2025-03-18 17:31:35,064 35860 DEBUG odoo odoo.modules.loading: Module resource loaded in 0.00s, 0 queries 
2025-03-18 17:31:35,064 35860 DEBUG odoo odoo.modules.loading: Loading module web_hierarchy (12/37) 
2025-03-18 17:31:35,064 35860 WARNING odoo odoo.models: The model nursery.plant has no _description 
2025-03-18 17:31:35,064 35860 WARNING odoo odoo.models: The model nursery.customer has no _description 
2025-03-18 17:31:35,064 35860 WARNING odoo odoo.models: The model nursery.order has no _description 
2025-03-18 17:31:35,064 35860 DEBUG odoo odoo.modules.loading: Module web_hierarchy loaded in 0.00s, 0 queries 
2025-03-18 17:31:35,064 35860 DEBUG odoo odoo.modules.loading: Loading module web_tour (13/37) 
2025-03-18 17:31:35,064 35860 DEBUG odoo odoo.modules.loading: Module web_tour loaded in 0.00s, 0 queries 
2025-03-18 17:31:35,064 35860 DEBUG odoo odoo.modules.loading: Loading module html_editor (14/37) 
2025-03-18 17:31:35,064 35860 DEBUG odoo odoo.modules.loading: Module html_editor loaded in 0.00s, 0 queries 
2025-03-18 17:31:35,064 35860 DEBUG odoo odoo.modules.loading: Loading module iap (15/37) 
2025-03-18 17:31:35,064 35860 DEBUG odoo odoo.modules.loading: Module iap loaded in 0.00s, 0 queries 
2025-03-18 17:31:35,064 35860 DEBUG odoo odoo.modules.loading: Loading module mail (16/37) 
2025-03-18 17:31:35,064 35860 WARNING odoo odoo.models: The model nursery.plant has no _description 
2025-03-18 17:31:35,064 35860 WARNING odoo odoo.models: The model nursery.customer has no _description 
2025-03-18 17:31:35,064 35860 WARNING odoo odoo.models: The model nursery.order has no _description 
2025-03-18 17:31:35,064 35860 DEBUG odoo odoo.modules.loading: Module mail loaded in 0.00s, 0 queries 
2025-03-18 17:31:35,064 35860 DEBUG odoo odoo.modules.loading: Loading module web_editor (17/37) 
2025-03-18 17:31:35,064 35860 WARNING odoo odoo.models: The model nursery.plant has no _description 
2025-03-18 17:31:35,064 35860 WARNING odoo odoo.models: The model nursery.customer has no _description 
2025-03-18 17:31:35,064 35860 WARNING odoo odoo.models: The model nursery.order has no _description 
2025-03-18 17:31:35,064 35860 WARNING odoo odoo.models: The model nursery.plant has no _description 
2025-03-18 17:31:35,064 35860 WARNING odoo odoo.models: The model nursery.customer has no _description 
2025-03-18 17:31:35,064 35860 WARNING odoo odoo.models: The model nursery.order has no _description 
2025-03-18 17:31:35,080 35860 DEBUG odoo odoo.modules.loading: Module web_editor loaded in 0.02s, 0 queries 
2025-03-18 17:31:35,081 35860 DEBUG odoo odoo.modules.loading: Loading module auth_signup (18/37) 
2025-03-18 17:31:35,081 35860 DEBUG odoo odoo.modules.loading: Module auth_signup loaded in 0.00s, 0 queries 
2025-03-18 17:31:35,081 35860 DEBUG odoo odoo.modules.loading: Loading module auth_totp_mail (19/37) 
2025-03-18 17:31:35,081 35860 DEBUG odoo odoo.modules.loading: Module auth_totp_mail loaded in 0.00s, 0 queries 
2025-03-18 17:31:35,081 35860 DEBUG odoo odoo.modules.loading: Loading module base_install_request (20/37) 
2025-03-18 17:31:35,082 35860 DEBUG odoo odoo.modules.loading: Module base_install_request loaded in 0.00s, 0 queries 
2025-03-18 17:31:35,082 35860 DEBUG odoo odoo.modules.loading: Loading module google_gmail (21/37) 
2025-03-18 17:31:35,082 35860 DEBUG odoo odoo.modules.loading: Module google_gmail loaded in 0.00s, 0 queries 
2025-03-18 17:31:35,082 35860 DEBUG odoo odoo.modules.loading: Loading module iap_mail (22/37) 
2025-03-18 17:31:35,082 35860 DEBUG odoo odoo.modules.loading: Module iap_mail loaded in 0.00s, 0 queries 
2025-03-18 17:31:35,082 35860 DEBUG odoo odoo.modules.loading: Loading module mail_bot (23/37) 
2025-03-18 17:31:35,082 35860 DEBUG odoo odoo.modules.loading: Module mail_bot loaded in 0.00s, 0 queries 
2025-03-18 17:31:35,082 35860 DEBUG odoo odoo.modules.loading: Loading module phone_validation (24/37) 
2025-03-18 17:31:35,084 35860 WARNING odoo odoo.models: The model nursery.plant has no _description 
2025-03-18 17:31:35,084 35860 WARNING odoo odoo.models: The model nursery.customer has no _description 
2025-03-18 17:31:35,084 35860 WARNING odoo odoo.models: The model nursery.order has no _description 
2025-03-18 17:31:35,085 35860 DEBUG odoo odoo.modules.loading: Module phone_validation loaded in 0.00s, 0 queries 
2025-03-18 17:31:35,086 35860 DEBUG odoo odoo.modules.loading: Loading module privacy_lookup (25/37) 
2025-03-18 17:31:35,086 35860 DEBUG odoo odoo.modules.loading: Module privacy_lookup loaded in 0.00s, 0 queries 
2025-03-18 17:31:35,086 35860 DEBUG odoo odoo.modules.loading: Loading module resource_mail (26/37) 
2025-03-18 17:31:35,086 35860 DEBUG odoo odoo.modules.loading: Module resource_mail loaded in 0.00s, 0 queries 
2025-03-18 17:31:35,087 35860 DEBUG odoo odoo.modules.loading: Loading module web_unsplash (27/37) 
2025-03-18 17:31:35,087 35860 DEBUG odoo odoo.modules.loading: Module web_unsplash loaded in 0.00s, 0 queries 
2025-03-18 17:31:35,087 35860 DEBUG odoo odoo.modules.loading: Loading module partner_autocomplete (28/37) 
2025-03-18 17:31:35,087 35860 DEBUG odoo odoo.modules.loading: Module partner_autocomplete loaded in 0.00s, 0 queries 
2025-03-18 17:31:35,088 35860 DEBUG odoo odoo.modules.loading: Loading module portal (29/37) 
2025-03-18 17:31:35,089 35860 DEBUG odoo odoo.modules.loading: Module portal loaded in 0.00s, 0 queries 
2025-03-18 17:31:35,089 35860 DEBUG odoo odoo.modules.loading: Loading module sms (30/37) 
2025-03-18 17:31:35,090 35860 DEBUG odoo odoo.modules.loading: Module sms loaded in 0.00s, 0 queries 
2025-03-18 17:31:35,090 35860 DEBUG odoo odoo.modules.loading: Loading module snailmail (31/37) 
2025-03-18 17:31:35,091 35860 DEBUG odoo odoo.modules.loading: Module snailmail loaded in 0.00s, 0 queries 
2025-03-18 17:31:35,091 35860 DEBUG odoo odoo.modules.loading: Loading module auth_totp_portal (32/37) 
2025-03-18 17:31:35,091 35860 DEBUG odoo odoo.modules.loading: Module auth_totp_portal loaded in 0.00s, 0 queries 
2025-03-18 17:31:35,091 35860 DEBUG odoo odoo.modules.loading: Loading module digest (33/37) 
2025-03-18 17:31:35,092 35860 DEBUG odoo odoo.modules.loading: Module digest loaded in 0.00s, 0 queries 
2025-03-18 17:31:35,092 35860 DEBUG odoo odoo.modules.loading: Loading module hr (34/37) 
2025-03-18 17:31:35,095 35860 WARNING odoo odoo.models: The model nursery.plant has no _description 
2025-03-18 17:31:35,095 35860 WARNING odoo odoo.models: The model nursery.customer has no _description 
2025-03-18 17:31:35,095 35860 WARNING odoo odoo.models: The model nursery.order has no _description 
2025-03-18 17:31:35,098 35860 DEBUG odoo odoo.modules.loading: Module hr loaded in 0.01s, 0 queries 
2025-03-18 17:31:35,098 35860 DEBUG odoo odoo.modules.loading: Loading module hr_org_chart (35/37) 
2025-03-18 17:31:35,099 35860 DEBUG odoo odoo.modules.loading: Module hr_org_chart loaded in 0.00s, 0 queries 
2025-03-18 17:31:35,099 35860 DEBUG odoo odoo.modules.loading: Loading module hr_skills (36/37) 
2025-03-18 17:31:35,100 35860 DEBUG odoo odoo.modules.loading: Module hr_skills loaded in 0.00s, 0 queries 
2025-03-18 17:31:35,100 35860 DEBUG odoo odoo.modules.loading: Loading module mail_bot_hr (37/37) 
2025-03-18 17:31:35,100 35860 DEBUG odoo odoo.modules.loading: Module mail_bot_hr loaded in 0.00s, 0 queries 
2025-03-18 17:31:35,100 35860 INFO odoo odoo.modules.loading: 37 modules loaded in 0.05s, 0 queries (+0 extra) 
2025-03-18 17:31:35,391 35860 INFO odoo odoo.addons.base.models.ir_module: ALLOW access to module.module_uninstall on ['Plant Nursery'] to user __system__ #1 via 127.0.0.1 
2025-03-18 17:31:35,395 35860 INFO odoo odoo.addons.base.models.ir_model: Deleting ir.ui.view(593, 592) 
2025-03-18 17:31:35,395 35860 DEBUG odoo odoo.modules.registry: Invalidating default model caches from unlink C:\odoo\odoo\odoo\addons\base\models\ir_model.py:2291 
2025-03-18 17:31:35,402 35860 DEBUG odoo odoo.modules.registry: Invalidating templates model caches from unlink C:\odoo\odoo\odoo\addons\base\models\ir_ui_view.py:556 
2025-03-18 17:31:35,416 35860 DEBUG odoo odoo.modules.registry: Invalidating default model caches from unlink C:\odoo\odoo\odoo\addons\base\models\ir_model.py:2291 
2025-03-18 17:31:35,438 35860 INFO odoo odoo.models.unlink: User #1 deleted ir.model.data records with IDs: [23805, 23804] 
2025-03-18 17:31:35,438 35860 INFO odoo odoo.models.unlink: User #1 deleted ir.ui.view records with IDs: [593, 592] 
2025-03-18 17:31:35,441 35860 INFO odoo odoo.addons.base.models.ir_model: Deleting ir.ui.menu(151, 150, 149) 
2025-03-18 17:31:35,442 35860 DEBUG odoo odoo.modules.registry: Invalidating default model caches from unlink C:\odoo\odoo\odoo\addons\base\models\ir_model.py:2291 
2025-03-18 17:31:35,523 35860 DEBUG odoo odoo.modules.registry: Invalidating default model caches from write C:\odoo\odoo\odoo\addons\base\models\ir_ui_menu.py:173 
2025-03-18 17:31:35,523 35860 DEBUG odoo odoo.modules.registry: Invalidating default model caches from unlink C:\odoo\odoo\odoo\addons\base\models\ir_ui_menu.py:198 
2025-03-18 17:31:35,529 35860 DEBUG odoo odoo.modules.registry: Invalidating default model caches from unlink C:\odoo\odoo\odoo\addons\base\models\ir_model.py:2291 
2025-03-18 17:31:35,534 35860 INFO odoo odoo.models.unlink: User #1 deleted ir.model.data records with IDs: [23802, 23803, 23801] 
2025-03-18 17:31:35,534 35860 INFO odoo odoo.models.unlink: User #1 deleted ir.ui.menu records with IDs: [151, 150, 149] 
2025-03-18 17:31:35,534 35860 INFO odoo odoo.addons.base.models.ir_model: Deleting ir.actions.act_window(211, 210, 209) 
2025-03-18 17:31:35,534 35860 DEBUG odoo odoo.modules.registry: Invalidating default model caches from unlink C:\odoo\odoo\odoo\addons\base\models\ir_model.py:2291 
2025-03-18 17:31:35,534 35860 DEBUG odoo odoo.modules.registry: Invalidating default model caches from unlink C:\odoo\odoo\odoo\addons\base\models\ir_actions.py:359 
2025-03-18 17:31:35,550 35860 DEBUG odoo odoo.modules.registry: Invalidating default model caches from unlink C:\odoo\odoo\odoo\addons\base\models\ir_model.py:2291 
2025-03-18 17:31:35,555 35860 INFO odoo odoo.models.unlink: User #1 deleted ir.model.data records with IDs: [23799, 23800, 23798] 
2025-03-18 17:31:35,555 35860 INFO odoo odoo.models.unlink: User #1 deleted ir.actions.act_window records with IDs: [211, 210, 209] 
2025-03-18 17:31:35,555 35860 DEBUG odoo odoo.modules.registry: Invalidating default model caches from unlink C:\odoo\odoo\odoo\addons\base\models\ir_actions.py:126 
2025-03-18 17:31:35,555 35860 INFO odoo odoo.addons.base.models.ir_model: Deleting ir.ui.menu(148,) 
2025-03-18 17:31:35,555 35860 DEBUG odoo odoo.modules.registry: Invalidating default model caches from unlink C:\odoo\odoo\odoo\addons\base\models\ir_model.py:2291 
2025-03-18 17:31:35,555 35860 DEBUG odoo odoo.modules.registry: Invalidating default model caches from write C:\odoo\odoo\odoo\addons\base\models\ir_ui_menu.py:173 
2025-03-18 17:31:35,555 35860 DEBUG odoo odoo.modules.registry: Invalidating default model caches from unlink C:\odoo\odoo\odoo\addons\base\models\ir_ui_menu.py:198 
2025-03-18 17:31:35,562 35860 DEBUG odoo odoo.modules.registry: Invalidating default model caches from unlink C:\odoo\odoo\odoo\addons\base\models\ir_model.py:2291 
2025-03-18 17:31:35,568 35860 INFO odoo odoo.models.unlink: User #1 deleted ir.model.data records with IDs: [23797] 
2025-03-18 17:31:35,568 35860 INFO odoo odoo.models.unlink: User #1 deleted ir.ui.menu records with IDs: [148] 
2025-03-18 17:31:35,570 35860 DEBUG odoo odoo.modules.registry: Invalidating templates model caches from unlink C:\odoo\odoo\odoo\addons\base\models\ir_ui_view.py:556 
2025-03-18 17:31:35,572 35860 INFO odoo odoo.addons.base.models.ir_model: Deleting ir.model.fields.selection(1161, 1160, 1159) 
2025-03-18 17:31:35,573 35860 DEBUG odoo odoo.modules.registry: Invalidating default model caches from unlink C:\odoo\odoo\odoo\addons\base\models\ir_model.py:2291 
2025-03-18 17:31:35,579 35860 DEBUG odoo odoo.modules.registry: Invalidating default model caches from unlink C:\odoo\odoo\odoo\addons\base\models\ir_model.py:2291 
2025-03-18 17:31:35,586 35860 INFO odoo odoo.models.unlink: User #1 deleted ir.model.data records with IDs: [23796, 23795, 23794] 
2025-03-18 17:31:35,586 35860 INFO odoo odoo.models.unlink: User #1 deleted ir.model.fields.selection records with IDs: [1161, 1160, 1159] 
2025-03-18 17:31:35,591 35860 INFO odoo odoo.addons.base.models.ir_model: Deleting ir.model.fields(3964, 3962, 3961, 3960, 3959, 3958, 3957, 3956, 3955, 3950, 3948, 3947, 3942, 3940, 3939) 
2025-03-18 17:31:35,592 35860 DEBUG odoo odoo.modules.registry: Invalidating default model caches from unlink C:\odoo\odoo\odoo\addons\base\models\ir_model.py:2291 
2025-03-18 17:31:35,685 35860 DEBUG odoo odoo.modules.registry: Invalidating default model caches from unlink C:\odoo\odoo\odoo\addons\base\models\ir_model.py:2291 
2025-03-18 17:31:35,691 35860 INFO odoo odoo.models.unlink: User #1 deleted ir.model.data records with IDs: [23775, 23773, 23772, 23785, 23789, 23787, 23783, 23784, 23786, 23767, 23764, 23782, 23781, 23780, 23765] 
2025-03-18 17:31:35,691 35860 INFO odoo odoo.models.unlink: User #1 deleted ir.model.fields records with IDs: [3964, 3962, 3961, 3960, 3959, 3958, 3957, 3956, 3955, 3950, 3948, 3947, 3942, 3940, 3939] 
2025-03-18 17:31:35,693 35860 INFO odoo odoo.addons.base.models.ir_model: Deleting ir.model(431, 428, 427) 
2025-03-18 17:31:35,693 35860 DEBUG odoo odoo.modules.registry: Invalidating default model caches from unlink C:\odoo\odoo\odoo\addons\base\models\ir_model.py:2291 
2025-03-18 17:31:35,834 35860 DEBUG odoo odoo.modules.registry: Invalidating default model caches from unlink C:\odoo\odoo\odoo\addons\base\models\ir_model.py:2291 
2025-03-18 17:31:35,844 35860 INFO odoo odoo.models.unlink: User #1 deleted ir.model.data records with IDs: [23762, 23763, 23761] 
2025-03-18 17:31:35,844 35860 INFO odoo odoo.models.unlink: User #1 deleted ir.model records with IDs: [431, 428, 427] 
2025-03-18 17:31:35,844 35860 INFO odoo odoo.addons.base.models.ir_model: ir.model.data could not be deleted ([]) 
2025-03-18 17:31:35,845 35860 DEBUG odoo odoo.modules.registry: Invalidating default model caches from unlink C:\odoo\odoo\odoo\addons\base\models\ir_model.py:2291 
2025-03-18 17:31:35,854 35860 INFO odoo odoo.models.unlink: User #1 deleted ir.model.data records with IDs: [23805, 23804, 23803, 23802, 23801, 23800, 23799, 23798, 23797, 23796, 23795, 23794, 23793, 23792, 23791, 23790, 23789, 23788, 23787, 23786, 23785, 23784, 23783, 23782, 23781, 23780, 23779, 23778, 23777, 23776, 23775, 23774, 23773, 23772, 23771, 23770, 23769, 23768, 23767, 23766, 23765, 23764, 23763, 23762, 23761] 
2025-03-18 17:31:35,887 35860 INFO odoo odoo.modules.loading: Reloading registry once more after uninstalling modules 
2025-03-18 17:31:35,888 35860 DEBUG odoo odoo.modules.registry: Multiprocess load registry signaling: [Registry: 60] [Cache default: 2] [Cache assets: 1] [Cache templates: 1] [Cache routing: 1] [Cache groups: 1] 
2025-03-18 17:31:35,888 35860 INFO odoo odoo.modules.loading: loading 1 modules... 
2025-03-18 17:31:35,888 35860 DEBUG odoo odoo.modules.loading: Loading module base (1/1) 
2025-03-18 17:31:35,904 35860 DEBUG odoo odoo.modules.loading: Module base loaded in 0.02s, 0 queries 
2025-03-18 17:31:35,904 35860 INFO odoo odoo.modules.loading: 1 modules loaded in 0.02s, 0 queries (+0 extra) 
2025-03-18 17:31:35,969 35860 INFO odoo odoo.modules.loading: updating modules list 
2025-03-18 17:31:35,971 35860 INFO odoo odoo.addons.base.models.ir_module: ALLOW access to module.update_list on [] to user __system__ #1 via 127.0.0.1 
2025-03-18 17:31:36,879 35860 DEBUG odoo odoo.modules.loading: Updating graph with 35 more modules 
2025-03-18 17:31:36,880 35860 INFO odoo odoo.modules.loading: loading 36 modules... 
2025-03-18 17:31:36,880 35860 DEBUG odoo odoo.modules.loading: Loading module estate (2/36) 
2025-03-18 17:31:36,880 35860 DEBUG odoo odoo.modules.loading: Module estate loaded in 0.00s, 0 queries 
2025-03-18 17:31:36,880 35860 DEBUG odoo odoo.modules.loading: Loading module web (3/36) 
2025-03-18 17:31:36,882 35860 DEBUG odoo odoo.modules.loading: Module web loaded in 0.00s, 0 queries 
2025-03-18 17:31:36,882 35860 DEBUG odoo odoo.modules.loading: Loading module auth_totp (4/36) 
2025-03-18 17:31:36,883 35860 DEBUG odoo odoo.modules.loading: Module auth_totp loaded in 0.00s, 0 queries 
2025-03-18 17:31:36,883 35860 DEBUG odoo odoo.modules.loading: Loading module base_import (5/36) 
2025-03-18 17:31:36,885 35860 DEBUG odoo odoo.modules.loading: Module base_import loaded in 0.00s, 0 queries 
2025-03-18 17:31:36,885 35860 DEBUG odoo odoo.modules.loading: Loading module base_import_module (6/36) 
2025-03-18 17:31:36,885 35860 DEBUG odoo odoo.modules.loading: Module base_import_module loaded in 0.00s, 0 queries 
2025-03-18 17:31:36,885 35860 DEBUG odoo odoo.modules.loading: Loading module base_setup (7/36) 
2025-03-18 17:31:36,886 35860 DEBUG odoo odoo.modules.loading: Module base_setup loaded in 0.00s, 0 queries 
2025-03-18 17:31:36,886 35860 DEBUG odoo odoo.modules.loading: Loading module bus (8/36) 
2025-03-18 17:31:36,886 35860 DEBUG odoo odoo.modules.loading: Module bus loaded in 0.00s, 0 queries 
2025-03-18 17:31:36,886 35860 DEBUG odoo odoo.modules.loading: Loading module http_routing (9/36) 
2025-03-18 17:31:36,887 35860 DEBUG odoo odoo.modules.loading: Module http_routing loaded in 0.00s, 0 queries 
2025-03-18 17:31:36,887 35860 DEBUG odoo odoo.modules.loading: Loading module resource (10/36) 
2025-03-18 17:31:36,887 35860 DEBUG odoo odoo.modules.loading: Module resource loaded in 0.00s, 0 queries 
2025-03-18 17:31:36,887 35860 DEBUG odoo odoo.modules.loading: Loading module web_hierarchy (11/36) 
2025-03-18 17:31:36,887 35860 DEBUG odoo odoo.modules.loading: Module web_hierarchy loaded in 0.00s, 0 queries 
2025-03-18 17:31:36,887 35860 DEBUG odoo odoo.modules.loading: Loading module web_tour (12/36) 
2025-03-18 17:31:36,887 35860 DEBUG odoo odoo.modules.loading: Module web_tour loaded in 0.00s, 0 queries 
2025-03-18 17:31:36,887 35860 DEBUG odoo odoo.modules.loading: Loading module html_editor (13/36) 
2025-03-18 17:31:36,887 35860 DEBUG odoo odoo.modules.loading: Module html_editor loaded in 0.00s, 0 queries 
2025-03-18 17:31:36,887 35860 DEBUG odoo odoo.modules.loading: Loading module iap (14/36) 
2025-03-18 17:31:36,887 35860 DEBUG odoo odoo.modules.loading: Module iap loaded in 0.00s, 0 queries 
2025-03-18 17:31:36,887 35860 DEBUG odoo odoo.modules.loading: Loading module mail (15/36) 
2025-03-18 17:31:36,887 35860 DEBUG odoo odoo.modules.loading: Module mail loaded in 0.00s, 0 queries 
2025-03-18 17:31:36,887 35860 DEBUG odoo odoo.modules.loading: Loading module web_editor (16/36) 
2025-03-18 17:31:36,887 35860 DEBUG odoo odoo.modules.loading: Module web_editor loaded in 0.00s, 0 queries 
2025-03-18 17:31:36,887 35860 DEBUG odoo odoo.modules.loading: Loading module auth_signup (17/36) 
2025-03-18 17:31:36,887 35860 DEBUG odoo odoo.modules.loading: Module auth_signup loaded in 0.00s, 0 queries 
2025-03-18 17:31:36,887 35860 DEBUG odoo odoo.modules.loading: Loading module auth_totp_mail (18/36) 
2025-03-18 17:31:36,887 35860 DEBUG odoo odoo.modules.loading: Module auth_totp_mail loaded in 0.00s, 0 queries 
2025-03-18 17:31:36,887 35860 DEBUG odoo odoo.modules.loading: Loading module base_install_request (19/36) 
2025-03-18 17:31:36,887 35860 DEBUG odoo odoo.modules.loading: Module base_install_request loaded in 0.00s, 0 queries 
2025-03-18 17:31:36,887 35860 DEBUG odoo odoo.modules.loading: Loading module google_gmail (20/36) 
2025-03-18 17:31:36,887 35860 DEBUG odoo odoo.modules.loading: Module google_gmail loaded in 0.00s, 0 queries 
2025-03-18 17:31:36,887 35860 DEBUG odoo odoo.modules.loading: Loading module iap_mail (21/36) 
2025-03-18 17:31:36,887 35860 DEBUG odoo odoo.modules.loading: Module iap_mail loaded in 0.00s, 0 queries 
2025-03-18 17:31:36,887 35860 DEBUG odoo odoo.modules.loading: Loading module mail_bot (22/36) 
2025-03-18 17:31:36,887 35860 DEBUG odoo odoo.modules.loading: Module mail_bot loaded in 0.00s, 0 queries 
2025-03-18 17:31:36,887 35860 DEBUG odoo odoo.modules.loading: Loading module phone_validation (23/36) 
2025-03-18 17:31:36,887 35860 DEBUG odoo odoo.modules.loading: Module phone_validation loaded in 0.00s, 0 queries 
2025-03-18 17:31:36,887 35860 DEBUG odoo odoo.modules.loading: Loading module privacy_lookup (24/36) 
2025-03-18 17:31:36,887 35860 DEBUG odoo odoo.modules.loading: Module privacy_lookup loaded in 0.00s, 0 queries 
2025-03-18 17:31:36,887 35860 DEBUG odoo odoo.modules.loading: Loading module resource_mail (25/36) 
2025-03-18 17:31:36,887 35860 DEBUG odoo odoo.modules.loading: Module resource_mail loaded in 0.00s, 0 queries 
2025-03-18 17:31:36,887 35860 DEBUG odoo odoo.modules.loading: Loading module web_unsplash (26/36) 
2025-03-18 17:31:36,887 35860 DEBUG odoo odoo.modules.loading: Module web_unsplash loaded in 0.00s, 0 queries 
2025-03-18 17:31:36,887 35860 DEBUG odoo odoo.modules.loading: Loading module partner_autocomplete (27/36) 
2025-03-18 17:31:36,887 35860 DEBUG odoo odoo.modules.loading: Module partner_autocomplete loaded in 0.00s, 0 queries 
2025-03-18 17:31:36,887 35860 DEBUG odoo odoo.modules.loading: Loading module portal (28/36) 
2025-03-18 17:31:36,887 35860 DEBUG odoo odoo.modules.loading: Module portal loaded in 0.00s, 0 queries 
2025-03-18 17:31:36,887 35860 DEBUG odoo odoo.modules.loading: Loading module sms (29/36) 
2025-03-18 17:31:36,904 35860 DEBUG odoo odoo.modules.loading: Module sms loaded in 0.02s, 0 queries 
2025-03-18 17:31:36,904 35860 DEBUG odoo odoo.modules.loading: Loading module snailmail (30/36) 
2025-03-18 17:31:36,904 35860 DEBUG odoo odoo.modules.loading: Module snailmail loaded in 0.00s, 0 queries 
2025-03-18 17:31:36,904 35860 DEBUG odoo odoo.modules.loading: Loading module auth_totp_portal (31/36) 
2025-03-18 17:31:36,904 35860 DEBUG odoo odoo.modules.loading: Module auth_totp_portal loaded in 0.00s, 0 queries 
2025-03-18 17:31:36,904 35860 DEBUG odoo odoo.modules.loading: Loading module digest (32/36) 
2025-03-18 17:31:36,904 35860 DEBUG odoo odoo.modules.loading: Module digest loaded in 0.00s, 0 queries 
2025-03-18 17:31:36,904 35860 DEBUG odoo odoo.modules.loading: Loading module hr (33/36) 
2025-03-18 17:31:36,904 35860 DEBUG odoo odoo.modules.loading: Module hr loaded in 0.00s, 0 queries 
2025-03-18 17:31:36,904 35860 DEBUG odoo odoo.modules.loading: Loading module hr_org_chart (34/36) 
2025-03-18 17:31:36,904 35860 DEBUG odoo odoo.modules.loading: Module hr_org_chart loaded in 0.00s, 0 queries 
2025-03-18 17:31:36,904 35860 DEBUG odoo odoo.modules.loading: Loading module hr_skills (35/36) 
2025-03-18 17:31:36,904 35860 DEBUG odoo odoo.modules.loading: Module hr_skills loaded in 0.00s, 0 queries 
2025-03-18 17:31:36,904 35860 DEBUG odoo odoo.modules.loading: Loading module mail_bot_hr (36/36) 
2025-03-18 17:31:36,904 35860 DEBUG odoo odoo.modules.loading: Module mail_bot_hr loaded in 0.00s, 0 queries 
2025-03-18 17:31:36,904 35860 INFO odoo odoo.modules.loading: 36 modules loaded in 0.02s, 0 queries (+0 extra) 
2025-03-18 17:31:37,215 35860 DEBUG odoo odoo.modules.registry: Invalidating templates model caches from write C:\odoo\odoo\odoo\addons\base\models\ir_ui_view.py:533 
2025-03-18 17:31:37,240 35860 DEBUG odoo odoo.modules.registry: Invalidating templates model caches from write C:\odoo\odoo\odoo\addons\base\models\ir_ui_view.py:533 
2025-03-18 17:31:37,935 35860 INFO odoo odoo.modules.loading: Modules loaded. 
2025-03-18 17:31:37,937 35860 INFO odoo odoo.modules.registry: Registry changed, signaling through the database 
2025-03-18 17:31:37,937 35860 INFO odoo odoo.modules.registry: Registry loaded in 2.050s 
2025-03-18 17:31:37,937 35860 INFO odoo odoo.modules.registry: Registry changed, signaling through the database 
2025-03-18 17:31:37,937 35860 INFO odoo odoo.modules.registry: Registry loaded in 3.691s 
2025-03-18 17:31:37,937 35860 INFO odoo odoo.addons.base.models.ir_module: getting next ir.actions.todo() 
2025-03-18 17:31:37,950 35860 INFO odoo werkzeug: 127.0.0.1 - - [18/Mar/2025 17:31:37] "POST /web/dataset/call_button/base.module.uninstall/action_uninstall HTTP/1.1" 200 - 3924 1.820 1.919
2025-03-18 17:31:37,987 35860 INFO odoo odoo.addons.base.models.ir_http: Generating routing map for key None 
2025-03-18 17:31:39,091 35860 INFO odoo werkzeug: 127.0.0.1 - - [18/Mar/2025 17:31:39] "GET /odoo HTTP/1.1" 200 - 91 0.043 1.064
2025-03-18 17:31:39,401 35860 INFO odoo werkzeug: 127.0.0.1 - - [18/Mar/2025 17:31:39] "POST /web/action/load HTTP/1.1" 200 - 7 0.004 0.021
2025-03-18 17:31:39,870 35860 INFO odoo werkzeug: 127.0.0.1 - - [18/Mar/2025 17:31:39] "GET /web/image?model=res.users&field=avatar_128&id=2 HTTP/1.1" 304 - 16 0.057 0.055
2025-03-18 17:31:39,880 35860 INFO odoo werkzeug: 127.0.0.1 - - [18/Mar/2025 17:31:39] "POST /mail/data HTTP/1.1" 200 - 35 0.119 0.058
2025-03-18 17:31:39,969 35860 INFO odoo werkzeug: 127.0.0.1 - - [18/Mar/2025 17:31:39] "POST /mail/data HTTP/1.1" 200 - 67 0.132 0.130
2025-03-18 17:31:40,194 35860 INFO odoo werkzeug: 127.0.0.1 - - [18/Mar/2025 17:31:40] "POST /mail/inbox/messages HTTP/1.1" 200 - 5 0.004 0.010
2025-03-18 17:31:40,360 35860 INFO odoo werkzeug: 127.0.0.1 - - [18/Mar/2025 17:31:40] "GET /web/manifest.webmanifest HTTP/1.1" 200 - 9 0.002 0.018
2025-03-18 17:31:41,927 35860 INFO odoo werkzeug: 127.0.0.1 - - [18/Mar/2025 17:31:41] "GET /web/service-worker.js HTTP/1.1" 200 - 1 0.001 0.006
2025-03-18 17:31:43,410 35860 INFO odoo werkzeug: 127.0.0.1 - - [18/Mar/2025 17:31:43] "POST /web/action/load HTTP/1.1" 200 - 10 0.007 0.027
2025-03-18 17:31:43,740 35860 DEBUG odoo odoo.api: call ir.module.module().get_views(options={'action_id': 39, 'embedded_action_id': False, 'embedded_parent_res_id': False, 'load_filters': True, 'toolbar': True}, views=[[False, 'kanban'], [False, 'list'], [False, 'form'], [95, 'search']]) 
2025-03-18 17:31:43,920 35860 INFO odoo werkzeug: 127.0.0.1 - - [18/Mar/2025 17:31:43] "POST /web/dataset/call_kw/ir.module.module/get_views HTTP/1.1" 200 - 56 0.034 0.153
2025-03-18 17:31:43,989 35860 DEBUG odoo odoo.api: call ir.module.module().search_panel_select_range('module_type', category_domain=[], enable_counters=False, expand=True, filter_domain=[], hierarchize=True, limit=200, search_domain=[['application', '=', True]]) 
2025-03-18 17:31:43,990 35860 INFO odoo werkzeug: 127.0.0.1 - - [18/Mar/2025 17:31:43] "POST /web/dataset/call_kw/ir.module.module/search_panel_select_range HTTP/1.1" 200 - 1 0.001 0.004
2025-03-18 17:31:44,249 35860 DEBUG odoo odoo.api: call ir.module.module().web_search_read(count_limit=10001, domain=[['application', '=', True]], limit=80, offset=0, order='', specification={'to_buy': {}, 'name': {}, 'state': {}, 'summary': {}, 'website': {}, 'application': {}, 'module_type': {}, 'icon': {}, 'icon_flag': {}, 'shortdesc': {}}) 
2025-03-18 17:31:44,253 35860 DEBUG odoo odoo.api: call ir.module.module().search_panel_select_range('category_id', category_domain=[], enable_counters=True, expand=False, filter_domain=[], hierarchize=True, limit=200, search_domain=[['application', '=', True]]) 
2025-03-18 17:31:44,362 35860 INFO odoo werkzeug: 127.0.0.1 - - [18/Mar/2025 17:31:44] "POST /web/dataset/call_kw/ir.module.module/search_panel_select_range HTTP/1.1" 200 - 56 0.040 0.084
2025-03-18 17:31:44,401 35860 INFO odoo werkzeug: 127.0.0.1 - - [18/Mar/2025 17:31:44] "POST /web/dataset/call_kw/ir.module.module/web_search_read HTTP/1.1" 200 - 4 0.006 0.159
2025-03-18 17:31:46,137 35860 DEBUG odoo odoo.api: call ir.module.module().search_panel_select_range('category_id', category_domain=[], enable_counters=True, expand=False, filter_domain=[], hierarchize=True, limit=200, search_domain=[]) 
2025-03-18 17:31:46,187 35860 INFO odoo werkzeug: 127.0.0.1 - - [18/Mar/2025 17:31:46] "POST /web/dataset/call_kw/ir.module.module/search_panel_select_range HTTP/1.1" 200 - 54 0.013 0.040
2025-03-18 17:31:46,447 35860 DEBUG odoo odoo.api: call ir.module.module().web_search_read(count_limit=10001, domain=[], limit=80, offset=0, order='', specification={'to_buy': {}, 'name': {}, 'state': {}, 'summary': {}, 'website': {}, 'application': {}, 'module_type': {}, 'icon': {}, 'icon_flag': {}, 'shortdesc': {}}) 
2025-03-18 17:31:46,477 35860 INFO odoo werkzeug: 127.0.0.1 - - [18/Mar/2025 17:31:46] "POST /web/dataset/call_kw/ir.module.module/web_search_read HTTP/1.1" 200 - 4 0.008 0.027
2025-03-18 17:31:54,146 35860 DEBUG odoo odoo.api: call ir.module.module().search_panel_select_range('category_id', category_domain=[], enable_counters=True, expand=False, filter_domain=[], hierarchize=True, limit=200, search_domain=['|', '|', ['summary', 'ilike', 'Plant Nursery'], ['shortdesc', 'ilike', 'Plant Nursery'], ['name', 'ilike', 'Plant Nursery']]) 
2025-03-18 17:31:54,221 35860 INFO odoo werkzeug: 127.0.0.1 - - [18/Mar/2025 17:31:54] "POST /web/dataset/call_kw/ir.module.module/search_panel_select_range HTTP/1.1" 200 - 54 0.040 0.046
2025-03-18 17:31:54,397 35860 DEBUG odoo odoo.api: call ir.module.module().web_search_read(count_limit=10001, domain=['|', '|', ['summary', 'ilike', 'Plant Nursery'], ['shortdesc', 'ilike', 'Plant Nursery'], ['name', 'ilike', 'Plant Nursery']], limit=80, offset=0, order='', specification={'to_buy': {}, 'name': {}, 'state': {}, 'summary': {}, 'website': {}, 'application': {}, 'module_type': {}, 'icon': {}, 'icon_flag': {}, 'shortdesc': {}}) 
2025-03-18 17:31:54,414 35860 INFO odoo werkzeug: 127.0.0.1 - - [18/Mar/2025 17:31:54] "POST /web/dataset/call_kw/ir.module.module/web_search_read HTTP/1.1" 200 - 3 0.010 0.016
2025-03-18 17:31:55,361 35860 DEBUG odoo odoo.api: call ir.module.module().web_search_read(count_limit=10001, domain=['|', '|', ['summary', 'ilike', 'Plant Nursery'], ['shortdesc', 'ilike', 'Plant Nursery'], ['name', 'ilike', 'Plant Nursery']], limit=80, offset=0, order='', specification={'to_buy': {}, 'name': {}, 'state': {}, 'summary': {}, 'website': {}, 'application': {}, 'module_type': {}, 'icon': {}, 'icon_flag': {}, 'shortdesc': {}}) 
2025-03-18 17:31:55,373 35860 INFO odoo werkzeug: 127.0.0.1 - - [18/Mar/2025 17:31:55] "POST /web/dataset/call_kw/ir.module.module/web_search_read HTTP/1.1" 200 - 3 0.004 0.014
2025-03-18 17:32:38,441 40524 DEBUG ? odoo.netsvc: logger level set: "odoo.http.rpc.request:INFO" 
2025-03-18 17:32:38,441 40524 DEBUG ? odoo.netsvc: logger level set: "odoo.http.rpc.response:INFO" 
2025-03-18 17:32:38,441 40524 DEBUG ? odoo.netsvc: logger level set: ":INFO" 
2025-03-18 17:32:38,441 40524 DEBUG ? odoo.netsvc: logger level set: "odoo:DEBUG" 
2025-03-18 17:32:38,441 40524 DEBUG ? odoo.netsvc: logger level set: "odoo.sql_db:INFO" 
2025-03-18 17:32:38,441 40524 DEBUG ? odoo.netsvc: logger level set: ":INFO" 
2025-03-18 17:32:38,443 40524 INFO ? odoo: Odoo version 18.0 
2025-03-18 17:32:38,443 40524 INFO ? odoo: Using configuration file at C:\odoo\odoo\odoo.conf 
2025-03-18 17:32:38,443 40524 INFO ? odoo: addons paths: ['C:\\odoo\\odoo\\odoo\\addons', 'c:\\users\\georg\\appdata\\local\\openerp s.a\\odoo\\addons\\18.0', 'c:\\odoo\\odoo\\addons_extra', 'c:\\odoo\\odoo\\addons', 'c:\\odoo\\odoo\\odoo\\addons'] 
2025-03-18 17:32:38,443 40524 INFO ? odoo: database: odoo@default:default 
2025-03-18 17:32:38,740 40524 INFO ? odoo.addons.base.models.ir_actions_report: You need Wkhtmltopdf to print a pdf version of the reports. 
2025-03-18 17:32:38,749 40524 INFO ? odoo.addons.base.models.ir_actions_report: You need Wkhtmltoimage to generate images from html. 
2025-03-18 17:32:39,120 40524 DEBUG ? odoo.service.server: Setting signal handlers 
2025-03-18 17:32:39,125 40524 INFO ? odoo.service.server: HTTP service (werkzeug) running on GLO:8069 
2025-03-18 17:32:39,192 40524 DEBUG odoo odoo.modules.registry: Multiprocess load registry signaling: [Registry: 62] [Cache default: 2] [Cache assets: 1] [Cache templates: 1] [Cache routing: 1] [Cache groups: 1] 
2025-03-18 17:32:39,201 40524 INFO odoo odoo.modules.loading: loading 1 modules... 
2025-03-18 17:32:39,202 40524 DEBUG odoo odoo.modules.loading: Loading module base (1/1) 
2025-03-18 17:32:39,206 40524 DEBUG odoo odoo.modules.loading: Module base loaded in 0.00s, 0 queries 
2025-03-18 17:32:39,207 40524 INFO odoo odoo.modules.loading: 1 modules loaded in 0.00s, 0 queries (+0 extra) 
2025-03-18 17:32:39,239 40524 INFO odoo odoo.modules.loading: updating modules list 
2025-03-18 17:32:39,244 40524 INFO odoo odoo.addons.base.models.ir_module: ALLOW access to module.update_list on [] to user __system__ #1 via n/a 
2025-03-18 17:32:39,586 40524 DEBUG ? odoo.http: HTTP sessions stored in: c:\users\georg\appdata\local\openerp s.a\odoo\sessions 
2025-03-18 17:32:40,104 40524 WARNING odoo odoo.modules.module: Missing `license` key in manifest for 'plant_nursery', defaulting to LGPL-3 
2025-03-18 17:32:40,538 40524 WARNING odoo odoo.modules.loading: invalid module names, ignored:  Plant Nursery 
2025-03-18 17:32:40,560 40524 DEBUG odoo odoo.modules.loading: Updating graph with 35 more modules 
2025-03-18 17:32:40,560 40524 INFO odoo odoo.modules.loading: loading 36 modules... 
2025-03-18 17:32:40,560 40524 DEBUG odoo odoo.modules.loading: Loading module estate (2/36) 
2025-03-18 17:32:40,565 40524 DEBUG odoo odoo.modules.loading: Module estate loaded in 0.00s, 0 queries 
2025-03-18 17:32:40,565 40524 DEBUG odoo odoo.modules.loading: Loading module web (3/36) 
2025-03-18 17:32:40,567 40524 DEBUG odoo odoo.modules.loading: Module web loaded in 0.00s, 0 queries 
2025-03-18 17:32:40,567 40524 DEBUG odoo odoo.modules.loading: Loading module auth_totp (4/36) 
2025-03-18 17:32:40,593 40524 DEBUG odoo odoo.modules.loading: Module auth_totp loaded in 0.03s, 0 queries 
2025-03-18 17:32:40,593 40524 DEBUG odoo odoo.modules.loading: Loading module base_import (5/36) 
2025-03-18 17:32:40,914 40524 DEBUG odoo odoo.modules.loading: Module base_import loaded in 0.32s, 0 queries 
2025-03-18 17:32:40,914 40524 DEBUG odoo odoo.modules.loading: Loading module base_import_module (6/36) 
2025-03-18 17:32:40,927 40524 DEBUG odoo odoo.modules.loading: Module base_import_module loaded in 0.01s, 0 queries 
2025-03-18 17:32:40,927 40524 DEBUG odoo odoo.modules.loading: Loading module base_setup (7/36) 
2025-03-18 17:32:40,934 40524 DEBUG odoo odoo.modules.loading: Module base_setup loaded in 0.01s, 0 queries 
2025-03-18 17:32:40,934 40524 DEBUG odoo odoo.modules.loading: Loading module bus (8/36) 
2025-03-18 17:32:40,952 40524 DEBUG odoo odoo.modules.loading: Module bus loaded in 0.02s, 0 queries 
2025-03-18 17:32:40,952 40524 DEBUG odoo odoo.modules.loading: Loading module http_routing (9/36) 
2025-03-18 17:32:40,957 40524 DEBUG odoo odoo.modules.loading: Module http_routing loaded in 0.00s, 0 queries 
2025-03-18 17:32:40,957 40524 DEBUG odoo odoo.modules.loading: Loading module resource (10/36) 
2025-03-18 17:32:40,976 40524 DEBUG odoo odoo.modules.loading: Module resource loaded in 0.02s, 0 queries 
2025-03-18 17:32:40,976 40524 DEBUG odoo odoo.modules.loading: Loading module web_hierarchy (11/36) 
2025-03-18 17:32:40,984 40524 DEBUG odoo odoo.modules.loading: Module web_hierarchy loaded in 0.01s, 0 queries 
2025-03-18 17:32:40,984 40524 DEBUG odoo odoo.modules.loading: Loading module web_tour (12/36) 
2025-03-18 17:32:40,990 40524 DEBUG odoo odoo.modules.loading: Module web_tour loaded in 0.01s, 0 queries 
2025-03-18 17:32:40,990 40524 DEBUG odoo odoo.modules.loading: Loading module html_editor (13/36) 
2025-03-18 17:32:41,202 40524 DEBUG odoo odoo.modules.loading: Module html_editor loaded in 0.21s, 0 queries 
2025-03-18 17:32:41,202 40524 DEBUG odoo odoo.modules.loading: Loading module iap (14/36) 
2025-03-18 17:32:41,203 40524 DEBUG odoo odoo.modules.loading: Module iap loaded in 0.00s, 0 queries 
2025-03-18 17:32:41,203 40524 DEBUG odoo odoo.modules.loading: Loading module mail (15/36) 
2025-03-18 17:32:41,208 40524 DEBUG odoo odoo.modules.loading: Module mail loaded in 0.01s, 0 queries 
2025-03-18 17:32:41,208 40524 DEBUG odoo odoo.modules.loading: Loading module web_editor (16/36) 
2025-03-18 17:32:41,237 40524 DEBUG odoo odoo.modules.loading: Module web_editor loaded in 0.03s, 0 queries 
2025-03-18 17:32:41,237 40524 DEBUG odoo odoo.modules.loading: Loading module auth_signup (17/36) 
2025-03-18 17:32:41,247 40524 DEBUG odoo odoo.modules.loading: Module auth_signup loaded in 0.01s, 0 queries 
2025-03-18 17:32:41,247 40524 DEBUG odoo odoo.modules.loading: Loading module auth_totp_mail (18/36) 
2025-03-18 17:32:41,250 40524 DEBUG odoo odoo.modules.loading: Module auth_totp_mail loaded in 0.00s, 0 queries 
2025-03-18 17:32:41,250 40524 DEBUG odoo odoo.modules.loading: Loading module base_install_request (19/36) 
2025-03-18 17:32:41,255 40524 DEBUG odoo odoo.modules.loading: Module base_install_request loaded in 0.01s, 0 queries 
2025-03-18 17:32:41,255 40524 DEBUG odoo odoo.modules.loading: Loading module google_gmail (20/36) 
2025-03-18 17:32:41,264 40524 DEBUG odoo odoo.modules.loading: Module google_gmail loaded in 0.01s, 0 queries 
2025-03-18 17:32:41,264 40524 DEBUG odoo odoo.modules.loading: Loading module iap_mail (21/36) 
2025-03-18 17:32:41,266 40524 DEBUG odoo odoo.modules.loading: Module iap_mail loaded in 0.00s, 0 queries 
2025-03-18 17:32:41,266 40524 DEBUG odoo odoo.modules.loading: Loading module mail_bot (22/36) 
2025-03-18 17:32:41,272 40524 DEBUG odoo odoo.modules.loading: Module mail_bot loaded in 0.01s, 0 queries 
2025-03-18 17:32:41,272 40524 DEBUG odoo odoo.modules.loading: Loading module phone_validation (23/36) 
2025-03-18 17:32:41,289 40524 DEBUG odoo odoo.modules.loading: Module phone_validation loaded in 0.02s, 0 queries 
2025-03-18 17:32:41,292 40524 DEBUG odoo odoo.modules.loading: Loading module privacy_lookup (24/36) 
2025-03-18 17:32:41,299 40524 DEBUG odoo odoo.modules.loading: Module privacy_lookup loaded in 0.01s, 0 queries 
2025-03-18 17:32:41,299 40524 DEBUG odoo odoo.modules.loading: Loading module resource_mail (25/36) 
2025-03-18 17:32:41,302 40524 DEBUG odoo odoo.modules.loading: Module resource_mail loaded in 0.00s, 0 queries 
2025-03-18 17:32:41,302 40524 DEBUG odoo odoo.modules.loading: Loading module web_unsplash (26/36) 
2025-03-18 17:32:41,308 40524 DEBUG odoo odoo.modules.loading: Module web_unsplash loaded in 0.01s, 0 queries 
2025-03-18 17:32:41,309 40524 DEBUG odoo odoo.modules.loading: Loading module partner_autocomplete (27/36) 
2025-03-18 17:32:41,321 40524 DEBUG odoo odoo.modules.loading: Module partner_autocomplete loaded in 0.01s, 0 queries 
2025-03-18 17:32:41,321 40524 DEBUG odoo odoo.modules.loading: Loading module portal (28/36) 
2025-03-18 17:32:41,340 40524 DEBUG odoo odoo.modules.loading: Module portal loaded in 0.02s, 0 queries 
2025-03-18 17:32:41,340 40524 DEBUG odoo odoo.modules.loading: Loading module sms (29/36) 
2025-03-18 17:32:41,364 40524 DEBUG odoo odoo.modules.loading: Module sms loaded in 0.02s, 0 queries 
2025-03-18 17:32:41,364 40524 DEBUG odoo odoo.modules.loading: Loading module snailmail (30/36) 
2025-03-18 17:32:41,378 40524 DEBUG odoo odoo.modules.loading: Module snailmail loaded in 0.01s, 0 queries 
2025-03-18 17:32:41,378 40524 DEBUG odoo odoo.modules.loading: Loading module auth_totp_portal (31/36) 
2025-03-18 17:32:41,382 40524 DEBUG odoo odoo.modules.loading: Module auth_totp_portal loaded in 0.00s, 0 queries 
2025-03-18 17:32:41,382 40524 DEBUG odoo odoo.modules.loading: Loading module digest (32/36) 
2025-03-18 17:32:41,391 40524 DEBUG odoo odoo.modules.loading: Module digest loaded in 0.01s, 0 queries 
2025-03-18 17:32:41,391 40524 DEBUG odoo odoo.modules.loading: Loading module hr (33/36) 
2025-03-18 17:32:41,421 40524 DEBUG odoo odoo.modules.loading: Module hr loaded in 0.03s, 0 queries 
2025-03-18 17:32:41,422 40524 DEBUG odoo odoo.modules.loading: Loading module hr_org_chart (34/36) 
2025-03-18 17:32:41,428 40524 DEBUG odoo odoo.modules.loading: Module hr_org_chart loaded in 0.01s, 0 queries 
2025-03-18 17:32:41,428 40524 DEBUG odoo odoo.modules.loading: Loading module hr_skills (35/36) 
2025-03-18 17:32:41,445 40524 DEBUG odoo odoo.modules.loading: Module hr_skills loaded in 0.02s, 0 queries 
2025-03-18 17:32:41,445 40524 DEBUG odoo odoo.modules.loading: Loading module mail_bot_hr (36/36) 
2025-03-18 17:32:41,446 40524 DEBUG odoo odoo.modules.loading: Module mail_bot_hr loaded in 0.00s, 0 queries 
2025-03-18 17:32:41,446 40524 INFO odoo odoo.modules.loading: 36 modules loaded in 0.89s, 0 queries (+0 extra) 
2025-03-18 17:32:41,731 40524 DEBUG odoo odoo.modules.registry: Invalidating templates model caches from write C:\odoo\odoo\odoo\addons\base\models\ir_ui_view.py:533 
2025-03-18 17:32:41,742 40524 DEBUG odoo odoo.modules.registry: Invalidating templates model caches from write C:\odoo\odoo\odoo\addons\base\models\ir_ui_view.py:533 
2025-03-18 17:32:42,184 40524 INFO odoo odoo.modules.loading: Modules loaded. 
2025-03-18 17:32:42,192 40524 INFO odoo odoo.modules.registry: Registry changed, signaling through the database 
2025-03-18 17:32:42,193 40524 INFO odoo odoo.modules.registry: Registry loaded in 3.066s 
2025-03-18 17:32:42,195 40524 DEBUG odoo odoo.service.server: cron0 started! 
2025-03-18 17:32:42,196 40524 DEBUG odoo odoo.service.server: cron1 started! 
2025-03-18 17:32:42,196 40524 INFO odoo odoo.addons.base.models.ir_http: Generating routing map for key None 
2025-03-18 17:32:42,306 40524 INFO odoo werkzeug: 127.0.0.1 - - [18/Mar/2025 17:32:42] "GET /websocket?version=18.0-3 HTTP/1.1" 101 - 6 0.006 2.714
2025-03-18 17:32:42,703 40524 INFO ? odoo.addons.bus.models.bus: Bus.loop listen imbus on db postgres 
2025-03-18 17:32:52,977 40524 INFO odoo werkzeug: 127.0.0.1 - - [18/Mar/2025 17:32:52] "GET /odoo/apps HTTP/1.1" 200 - 86 0.050 0.796
2025-03-18 17:32:53,241 40524 DEBUG ? odoo.modules.module: module __init__.py: no manifest file found ('__manifest__.py', '__openerp__.py') 
2025-03-18 17:32:53,250 40524 DEBUG ? odoo.modules.module: module __pycache__: no manifest file found ('__manifest__.py', '__openerp__.py') 
2025-03-18 17:32:53,276 40524 INFO odoo werkzeug: 127.0.0.1 - - [18/Mar/2025 17:32:53] "GET /web/image?model=res.users&field=avatar_128&id=2 HTTP/1.1" 304 - 13 0.008 0.042
2025-03-18 17:32:53,316 40524 DEBUG ? odoo.modules.module: module website_twitter: no manifest file found ('__manifest__.py', '__openerp__.py') 
2025-03-18 17:32:53,353 40524 INFO odoo werkzeug: 127.0.0.1 - - [18/Mar/2025 17:32:53] "POST /web/action/load HTTP/1.1" 200 - 12 0.012 0.112
2025-03-18 17:32:53,679 40524 INFO odoo werkzeug: 127.0.0.1 - - [18/Mar/2025 17:32:53] "POST /mail/data HTTP/1.1" 200 - 34 0.046 0.087
2025-03-18 17:32:53,686 40524 DEBUG odoo odoo.api: call ir.module.module().get_views(options={'action_id': 39, 'embedded_action_id': False, 'embedded_parent_res_id': False, 'load_filters': True, 'toolbar': True}, views=[[False, 'kanban'], [False, 'list'], [False, 'form'], [95, 'search']]) 
2025-03-18 17:32:53,697 40524 INFO odoo werkzeug: 127.0.0.1 - - [18/Mar/2025 17:32:53] "GET /web/manifest.webmanifest HTTP/1.1" 200 - 9 0.006 0.024
2025-03-18 17:32:53,857 40524 INFO odoo werkzeug: 127.0.0.1 - - [18/Mar/2025 17:32:53] "POST /web/dataset/call_kw/ir.module.module/get_views HTTP/1.1" 200 - 57 0.083 0.173
2025-03-18 17:32:54,177 40524 DEBUG odoo odoo.api: call ir.module.module().search_panel_select_range('module_type', category_domain=[], enable_counters=False, expand=True, filter_domain=[], hierarchize=True, limit=200, search_domain=[['application', '=', True]]) 
2025-03-18 17:32:54,181 40524 INFO odoo werkzeug: 127.0.0.1 - - [18/Mar/2025 17:32:54] "POST /web/dataset/call_kw/ir.module.module/search_panel_select_range HTTP/1.1" 200 - 1 0.001 0.008
2025-03-18 17:32:54,181 40524 DEBUG odoo odoo.api: call ir.module.module().search_panel_select_range('category_id', category_domain=[], enable_counters=True, expand=False, filter_domain=[], hierarchize=True, limit=200, search_domain=[['application', '=', True]]) 
2025-03-18 17:32:54,195 40524 DEBUG odoo odoo.api: call ir.module.module().web_search_read(count_limit=10001, domain=[['application', '=', True]], limit=80, offset=0, order='', specification={'to_buy': {}, 'name': {}, 'state': {}, 'summary': {}, 'website': {}, 'application': {}, 'module_type': {}, 'icon': {}, 'icon_flag': {}, 'shortdesc': {}}) 
2025-03-18 17:32:54,213 40524 DEBUG odoo odoo.modules.module: module mrp_workorder: no manifest file found ('__manifest__.py', '__openerp__.py') 
2025-03-18 17:32:54,218 40524 DEBUG odoo odoo.modules.module: module accountant: no manifest file found ('__manifest__.py', '__openerp__.py') 
2025-03-18 17:32:54,218 40524 DEBUG odoo odoo.modules.module: module knowledge: no manifest file found ('__manifest__.py', '__openerp__.py') 
2025-03-18 17:32:54,224 40524 DEBUG odoo odoo.modules.module: module timesheet_grid: no manifest file found ('__manifest__.py', '__openerp__.py') 
2025-03-18 17:32:54,224 40524 DEBUG odoo odoo.modules.module: module web_studio: no manifest file found ('__manifest__.py', '__openerp__.py') 
2025-03-18 17:32:54,234 40524 DEBUG odoo odoo.modules.module: module industry_fsm: no manifest file found ('__manifest__.py', '__openerp__.py') 
2025-03-18 17:32:54,244 40524 DEBUG odoo odoo.modules.module: module nursery: no manifest file found ('__manifest__.py', '__openerp__.py') 
2025-03-18 17:32:54,247 40524 INFO odoo werkzeug: 127.0.0.1 - - [18/Mar/2025 17:32:54] "POST /web/dataset/call_kw/ir.module.module/search_panel_select_range HTTP/1.1" 200 - 57 0.031 0.042
2025-03-18 17:32:54,248 40524 DEBUG odoo odoo.modules.module: module sign: no manifest file found ('__manifest__.py', '__openerp__.py') 
2025-03-18 17:32:54,251 40524 DEBUG odoo odoo.modules.module: module helpdesk: no manifest file found ('__manifest__.py', '__openerp__.py') 
2025-03-18 17:32:54,252 40524 DEBUG odoo odoo.modules.module: module sale_subscription: no manifest file found ('__manifest__.py', '__openerp__.py') 
2025-03-18 17:32:54,253 40524 DEBUG odoo odoo.modules.module: module quality_control: no manifest file found ('__manifest__.py', '__openerp__.py') 
2025-03-18 17:32:54,255 40524 DEBUG odoo odoo.modules.module: module planning: no manifest file found ('__manifest__.py', '__openerp__.py') 
2025-03-18 17:32:54,257 40524 DEBUG odoo odoo.modules.module: module mrp_plm: no manifest file found ('__manifest__.py', '__openerp__.py') 
2025-03-18 17:32:54,258 40524 DEBUG odoo odoo.modules.module: module social: no manifest file found ('__manifest__.py', '__openerp__.py') 
2025-03-18 17:32:54,259 40524 DEBUG odoo odoo.modules.module: module hr_appraisal: no manifest file found ('__manifest__.py', '__openerp__.py') 
2025-03-18 17:32:54,261 40524 DEBUG odoo odoo.modules.module: module marketing_automation: no manifest file found ('__manifest__.py', '__openerp__.py') 
2025-03-18 17:32:54,261 40524 DEBUG odoo odoo.modules.module: module appointment: no manifest file found ('__manifest__.py', '__openerp__.py') 
2025-03-18 17:32:54,261 40524 DEBUG odoo odoo.modules.module: module web_mobile: no manifest file found ('__manifest__.py', '__openerp__.py') 
2025-03-18 17:32:54,261 40524 DEBUG odoo odoo.modules.module: module stock_barcode: no manifest file found ('__manifest__.py', '__openerp__.py') 
2025-03-18 17:32:54,268 40524 DEBUG odoo odoo.modules.module: module voip: no manifest file found ('__manifest__.py', '__openerp__.py') 
2025-03-18 17:32:54,269 40524 DEBUG odoo odoo.modules.module: module sale_amazon: no manifest file found ('__manifest__.py', '__openerp__.py') 
2025-03-18 17:32:54,275 40524 INFO odoo werkzeug: 127.0.0.1 - - [18/Mar/2025 17:32:54] "POST /web/dataset/call_kw/ir.module.module/web_search_read HTTP/1.1" 200 - 4 0.017 0.075
2025-03-18 17:32:56,016 40524 INFO odoo werkzeug: 127.0.0.1 - - [18/Mar/2025 17:32:56] "GET /web/service-worker.js HTTP/1.1" 200 - 1 0.001 0.012
2025-03-18 17:32:56,711 40524 INFO odoo werkzeug: 127.0.0.1 - - [18/Mar/2025 17:32:56] "POST /web/action/load HTTP/1.1" 200 - 10 0.005 0.033
2025-03-18 17:32:56,937 40524 DEBUG odoo odoo.api: call ir.module.module().search_panel_select_range('module_type', category_domain=[], enable_counters=False, expand=True, filter_domain=[], hierarchize=True, limit=200, search_domain=[['application', '=', True]]) 
2025-03-18 17:32:56,938 40524 INFO odoo werkzeug: 127.0.0.1 - - [18/Mar/2025 17:32:56] "POST /web/dataset/call_kw/ir.module.module/search_panel_select_range HTTP/1.1" 200 - 1 0.000 0.005
2025-03-18 17:32:57,065 40524 DEBUG odoo odoo.api: call ir.module.module().search_panel_select_range('category_id', category_domain=[], enable_counters=True, expand=False, filter_domain=[], hierarchize=True, limit=200, search_domain=[['application', '=', True]]) 
2025-03-18 17:32:57,065 40524 DEBUG odoo odoo.api: call ir.module.module().web_search_read(count_limit=10001, domain=[['application', '=', True]], limit=80, offset=0, order='', specification={'to_buy': {}, 'name': {}, 'state': {}, 'summary': {}, 'website': {}, 'application': {}, 'module_type': {}, 'icon': {}, 'icon_flag': {}, 'shortdesc': {}}) 
2025-03-18 17:32:57,144 40524 INFO odoo werkzeug: 127.0.0.1 - - [18/Mar/2025 17:32:57] "POST /web/dataset/call_kw/ir.module.module/search_panel_select_range HTTP/1.1" 200 - 54 0.051 0.038
2025-03-18 17:32:57,164 40524 INFO odoo werkzeug: 127.0.0.1 - - [18/Mar/2025 17:32:57] "POST /web/dataset/call_kw/ir.module.module/web_search_read HTTP/1.1" 200 - 3 0.009 0.097
2025-03-18 17:32:57,528 40524 DEBUG odoo odoo.api: call ir.module.module().search_panel_select_range('module_type', category_domain=[], enable_counters=False, expand=True, filter_domain=[], hierarchize=True, limit=200, search_domain=[['application', '=', True]]) 
2025-03-18 17:32:57,529 40524 INFO odoo werkzeug: 127.0.0.1 - - [18/Mar/2025 17:32:57] "POST /web/dataset/call_kw/ir.module.module/search_panel_select_range HTTP/1.1" 200 - 1 0.001 0.005
2025-03-18 17:32:57,835 40524 DEBUG odoo odoo.api: call ir.module.module().web_search_read(count_limit=10001, domain=[['application', '=', True]], limit=80, offset=0, order='', specification={'to_buy': {}, 'name': {}, 'state': {}, 'summary': {}, 'website': {}, 'application': {}, 'module_type': {}, 'icon': {}, 'icon_flag': {}, 'shortdesc': {}}) 
2025-03-18 17:32:57,838 40524 DEBUG odoo odoo.api: call ir.module.module().search_panel_select_range('category_id', category_domain=[], enable_counters=True, expand=False, filter_domain=[], hierarchize=True, limit=200, search_domain=[['application', '=', True]]) 
2025-03-18 17:32:57,904 40524 INFO odoo werkzeug: 127.0.0.1 - - [18/Mar/2025 17:32:57] "POST /web/dataset/call_kw/ir.module.module/search_panel_select_range HTTP/1.1" 200 - 54 0.039 0.034
2025-03-18 17:32:57,925 40524 INFO odoo werkzeug: 127.0.0.1 - - [18/Mar/2025 17:32:57] "POST /web/dataset/call_kw/ir.module.module/web_search_read HTTP/1.1" 200 - 3 0.005 0.088
2025-03-18 17:33:03,435 40524 DEBUG odoo odoo.api: call ir.module.module().search_panel_select_range('category_id', category_domain=[], enable_counters=True, expand=False, filter_domain=[], hierarchize=True, limit=200, search_domain=[]) 
2025-03-18 17:33:03,449 40524 DEBUG odoo odoo.api: call ir.module.module().web_search_read(count_limit=10001, domain=[], limit=80, offset=0, order='', specification={'to_buy': {}, 'name': {}, 'state': {}, 'summary': {}, 'website': {}, 'application': {}, 'module_type': {}, 'icon': {}, 'icon_flag': {}, 'shortdesc': {}}) 
2025-03-18 17:33:03,509 40524 INFO odoo werkzeug: 127.0.0.1 - - [18/Mar/2025 17:33:03] "POST /web/dataset/call_kw/ir.module.module/search_panel_select_range HTTP/1.1" 200 - 54 0.052 0.027
2025-03-18 17:33:03,550 40524 INFO odoo werkzeug: 127.0.0.1 - - [18/Mar/2025 17:33:03] "POST /web/dataset/call_kw/ir.module.module/web_search_read HTTP/1.1" 200 - 4 0.006 0.109
2025-03-18 17:33:09,408 40524 DEBUG odoo odoo.api: call ir.module.module().search_panel_select_range('category_id', category_domain=[], enable_counters=True, expand=False, filter_domain=[], hierarchize=True, limit=200, search_domain=['|', '|', ['summary', 'ilike', 'Plant Nursery'], ['shortdesc', 'ilike', 'Plant Nursery'], ['name', 'ilike', 'Plant Nursery']]) 
2025-03-18 17:33:09,514 40524 INFO odoo werkzeug: 127.0.0.1 - - [18/Mar/2025 17:33:09] "POST /web/dataset/call_kw/ir.module.module/search_panel_select_range HTTP/1.1" 200 - 54 0.070 0.043
2025-03-18 17:33:09,828 40524 DEBUG odoo odoo.api: call ir.module.module().web_search_read(count_limit=10001, domain=['|', '|', ['summary', 'ilike', 'Plant Nursery'], ['shortdesc', 'ilike', 'Plant Nursery'], ['name', 'ilike', 'Plant Nursery']], limit=80, offset=0, order='', specification={'to_buy': {}, 'name': {}, 'state': {}, 'summary': {}, 'website': {}, 'application': {}, 'module_type': {}, 'icon': {}, 'icon_flag': {}, 'shortdesc': {}}) 
2025-03-18 17:33:09,848 40524 INFO odoo werkzeug: 127.0.0.1 - - [18/Mar/2025 17:33:09] "POST /web/dataset/call_kw/ir.module.module/web_search_read HTTP/1.1" 200 - 3 0.015 0.011
2025-03-18 17:33:16,372 40524 DEBUG odoo odoo.api: call ir.module.module(632,).button_immediate_install() 
2025-03-18 17:33:16,382 40524 INFO odoo odoo.addons.base.models.ir_module: ALLOW access to module.button_immediate_install on ['Plant Nursery1'] to user admin #2 via 127.0.0.1 
2025-03-18 17:33:16,382 40524 INFO odoo odoo.addons.base.models.ir_module: User #2 triggered module installation 
2025-03-18 17:33:16,388 40524 INFO odoo odoo.addons.base.models.ir_module: ALLOW access to module.button_install on ['Plant Nursery1'] to user admin #2 via 127.0.0.1 
2025-03-18 17:33:16,488 40524 DEBUG odoo odoo.modules.registry: Multiprocess load registry signaling: [Registry: 63] [Cache default: 2] [Cache assets: 1] [Cache templates: 1] [Cache routing: 1] [Cache groups: 1] 
2025-03-18 17:33:16,491 40524 INFO odoo odoo.modules.loading: loading 1 modules... 
2025-03-18 17:33:16,492 40524 DEBUG odoo odoo.modules.loading: Loading module base (1/1) 
2025-03-18 17:33:16,493 40524 DEBUG odoo odoo.modules.loading: Module base loaded in 0.00s, 0 queries 
2025-03-18 17:33:16,493 40524 INFO odoo odoo.modules.loading: 1 modules loaded in 0.00s, 0 queries (+0 extra) 
2025-03-18 17:33:16,541 40524 INFO odoo odoo.modules.loading: updating modules list 
2025-03-18 17:33:16,541 40524 INFO odoo odoo.addons.base.models.ir_module: ALLOW access to module.update_list on [] to user __system__ #1 via 127.0.0.1 
2025-03-18 17:33:17,527 40524 DEBUG odoo odoo.modules.loading: Updating graph with 35 more modules 
2025-03-18 17:33:17,527 40524 INFO odoo odoo.modules.loading: loading 36 modules... 
2025-03-18 17:33:17,527 40524 DEBUG odoo odoo.modules.loading: Loading module estate (2/36) 
2025-03-18 17:33:17,527 40524 DEBUG odoo odoo.modules.loading: Module estate loaded in 0.00s, 0 queries 
2025-03-18 17:33:17,527 40524 DEBUG odoo odoo.modules.loading: Loading module web (3/36) 
2025-03-18 17:33:17,531 40524 DEBUG odoo odoo.modules.loading: Module web loaded in 0.00s, 0 queries 
2025-03-18 17:33:17,531 40524 DEBUG odoo odoo.modules.loading: Loading module auth_totp (4/36) 
2025-03-18 17:33:17,531 40524 DEBUG odoo odoo.modules.loading: Module auth_totp loaded in 0.00s, 0 queries 
2025-03-18 17:33:17,531 40524 DEBUG odoo odoo.modules.loading: Loading module base_import (5/36) 
2025-03-18 17:33:17,531 40524 DEBUG odoo odoo.modules.loading: Module base_import loaded in 0.00s, 0 queries 
2025-03-18 17:33:17,533 40524 DEBUG odoo odoo.modules.loading: Loading module base_import_module (6/36) 
2025-03-18 17:33:17,533 40524 DEBUG odoo odoo.modules.loading: Module base_import_module loaded in 0.00s, 0 queries 
2025-03-18 17:33:17,533 40524 DEBUG odoo odoo.modules.loading: Loading module base_setup (7/36) 
2025-03-18 17:33:17,533 40524 DEBUG odoo odoo.modules.loading: Module base_setup loaded in 0.00s, 0 queries 
2025-03-18 17:33:17,533 40524 DEBUG odoo odoo.modules.loading: Loading module bus (8/36) 
2025-03-18 17:33:17,533 40524 DEBUG odoo odoo.modules.loading: Module bus loaded in 0.00s, 0 queries 
2025-03-18 17:33:17,533 40524 DEBUG odoo odoo.modules.loading: Loading module http_routing (9/36) 
2025-03-18 17:33:17,533 40524 DEBUG odoo odoo.modules.loading: Module http_routing loaded in 0.00s, 0 queries 
2025-03-18 17:33:17,533 40524 DEBUG odoo odoo.modules.loading: Loading module resource (10/36) 
2025-03-18 17:33:17,533 40524 DEBUG odoo odoo.modules.loading: Module resource loaded in 0.00s, 0 queries 
2025-03-18 17:33:17,533 40524 DEBUG odoo odoo.modules.loading: Loading module web_hierarchy (11/36) 
2025-03-18 17:33:17,535 40524 DEBUG odoo odoo.modules.loading: Module web_hierarchy loaded in 0.00s, 0 queries 
2025-03-18 17:33:17,535 40524 DEBUG odoo odoo.modules.loading: Loading module web_tour (12/36) 
2025-03-18 17:33:17,535 40524 DEBUG odoo odoo.modules.loading: Module web_tour loaded in 0.00s, 0 queries 
2025-03-18 17:33:17,535 40524 DEBUG odoo odoo.modules.loading: Loading module html_editor (13/36) 
2025-03-18 17:33:17,535 40524 DEBUG odoo odoo.modules.loading: Module html_editor loaded in 0.00s, 0 queries 
2025-03-18 17:33:17,535 40524 DEBUG odoo odoo.modules.loading: Loading module iap (14/36) 
2025-03-18 17:33:17,535 40524 DEBUG odoo odoo.modules.loading: Module iap loaded in 0.00s, 0 queries 
2025-03-18 17:33:17,535 40524 DEBUG odoo odoo.modules.loading: Loading module mail (15/36) 
2025-03-18 17:33:17,539 40524 DEBUG odoo odoo.modules.loading: Module mail loaded in 0.00s, 0 queries 
2025-03-18 17:33:17,539 40524 DEBUG odoo odoo.modules.loading: Loading module web_editor (16/36) 
2025-03-18 17:33:17,542 40524 DEBUG odoo odoo.modules.loading: Module web_editor loaded in 0.00s, 0 queries 
2025-03-18 17:33:17,542 40524 DEBUG odoo odoo.modules.loading: Loading module auth_signup (17/36) 
2025-03-18 17:33:17,543 40524 DEBUG odoo odoo.modules.loading: Module auth_signup loaded in 0.00s, 0 queries 
2025-03-18 17:33:17,543 40524 DEBUG odoo odoo.modules.loading: Loading module auth_totp_mail (18/36) 
2025-03-18 17:33:17,543 40524 DEBUG odoo odoo.modules.loading: Module auth_totp_mail loaded in 0.00s, 0 queries 
2025-03-18 17:33:17,543 40524 DEBUG odoo odoo.modules.loading: Loading module base_install_request (19/36) 
2025-03-18 17:33:17,543 40524 DEBUG odoo odoo.modules.loading: Module base_install_request loaded in 0.00s, 0 queries 
2025-03-18 17:33:17,543 40524 DEBUG odoo odoo.modules.loading: Loading module google_gmail (20/36) 
2025-03-18 17:33:17,543 40524 DEBUG odoo odoo.modules.loading: Module google_gmail loaded in 0.00s, 0 queries 
2025-03-18 17:33:17,543 40524 DEBUG odoo odoo.modules.loading: Loading module iap_mail (21/36) 
2025-03-18 17:33:17,543 40524 DEBUG odoo odoo.modules.loading: Module iap_mail loaded in 0.00s, 0 queries 
2025-03-18 17:33:17,543 40524 DEBUG odoo odoo.modules.loading: Loading module mail_bot (22/36) 
2025-03-18 17:33:17,543 40524 DEBUG odoo odoo.modules.loading: Module mail_bot loaded in 0.00s, 0 queries 
2025-03-18 17:33:17,543 40524 DEBUG odoo odoo.modules.loading: Loading module phone_validation (23/36) 
2025-03-18 17:33:17,543 40524 DEBUG odoo odoo.modules.loading: Module phone_validation loaded in 0.00s, 0 queries 
2025-03-18 17:33:17,543 40524 DEBUG odoo odoo.modules.loading: Loading module privacy_lookup (24/36) 
2025-03-18 17:33:17,543 40524 DEBUG odoo odoo.modules.loading: Module privacy_lookup loaded in 0.00s, 0 queries 
2025-03-18 17:33:17,543 40524 DEBUG odoo odoo.modules.loading: Loading module resource_mail (25/36) 
2025-03-18 17:33:17,543 40524 DEBUG odoo odoo.modules.loading: Module resource_mail loaded in 0.00s, 0 queries 
2025-03-18 17:33:17,543 40524 DEBUG odoo odoo.modules.loading: Loading module web_unsplash (26/36) 
2025-03-18 17:33:17,543 40524 DEBUG odoo odoo.modules.loading: Module web_unsplash loaded in 0.00s, 0 queries 
2025-03-18 17:33:17,543 40524 DEBUG odoo odoo.modules.loading: Loading module partner_autocomplete (27/36) 
2025-03-18 17:33:17,543 40524 DEBUG odoo odoo.modules.loading: Module partner_autocomplete loaded in 0.00s, 0 queries 
2025-03-18 17:33:17,543 40524 DEBUG odoo odoo.modules.loading: Loading module portal (28/36) 
2025-03-18 17:33:17,543 40524 DEBUG odoo odoo.modules.loading: Module portal loaded in 0.00s, 0 queries 
2025-03-18 17:33:17,543 40524 DEBUG odoo odoo.modules.loading: Loading module sms (29/36) 
2025-03-18 17:33:17,543 40524 DEBUG odoo odoo.modules.loading: Module sms loaded in 0.00s, 0 queries 
2025-03-18 17:33:17,543 40524 DEBUG odoo odoo.modules.loading: Loading module snailmail (30/36) 
2025-03-18 17:33:17,543 40524 DEBUG odoo odoo.modules.loading: Module snailmail loaded in 0.00s, 0 queries 
2025-03-18 17:33:17,543 40524 DEBUG odoo odoo.modules.loading: Loading module auth_totp_portal (31/36) 
2025-03-18 17:33:17,543 40524 DEBUG odoo odoo.modules.loading: Module auth_totp_portal loaded in 0.00s, 0 queries 
2025-03-18 17:33:17,543 40524 DEBUG odoo odoo.modules.loading: Loading module digest (32/36) 
2025-03-18 17:33:17,543 40524 DEBUG odoo odoo.modules.loading: Module digest loaded in 0.00s, 0 queries 
2025-03-18 17:33:17,543 40524 DEBUG odoo odoo.modules.loading: Loading module hr (33/36) 
2025-03-18 17:33:17,543 40524 DEBUG odoo odoo.modules.loading: Module hr loaded in 0.00s, 0 queries 
2025-03-18 17:33:17,543 40524 DEBUG odoo odoo.modules.loading: Loading module hr_org_chart (34/36) 
2025-03-18 17:33:17,543 40524 DEBUG odoo odoo.modules.loading: Module hr_org_chart loaded in 0.00s, 0 queries 
2025-03-18 17:33:17,543 40524 DEBUG odoo odoo.modules.loading: Loading module hr_skills (35/36) 
2025-03-18 17:33:17,543 40524 DEBUG odoo odoo.modules.loading: Module hr_skills loaded in 0.00s, 0 queries 
2025-03-18 17:33:17,543 40524 DEBUG odoo odoo.modules.loading: Loading module mail_bot_hr (36/36) 
2025-03-18 17:33:17,543 40524 DEBUG odoo odoo.modules.loading: Module mail_bot_hr loaded in 0.00s, 0 queries 
2025-03-18 17:33:17,543 40524 INFO odoo odoo.modules.loading: 36 modules loaded in 0.02s, 0 queries (+0 extra) 
2025-03-18 17:33:17,543 40524 DEBUG odoo odoo.modules.loading: Updating graph with 1 more modules 
2025-03-18 17:33:17,543 40524 INFO odoo odoo.modules.loading: loading 37 modules... 
2025-03-18 17:33:17,543 40524 INFO odoo odoo.modules.loading: Loading module plant_nursery (10/37) 
2025-03-18 17:33:17,563 40524 WARNING odoo odoo.models: The model nursery.plant has no _description 
2025-03-18 17:33:17,563 40524 WARNING odoo odoo.models: The model nursery.customer has no _description 
2025-03-18 17:33:17,563 40524 WARNING odoo odoo.models: The model nursery.order has no _description 
2025-03-18 17:33:17,611 40524 DEBUG odoo odoo.models: Patching res.config.settings.report_footer with translate=True 
2025-03-18 17:33:17,641 40524 DEBUG odoo odoo.models: Patching base.document.layout.report_header with translate=True 
2025-03-18 17:33:17,641 40524 DEBUG odoo odoo.models: Patching base.document.layout.report_footer with translate=True 
2025-03-18 17:33:17,642 40524 DEBUG odoo odoo.models: Patching base.document.layout.company_details with translate=True 
2025-03-18 17:33:17,648 40524 DEBUG odoo odoo.models: Patching iap.account.description with translate=True 
2025-03-18 17:33:17,708 40524 INFO odoo odoo.modules.registry: module plant_nursery: creating or updating database tables 
2025-03-18 17:33:17,723 40524 DEBUG odoo odoo.schema: Table 'nursery_plant': created 
2025-03-18 17:33:17,737 40524 DEBUG odoo odoo.schema: Table 'nursery_customer': created 
2025-03-18 17:33:17,744 40524 DEBUG odoo odoo.schema: Table 'nursery_order': created 
2025-03-18 17:33:17,793 40524 DEBUG odoo odoo.schema: Table 'nursery_plant': added foreign key 'create_uid' references 'res_users'('id') ON DELETE set null 
2025-03-18 17:33:17,810 40524 DEBUG odoo odoo.schema: Table 'nursery_plant': added foreign key 'write_uid' references 'res_users'('id') ON DELETE set null 
2025-03-18 17:33:17,812 40524 DEBUG odoo odoo.schema: Table 'nursery_customer': added foreign key 'create_uid' references 'res_users'('id') ON DELETE set null 
2025-03-18 17:33:17,812 40524 DEBUG odoo odoo.schema: Table 'nursery_customer': added foreign key 'write_uid' references 'res_users'('id') ON DELETE set null 
2025-03-18 17:33:17,828 40524 DEBUG odoo odoo.schema: Table 'nursery_order': added foreign key 'plant_id' references 'nursery_plant'('id') ON DELETE restrict 
2025-03-18 17:33:17,832 40524 DEBUG odoo odoo.schema: Table 'nursery_order': added foreign key 'customer_id' references 'nursery_customer'('id') ON DELETE set null 
2025-03-18 17:33:17,841 40524 DEBUG odoo odoo.schema: Table 'nursery_order': added foreign key 'create_uid' references 'res_users'('id') ON DELETE set null 
2025-03-18 17:33:17,848 40524 DEBUG odoo odoo.schema: Table 'nursery_order': added foreign key 'write_uid' references 'res_users'('id') ON DELETE set null 
2025-03-18 17:33:17,962 40524 INFO odoo odoo.modules.loading: loading plant_nursery/data/actions.xml 
2025-03-18 17:33:17,966 40524 DEBUG odoo odoo.modules.registry: Invalidating default model caches from create C:\odoo\odoo\odoo\addons\base\models\ir_ui_menu.py:166 
2025-03-18 17:33:17,974 40524 DEBUG odoo odoo.modules.registry: Invalidating default model caches from create C:\odoo\odoo\odoo\addons\base\models\ir_actions.py:352 
2025-03-18 17:33:17,974 40524 DEBUG odoo odoo.modules.registry: Invalidating default model caches from create C:\odoo\odoo\odoo\addons\base\models\ir_actions.py:108 
2025-03-18 17:33:17,974 40524 DEBUG odoo odoo.modules.registry: Invalidating default model caches from create C:\odoo\odoo\odoo\addons\base\models\ir_actions.py:352 
2025-03-18 17:33:17,974 40524 DEBUG odoo odoo.modules.registry: Invalidating default model caches from create C:\odoo\odoo\odoo\addons\base\models\ir_actions.py:108 
2025-03-18 17:33:17,974 40524 DEBUG odoo odoo.modules.registry: Invalidating default model caches from create C:\odoo\odoo\odoo\addons\base\models\ir_actions.py:352 
2025-03-18 17:33:17,974 40524 DEBUG odoo odoo.modules.registry: Invalidating default model caches from create C:\odoo\odoo\odoo\addons\base\models\ir_actions.py:108 
2025-03-18 17:33:17,974 40524 DEBUG odoo odoo.modules.registry: Invalidating default model caches from create C:\odoo\odoo\odoo\addons\base\models\ir_ui_menu.py:166 
2025-03-18 17:33:17,991 40524 DEBUG odoo odoo.modules.registry: Invalidating default model caches from create C:\odoo\odoo\odoo\addons\base\models\ir_ui_menu.py:166 
2025-03-18 17:33:17,996 40524 DEBUG odoo odoo.modules.registry: Invalidating default model caches from create C:\odoo\odoo\odoo\addons\base\models\ir_ui_menu.py:166 
2025-03-18 17:33:18,000 40524 INFO odoo odoo.modules.loading: loading plant_nursery/data/plant_views.xml 
2025-03-18 17:33:18,006 40524 DEBUG odoo odoo.modules.registry: Invalidating templates model caches from create C:\odoo\odoo\odoo\addons\base\models\ir_ui_view.py:517 
2025-03-18 17:33:18,021 40524 INFO odoo odoo.modules.loading: loading plant_nursery/data/order_views.xml 
2025-03-18 17:33:18,023 40524 DEBUG odoo odoo.modules.registry: Invalidating templates model caches from create C:\odoo\odoo\odoo\addons\base\models\ir_ui_view.py:517 
2025-03-18 17:33:18,041 40524 WARNING odoo odoo.modules.loading: The models ['nursery.plant', 'nursery.customer', 'nursery.order'] have no access rules in module plant_nursery, consider adding some, like:
id,name,model_id:id,group_id:id,perm_read,perm_write,perm_create,perm_unlink
plant_nursery.access_nursery_plant,access_nursery_plant,plant_nursery.model_nursery_plant,base.group_user,1,0,0,0
plant_nursery.access_nursery_customer,access_nursery_customer,plant_nursery.model_nursery_customer,base.group_user,1,0,0,0
plant_nursery.access_nursery_order,access_nursery_order,plant_nursery.model_nursery_order,base.group_user,1,0,0,0 
2025-03-18 17:33:18,054 40524 INFO odoo odoo.modules.loading: Module plant_nursery loaded in 0.51s, 145 queries (+145 other) 
2025-03-18 17:33:18,054 40524 INFO odoo odoo.modules.loading: 37 modules loaded in 0.51s, 145 queries (+145 extra) 
2025-03-18 17:33:18,328 40524 DEBUG odoo odoo.models: column index is in the table auth_totp_device but not in the corresponding object auth_totp.device 
2025-03-18 17:33:18,328 40524 DEBUG odoo odoo.models: column key is in the table auth_totp_device but not in the corresponding object auth_totp.device 
2025-03-18 17:33:18,373 40524 DEBUG odoo odoo.models: column web is in the table ir_module_module but not in the corresponding object ir.module.module 
2025-03-18 17:33:18,415 40524 DEBUG odoo odoo.models: column password is in the table res_users but not in the corresponding object res.users 
2025-03-18 17:33:18,415 40524 DEBUG odoo odoo.models: column totp_secret is in the table res_users but not in the corresponding object res.users 
2025-03-18 17:33:18,415 40524 DEBUG odoo odoo.models: column index is in the table res_users_apikeys but not in the corresponding object res.users.apikeys 
2025-03-18 17:33:18,415 40524 DEBUG odoo odoo.models: column key is in the table res_users_apikeys but not in the corresponding object res.users.apikeys 
2025-03-18 17:33:18,480 40524 DEBUG odoo odoo.modules.registry: Invalidating templates model caches from write C:\odoo\odoo\odoo\addons\base\models\ir_ui_view.py:533 
2025-03-18 17:33:18,491 40524 DEBUG odoo odoo.modules.registry: Invalidating templates model caches from write C:\odoo\odoo\odoo\addons\base\models\ir_ui_view.py:533 
2025-03-18 17:33:19,050 40524 INFO odoo odoo.modules.loading: Modules loaded. 
2025-03-18 17:33:19,054 40524 INFO odoo odoo.modules.registry: Registry changed, signaling through the database 
2025-03-18 17:33:19,055 40524 INFO odoo odoo.modules.registry: Registry loaded in 2.583s 
2025-03-18 17:33:19,056 40524 INFO odoo odoo.addons.base.models.ir_module: getting next ir.actions.todo() 
2025-03-18 17:33:19,063 40524 INFO odoo werkzeug: 127.0.0.1 - - [18/Mar/2025 17:33:19] "POST /web/dataset/call_button/ir.module.module/button_immediate_install HTTP/1.1" 200 - 2504 1.414 1.283
2025-03-18 17:33:19,402 40524 INFO odoo odoo.addons.base.models.ir_http: Generating routing map for key None 
2025-03-18 17:33:19,512 40524 WARNING odoo odoo.modules.module: Missing `license` key in manifest for 'plant_nursery', defaulting to LGPL-3 
2025-03-18 17:33:20,239 40524 INFO odoo werkzeug: 127.0.0.1 - - [18/Mar/2025 17:33:20] "GET /odoo HTTP/1.1" 200 - 91 0.046 0.795
2025-03-18 17:33:20,547 40524 INFO odoo werkzeug: 127.0.0.1 - - [18/Mar/2025 17:33:20] "POST /web/action/load HTTP/1.1" 200 - 7 0.016 0.035
2025-03-18 17:33:20,597 40524 INFO odoo werkzeug: 127.0.0.1 - - [18/Mar/2025 17:33:20] "GET /web/image?model=res.users&field=avatar_128&id=2 HTTP/1.1" 304 - 17 0.044 0.058
2025-03-18 17:33:20,906 40524 INFO odoo werkzeug: 127.0.0.1 - - [18/Mar/2025 17:33:20] "POST /mail/data HTTP/1.1" 200 - 34 0.028 0.065
2025-03-18 17:33:21,018 40524 INFO odoo werkzeug: 127.0.0.1 - - [18/Mar/2025 17:33:21] "GET /web/manifest.webmanifest HTTP/1.1" 200 - 9 0.018 0.031
2025-03-18 17:33:21,138 40524 INFO odoo werkzeug: 127.0.0.1 - - [18/Mar/2025 17:33:21] "POST /mail/data HTTP/1.1" 200 - 63 0.050 0.139
2025-03-18 17:33:21,540 40524 INFO odoo werkzeug: 127.0.0.1 - - [18/Mar/2025 17:33:21] "POST /mail/inbox/messages HTTP/1.1" 200 - 5 0.006 0.016
2025-03-18 17:33:22,851 40524 INFO odoo werkzeug: 127.0.0.1 - - [18/Mar/2025 17:33:22] "GET /web/service-worker.js HTTP/1.1" 200 - 1 0.000 0.000
2025-03-18 17:33:31,766 40524 INFO odoo werkzeug: 127.0.0.1 - - [18/Mar/2025 17:33:31] "POST /web/action/load HTTP/1.1" 200 - 10 0.023 0.021
2025-03-18 17:33:32,000 40524 DEBUG odoo odoo.api: call ir.module.module().get_views(options={'action_id': 39, 'embedded_action_id': False, 'embedded_parent_res_id': False, 'load_filters': True, 'toolbar': True}, views=[[False, 'kanban'], [False, 'list'], [False, 'form'], [95, 'search']]) 
2025-03-18 17:33:32,174 40524 INFO odoo werkzeug: 127.0.0.1 - - [18/Mar/2025 17:33:32] "POST /web/dataset/call_kw/ir.module.module/get_views HTTP/1.1" 200 - 56 0.069 0.115
2025-03-18 17:33:32,196 40524 DEBUG odoo odoo.api: call ir.module.module().search_panel_select_range('module_type', category_domain=[], enable_counters=False, expand=True, filter_domain=[], hierarchize=True, limit=200, search_domain=[['application', '=', True]]) 
2025-03-18 17:33:32,198 40524 INFO odoo werkzeug: 127.0.0.1 - - [18/Mar/2025 17:33:32] "POST /web/dataset/call_kw/ir.module.module/search_panel_select_range HTTP/1.1" 200 - 1 0.001 0.009
2025-03-18 17:33:32,498 40524 DEBUG odoo odoo.api: call ir.module.module().web_search_read(count_limit=10001, domain=[['application', '=', True]], limit=80, offset=0, order='', specification={'to_buy': {}, 'name': {}, 'state': {}, 'summary': {}, 'website': {}, 'application': {}, 'module_type': {}, 'icon': {}, 'icon_flag': {}, 'shortdesc': {}}) 
2025-03-18 17:33:32,505 40524 DEBUG odoo odoo.api: call ir.module.module().search_panel_select_range('category_id', category_domain=[], enable_counters=True, expand=False, filter_domain=[], hierarchize=True, limit=200, search_domain=[['application', '=', True]]) 
2025-03-18 17:33:32,581 40524 INFO odoo werkzeug: 127.0.0.1 - - [18/Mar/2025 17:33:32] "POST /web/dataset/call_kw/ir.module.module/search_panel_select_range HTTP/1.1" 200 - 56 0.054 0.035
2025-03-18 17:33:32,602 40524 INFO odoo werkzeug: 127.0.0.1 - - [18/Mar/2025 17:33:32] "POST /web/dataset/call_kw/ir.module.module/web_search_read HTTP/1.1" 200 - 4 0.001 0.110
2025-03-18 17:33:37,052 40524 DEBUG odoo odoo.api: call ir.module.module().search_panel_select_range('category_id', category_domain=[], enable_counters=True, expand=False, filter_domain=[], hierarchize=True, limit=200, search_domain=[]) 
2025-03-18 17:33:37,053 40524 DEBUG odoo odoo.api: call ir.module.module().web_search_read(count_limit=10001, domain=[], limit=80, offset=0, order='', specification={'to_buy': {}, 'name': {}, 'state': {}, 'summary': {}, 'website': {}, 'application': {}, 'module_type': {}, 'icon': {}, 'icon_flag': {}, 'shortdesc': {}}) 
2025-03-18 17:33:37,101 40524 INFO odoo werkzeug: 127.0.0.1 - - [18/Mar/2025 17:33:37] "POST /web/dataset/call_kw/ir.module.module/search_panel_select_range HTTP/1.1" 200 - 54 0.027 0.027
2025-03-18 17:33:37,136 40524 INFO odoo werkzeug: 127.0.0.1 - - [18/Mar/2025 17:33:37] "POST /web/dataset/call_kw/ir.module.module/web_search_read HTTP/1.1" 200 - 4 0.002 0.084
2025-03-18 17:33:42,246 40524 DEBUG ? odoo.service.server: cron0 polling for jobs 
2025-03-18 17:33:42,438 40524 DEBUG odoo odoo.api: call ir.module.module().search_panel_select_range('category_id', category_domain=[], enable_counters=True, expand=False, filter_domain=[], hierarchize=True, limit=200, search_domain=['|', '|', ['summary', 'ilike', 'Plant Nursery'], ['shortdesc', 'ilike', 'Plant Nursery'], ['name', 'ilike', 'Plant Nursery']]) 
2025-03-18 17:33:42,528 40524 INFO odoo werkzeug: 127.0.0.1 - - [18/Mar/2025 17:33:42] "POST /web/dataset/call_kw/ir.module.module/search_panel_select_range HTTP/1.1" 200 - 54 0.052 0.046
2025-03-18 17:33:42,851 40524 DEBUG odoo odoo.api: call ir.module.module().web_search_read(count_limit=10001, domain=['|', '|', ['summary', 'ilike', 'Plant Nursery'], ['shortdesc', 'ilike', 'Plant Nursery'], ['name', 'ilike', 'Plant Nursery']], limit=80, offset=0, order='', specification={'to_buy': {}, 'name': {}, 'state': {}, 'summary': {}, 'website': {}, 'application': {}, 'module_type': {}, 'icon': {}, 'icon_flag': {}, 'shortdesc': {}}) 
2025-03-18 17:33:42,859 40524 INFO odoo werkzeug: 127.0.0.1 - - [18/Mar/2025 17:33:42] "POST /web/dataset/call_kw/ir.module.module/web_search_read HTTP/1.1" 200 - 3 0.003 0.009
2025-03-18 17:33:43,311 40524 DEBUG ? odoo.service.server: cron1 polling for jobs 
2025-03-18 17:34:00,633 31188 DEBUG ? odoo.netsvc: logger level set: "odoo.http.rpc.request:INFO" 
2025-03-18 17:34:00,633 31188 DEBUG ? odoo.netsvc: logger level set: "odoo.http.rpc.response:INFO" 
2025-03-18 17:34:00,633 31188 DEBUG ? odoo.netsvc: logger level set: ":INFO" 
2025-03-18 17:34:00,633 31188 DEBUG ? odoo.netsvc: logger level set: "odoo:DEBUG" 
2025-03-18 17:34:00,633 31188 DEBUG ? odoo.netsvc: logger level set: "odoo.sql_db:INFO" 
2025-03-18 17:34:00,633 31188 DEBUG ? odoo.netsvc: logger level set: ":INFO" 
2025-03-18 17:34:00,633 31188 INFO ? odoo: Odoo version 18.0 
2025-03-18 17:34:00,633 31188 INFO ? odoo: Using configuration file at C:\odoo\odoo\odoo.conf 
2025-03-18 17:34:00,633 31188 INFO ? odoo: addons paths: ['C:\\odoo\\odoo\\odoo\\addons', 'c:\\users\\georg\\appdata\\local\\openerp s.a\\odoo\\addons\\18.0', 'c:\\odoo\\odoo\\addons_extra', 'c:\\odoo\\odoo\\addons', 'c:\\odoo\\odoo\\odoo\\addons'] 
2025-03-18 17:34:00,633 31188 INFO ? odoo: database: odoo@default:default 
2025-03-18 17:34:00,890 31188 INFO ? odoo.addons.base.models.ir_actions_report: You need Wkhtmltopdf to print a pdf version of the reports. 
2025-03-18 17:34:00,890 31188 INFO ? odoo.addons.base.models.ir_actions_report: You need Wkhtmltoimage to generate images from html. 
2025-03-18 17:34:01,249 31188 DEBUG ? odoo.service.server: Setting signal handlers 
2025-03-18 17:34:01,253 31188 INFO ? odoo.service.server: HTTP service (werkzeug) running on GLO:8069 
2025-03-18 17:34:01,309 31188 DEBUG odoo odoo.modules.registry: Multiprocess load registry signaling: [Registry: 64] [Cache default: 2] [Cache assets: 1] [Cache templates: 1] [Cache routing: 1] [Cache groups: 1] 
2025-03-18 17:34:01,316 31188 INFO odoo odoo.modules.loading: loading 1 modules... 
2025-03-18 17:34:01,316 31188 DEBUG odoo odoo.modules.loading: Loading module base (1/1) 
2025-03-18 17:34:01,322 31188 DEBUG odoo odoo.modules.loading: Module base loaded in 0.01s, 0 queries 
2025-03-18 17:34:01,322 31188 INFO odoo odoo.modules.loading: 1 modules loaded in 0.01s, 0 queries (+0 extra) 
2025-03-18 17:34:01,359 31188 INFO odoo odoo.modules.loading: updating modules list 
2025-03-18 17:34:01,364 31188 INFO odoo odoo.addons.base.models.ir_module: ALLOW access to module.update_list on [] to user __system__ #1 via n/a 
2025-03-18 17:34:01,747 31188 DEBUG ? odoo.http: HTTP sessions stored in: c:\users\georg\appdata\local\openerp s.a\odoo\sessions 
2025-03-18 17:34:02,216 31188 WARNING odoo odoo.modules.module: Missing `license` key in manifest for 'plant_nursery', defaulting to LGPL-3 
2025-03-18 17:34:02,633 31188 WARNING odoo odoo.modules.loading: invalid module names, ignored:  Plant Nursery1 
2025-03-18 17:34:02,646 31188 DEBUG odoo odoo.modules.loading: Updating graph with 36 more modules 
2025-03-18 17:34:02,646 31188 INFO odoo odoo.modules.loading: loading 37 modules... 
2025-03-18 17:34:02,646 31188 DEBUG odoo odoo.modules.loading: Loading module estate (2/37) 
2025-03-18 17:34:02,646 31188 DEBUG odoo odoo.modules.loading: Module estate loaded in 0.00s, 0 queries 
2025-03-18 17:34:02,646 31188 DEBUG odoo odoo.modules.loading: Loading module web (3/37) 
2025-03-18 17:34:02,646 31188 DEBUG odoo odoo.modules.loading: Module web loaded in 0.00s, 0 queries 
2025-03-18 17:34:02,646 31188 DEBUG odoo odoo.modules.loading: Loading module auth_totp (4/37) 
2025-03-18 17:34:02,679 31188 DEBUG odoo odoo.modules.loading: Module auth_totp loaded in 0.03s, 0 queries 
2025-03-18 17:34:02,679 31188 DEBUG odoo odoo.modules.loading: Loading module base_import (5/37) 
2025-03-18 17:34:02,957 31188 DEBUG odoo odoo.modules.loading: Module base_import loaded in 0.28s, 0 queries 
2025-03-18 17:34:02,958 31188 DEBUG odoo odoo.modules.loading: Loading module base_import_module (6/37) 
2025-03-18 17:34:02,964 31188 DEBUG odoo odoo.modules.loading: Module base_import_module loaded in 0.01s, 0 queries 
2025-03-18 17:34:02,964 31188 DEBUG odoo odoo.modules.loading: Loading module base_setup (7/37) 
2025-03-18 17:34:02,969 31188 DEBUG odoo odoo.modules.loading: Module base_setup loaded in 0.00s, 0 queries 
2025-03-18 17:34:02,969 31188 DEBUG odoo odoo.modules.loading: Loading module bus (8/37) 
2025-03-18 17:34:02,976 31188 DEBUG odoo odoo.modules.loading: Module bus loaded in 0.01s, 0 queries 
2025-03-18 17:34:02,976 31188 DEBUG odoo odoo.modules.loading: Loading module http_routing (9/37) 
2025-03-18 17:34:02,992 31188 DEBUG odoo odoo.modules.loading: Module http_routing loaded in 0.02s, 0 queries 
2025-03-18 17:34:02,992 31188 DEBUG odoo odoo.modules.loading: Loading module plant_nursery (10/37) 
2025-03-18 17:34:02,996 31188 WARNING odoo odoo.models: The model nursery.plant has no _description 
2025-03-18 17:34:02,996 31188 WARNING odoo odoo.models: The model nursery.customer has no _description 
2025-03-18 17:34:02,996 31188 WARNING odoo odoo.models: The model nursery.order has no _description 
2025-03-18 17:34:02,996 31188 DEBUG odoo odoo.modules.loading: Module plant_nursery loaded in 0.00s, 0 queries 
2025-03-18 17:34:02,996 31188 DEBUG odoo odoo.modules.loading: Loading module resource (11/37) 
2025-03-18 17:34:03,014 31188 DEBUG odoo odoo.modules.loading: Module resource loaded in 0.02s, 0 queries 
2025-03-18 17:34:03,014 31188 DEBUG odoo odoo.modules.loading: Loading module web_hierarchy (12/37) 
2025-03-18 17:34:03,015 31188 WARNING odoo odoo.models: The model nursery.plant has no _description 
2025-03-18 17:34:03,015 31188 WARNING odoo odoo.models: The model nursery.customer has no _description 
2025-03-18 17:34:03,015 31188 WARNING odoo odoo.models: The model nursery.order has no _description 
2025-03-18 17:34:03,015 31188 DEBUG odoo odoo.modules.loading: Module web_hierarchy loaded in 0.00s, 0 queries 
2025-03-18 17:34:03,015 31188 DEBUG odoo odoo.modules.loading: Loading module web_tour (13/37) 
2025-03-18 17:34:03,015 31188 DEBUG odoo odoo.modules.loading: Module web_tour loaded in 0.00s, 0 queries 
2025-03-18 17:34:03,015 31188 DEBUG odoo odoo.modules.loading: Loading module html_editor (14/37) 
2025-03-18 17:34:03,200 31188 DEBUG odoo odoo.modules.loading: Module html_editor loaded in 0.19s, 0 queries 
2025-03-18 17:34:03,200 31188 DEBUG odoo odoo.modules.loading: Loading module iap (15/37) 
2025-03-18 17:34:03,200 31188 DEBUG odoo odoo.modules.loading: Module iap loaded in 0.00s, 0 queries 
2025-03-18 17:34:03,200 31188 DEBUG odoo odoo.modules.loading: Loading module mail (16/37) 
2025-03-18 17:34:03,202 31188 WARNING odoo odoo.models: The model nursery.plant has no _description 
2025-03-18 17:34:03,202 31188 WARNING odoo odoo.models: The model nursery.customer has no _description 
2025-03-18 17:34:03,202 31188 WARNING odoo odoo.models: The model nursery.order has no _description 
2025-03-18 17:34:03,205 31188 DEBUG odoo odoo.modules.loading: Module mail loaded in 0.01s, 0 queries 
2025-03-18 17:34:03,205 31188 DEBUG odoo odoo.modules.loading: Loading module web_editor (17/37) 
2025-03-18 17:34:03,227 31188 WARNING odoo odoo.models: The model nursery.plant has no _description 
2025-03-18 17:34:03,227 31188 WARNING odoo odoo.models: The model nursery.customer has no _description 
2025-03-18 17:34:03,227 31188 WARNING odoo odoo.models: The model nursery.order has no _description 
2025-03-18 17:34:03,229 31188 WARNING odoo odoo.models: The model nursery.plant has no _description 
2025-03-18 17:34:03,229 31188 WARNING odoo odoo.models: The model nursery.customer has no _description 
2025-03-18 17:34:03,229 31188 WARNING odoo odoo.models: The model nursery.order has no _description 
2025-03-18 17:34:03,230 31188 DEBUG odoo odoo.modules.loading: Module web_editor loaded in 0.03s, 0 queries 
2025-03-18 17:34:03,230 31188 DEBUG odoo odoo.modules.loading: Loading module auth_signup (18/37) 
2025-03-18 17:34:03,238 31188 DEBUG odoo odoo.modules.loading: Module auth_signup loaded in 0.01s, 0 queries 
2025-03-18 17:34:03,238 31188 DEBUG odoo odoo.modules.loading: Loading module auth_totp_mail (19/37) 
2025-03-18 17:34:03,242 31188 DEBUG odoo odoo.modules.loading: Module auth_totp_mail loaded in 0.00s, 0 queries 
2025-03-18 17:34:03,242 31188 DEBUG odoo odoo.modules.loading: Loading module base_install_request (20/37) 
2025-03-18 17:34:03,264 31188 DEBUG odoo odoo.modules.loading: Module base_install_request loaded in 0.02s, 0 queries 
2025-03-18 17:34:03,265 31188 DEBUG odoo odoo.modules.loading: Loading module google_gmail (21/37) 
2025-03-18 17:34:03,277 31188 DEBUG odoo odoo.modules.loading: Module google_gmail loaded in 0.01s, 0 queries 
2025-03-18 17:34:03,277 31188 DEBUG odoo odoo.modules.loading: Loading module iap_mail (22/37) 
2025-03-18 17:34:03,279 31188 DEBUG odoo odoo.modules.loading: Module iap_mail loaded in 0.00s, 0 queries 
2025-03-18 17:34:03,279 31188 DEBUG odoo odoo.modules.loading: Loading module mail_bot (23/37) 
2025-03-18 17:34:03,289 31188 DEBUG odoo odoo.modules.loading: Module mail_bot loaded in 0.01s, 0 queries 
2025-03-18 17:34:03,289 31188 DEBUG odoo odoo.modules.loading: Loading module phone_validation (24/37) 
2025-03-18 17:34:03,300 31188 WARNING odoo odoo.models: The model nursery.plant has no _description 
2025-03-18 17:34:03,300 31188 WARNING odoo odoo.models: The model nursery.customer has no _description 
2025-03-18 17:34:03,301 31188 WARNING odoo odoo.models: The model nursery.order has no _description 
2025-03-18 17:34:03,301 31188 DEBUG odoo odoo.modules.loading: Module phone_validation loaded in 0.01s, 0 queries 
2025-03-18 17:34:03,301 31188 DEBUG odoo odoo.modules.loading: Loading module privacy_lookup (25/37) 
2025-03-18 17:34:03,301 31188 DEBUG odoo odoo.modules.loading: Module privacy_lookup loaded in 0.00s, 0 queries 
2025-03-18 17:34:03,301 31188 DEBUG odoo odoo.modules.loading: Loading module resource_mail (26/37) 
2025-03-18 17:34:03,309 31188 DEBUG odoo odoo.modules.loading: Module resource_mail loaded in 0.01s, 0 queries 
2025-03-18 17:34:03,309 31188 DEBUG odoo odoo.modules.loading: Loading module web_unsplash (27/37) 
2025-03-18 17:34:03,316 31188 DEBUG odoo odoo.modules.loading: Module web_unsplash loaded in 0.01s, 0 queries 
2025-03-18 17:34:03,316 31188 DEBUG odoo odoo.modules.loading: Loading module partner_autocomplete (28/37) 
2025-03-18 17:34:03,326 31188 DEBUG odoo odoo.modules.loading: Module partner_autocomplete loaded in 0.01s, 0 queries 
2025-03-18 17:34:03,326 31188 DEBUG odoo odoo.modules.loading: Loading module portal (29/37) 
2025-03-18 17:34:03,341 31188 DEBUG odoo odoo.modules.loading: Module portal loaded in 0.01s, 0 queries 
2025-03-18 17:34:03,341 31188 DEBUG odoo odoo.modules.loading: Loading module sms (30/37) 
2025-03-18 17:34:03,364 31188 DEBUG odoo odoo.modules.loading: Module sms loaded in 0.02s, 0 queries 
2025-03-18 17:34:03,364 31188 DEBUG odoo odoo.modules.loading: Loading module snailmail (31/37) 
2025-03-18 17:34:03,374 31188 DEBUG odoo odoo.modules.loading: Module snailmail loaded in 0.01s, 0 queries 
2025-03-18 17:34:03,374 31188 DEBUG odoo odoo.modules.loading: Loading module auth_totp_portal (32/37) 
2025-03-18 17:34:03,376 31188 DEBUG odoo odoo.modules.loading: Module auth_totp_portal loaded in 0.00s, 0 queries 
2025-03-18 17:34:03,376 31188 DEBUG odoo odoo.modules.loading: Loading module digest (33/37) 
2025-03-18 17:34:03,376 31188 DEBUG odoo odoo.modules.loading: Module digest loaded in 0.00s, 0 queries 
2025-03-18 17:34:03,376 31188 DEBUG odoo odoo.modules.loading: Loading module hr (34/37) 
2025-03-18 17:34:03,406 31188 WARNING odoo odoo.models: The model nursery.plant has no _description 
2025-03-18 17:34:03,406 31188 WARNING odoo odoo.models: The model nursery.customer has no _description 
2025-03-18 17:34:03,406 31188 WARNING odoo odoo.models: The model nursery.order has no _description 
2025-03-18 17:34:03,407 31188 DEBUG odoo odoo.modules.loading: Module hr loaded in 0.03s, 0 queries 
2025-03-18 17:34:03,407 31188 DEBUG odoo odoo.modules.loading: Loading module hr_org_chart (35/37) 
2025-03-18 17:34:03,410 31188 DEBUG odoo odoo.modules.loading: Module hr_org_chart loaded in 0.00s, 0 queries 
2025-03-18 17:34:03,410 31188 DEBUG odoo odoo.modules.loading: Loading module hr_skills (36/37) 
2025-03-18 17:34:03,410 31188 DEBUG odoo odoo.modules.loading: Module hr_skills loaded in 0.00s, 0 queries 
2025-03-18 17:34:03,410 31188 DEBUG odoo odoo.modules.loading: Loading module mail_bot_hr (37/37) 
2025-03-18 17:34:03,427 31188 DEBUG odoo odoo.modules.loading: Module mail_bot_hr loaded in 0.02s, 0 queries 
2025-03-18 17:34:03,427 31188 INFO odoo odoo.modules.loading: 37 modules loaded in 0.78s, 0 queries (+0 extra) 
2025-03-18 17:34:03,690 31188 DEBUG odoo odoo.modules.registry: Invalidating templates model caches from write C:\odoo\odoo\odoo\addons\base\models\ir_ui_view.py:533 
2025-03-18 17:34:03,695 31188 DEBUG odoo odoo.modules.registry: Invalidating templates model caches from write C:\odoo\odoo\odoo\addons\base\models\ir_ui_view.py:533 
2025-03-18 17:34:04,049 31188 INFO odoo odoo.modules.loading: Modules loaded. 
2025-03-18 17:34:04,068 31188 INFO odoo odoo.modules.registry: Registry changed, signaling through the database 
2025-03-18 17:34:04,068 31188 INFO odoo odoo.modules.registry: Registry loaded in 2.814s 
2025-03-18 17:34:04,070 31188 DEBUG odoo odoo.service.server: cron0 started! 
2025-03-18 17:34:04,071 31188 DEBUG odoo odoo.service.server: cron1 started! 
2025-03-18 17:34:04,071 31188 INFO odoo odoo.addons.base.models.ir_http: Generating routing map for key None 
2025-03-18 17:34:04,183 31188 INFO odoo werkzeug: 127.0.0.1 - - [18/Mar/2025 17:34:04] "GET /websocket?version=18.0-3 HTTP/1.1" 101 - 6 0.010 2.426
2025-03-18 17:34:04,548 31188 INFO ? odoo.addons.bus.models.bus: Bus.loop listen imbus on db postgres 
2025-03-18 17:34:09,077 31188 WARNING odoo odoo.modules.module: Missing `license` key in manifest for 'plant_nursery', defaulting to LGPL-3 
2025-03-18 17:34:09,750 31188 INFO odoo werkzeug: 127.0.0.1 - - [18/Mar/2025 17:34:09] "GET /odoo/apps HTTP/1.1" 200 - 86 0.043 0.853
2025-03-18 17:34:10,127 31188 DEBUG ? odoo.modules.module: module __init__.py: no manifest file found ('__manifest__.py', '__openerp__.py') 
2025-03-18 17:34:10,129 31188 DEBUG ? odoo.modules.module: module __pycache__: no manifest file found ('__manifest__.py', '__openerp__.py') 
2025-03-18 17:34:10,155 31188 INFO odoo werkzeug: 127.0.0.1 - - [18/Mar/2025 17:34:10] "GET /web/image?model=res.users&field=avatar_128&id=2 HTTP/1.1" 304 - 13 0.008 0.034
2025-03-18 17:34:10,190 31188 DEBUG ? odoo.modules.module: module website_twitter: no manifest file found ('__manifest__.py', '__openerp__.py') 
2025-03-18 17:34:10,221 31188 INFO odoo werkzeug: 127.0.0.1 - - [18/Mar/2025 17:34:10] "POST /web/action/load HTTP/1.1" 200 - 12 0.008 0.098
2025-03-18 17:34:10,516 31188 INFO odoo werkzeug: 127.0.0.1 - - [18/Mar/2025 17:34:10] "POST /mail/data HTTP/1.1" 200 - 34 0.033 0.052
2025-03-18 17:34:10,649 31188 DEBUG odoo odoo.api: call ir.module.module().get_views(options={'action_id': 39, 'embedded_action_id': False, 'embedded_parent_res_id': False, 'load_filters': True, 'toolbar': True}, views=[[False, 'kanban'], [False, 'list'], [False, 'form'], [95, 'search']]) 
2025-03-18 17:34:10,702 31188 INFO odoo werkzeug: 127.0.0.1 - - [18/Mar/2025 17:34:10] "GET /web/manifest.webmanifest HTTP/1.1" 200 - 9 0.037 0.079
2025-03-18 17:34:10,811 31188 INFO odoo werkzeug: 127.0.0.1 - - [18/Mar/2025 17:34:10] "POST /web/dataset/call_kw/ir.module.module/get_views HTTP/1.1" 200 - 57 0.045 0.182
2025-03-18 17:34:11,188 31188 DEBUG odoo odoo.api: call ir.module.module().search_panel_select_range('module_type', category_domain=[], enable_counters=False, expand=True, filter_domain=[], hierarchize=True, limit=200, search_domain=[['application', '=', True]]) 
2025-03-18 17:34:11,188 31188 DEBUG odoo odoo.api: call ir.module.module().search_panel_select_range('category_id', category_domain=[], enable_counters=True, expand=False, filter_domain=[], hierarchize=True, limit=200, search_domain=[['application', '=', True]]) 
2025-03-18 17:34:11,188 31188 INFO odoo werkzeug: 127.0.0.1 - - [18/Mar/2025 17:34:11] "POST /web/dataset/call_kw/ir.module.module/search_panel_select_range HTTP/1.1" 200 - 1 0.000 0.059
2025-03-18 17:34:11,193 31188 DEBUG odoo odoo.api: call ir.module.module().web_search_read(count_limit=10001, domain=[['application', '=', True]], limit=80, offset=0, order='', specification={'to_buy': {}, 'name': {}, 'state': {}, 'summary': {}, 'website': {}, 'application': {}, 'module_type': {}, 'icon': {}, 'icon_flag': {}, 'shortdesc': {}}) 
2025-03-18 17:34:11,217 31188 DEBUG odoo odoo.modules.module: module mrp_workorder: no manifest file found ('__manifest__.py', '__openerp__.py') 
2025-03-18 17:34:11,236 31188 DEBUG odoo odoo.modules.module: module accountant: no manifest file found ('__manifest__.py', '__openerp__.py') 
2025-03-18 17:34:11,240 31188 DEBUG odoo odoo.modules.module: module knowledge: no manifest file found ('__manifest__.py', '__openerp__.py') 
2025-03-18 17:34:11,257 31188 DEBUG odoo odoo.modules.module: module timesheet_grid: no manifest file found ('__manifest__.py', '__openerp__.py') 
2025-03-18 17:34:11,257 31188 DEBUG odoo odoo.modules.module: module web_studio: no manifest file found ('__manifest__.py', '__openerp__.py') 
2025-03-18 17:34:11,264 31188 DEBUG odoo odoo.modules.module: module industry_fsm: no manifest file found ('__manifest__.py', '__openerp__.py') 
2025-03-18 17:34:11,273 31188 DEBUG odoo odoo.modules.module: module nursery: no manifest file found ('__manifest__.py', '__openerp__.py') 
2025-03-18 17:34:11,275 31188 INFO odoo werkzeug: 127.0.0.1 - - [18/Mar/2025 17:34:11] "POST /web/dataset/call_kw/ir.module.module/search_panel_select_range HTTP/1.1" 200 - 56 0.060 0.086
2025-03-18 17:34:11,277 31188 DEBUG odoo odoo.modules.module: module sign: no manifest file found ('__manifest__.py', '__openerp__.py') 
2025-03-18 17:34:11,279 31188 DEBUG odoo odoo.modules.module: module helpdesk: no manifest file found ('__manifest__.py', '__openerp__.py') 
2025-03-18 17:34:11,280 31188 DEBUG odoo odoo.modules.module: module sale_subscription: no manifest file found ('__manifest__.py', '__openerp__.py') 
2025-03-18 17:34:11,281 31188 DEBUG odoo odoo.modules.module: module quality_control: no manifest file found ('__manifest__.py', '__openerp__.py') 
2025-03-18 17:34:11,282 31188 DEBUG odoo odoo.modules.module: module planning: no manifest file found ('__manifest__.py', '__openerp__.py') 
2025-03-18 17:34:11,284 31188 DEBUG odoo odoo.modules.module: module mrp_plm: no manifest file found ('__manifest__.py', '__openerp__.py') 
2025-03-18 17:34:11,285 31188 DEBUG odoo odoo.modules.module: module social: no manifest file found ('__manifest__.py', '__openerp__.py') 
2025-03-18 17:34:11,286 31188 DEBUG odoo odoo.modules.module: module hr_appraisal: no manifest file found ('__manifest__.py', '__openerp__.py') 
2025-03-18 17:34:11,288 31188 DEBUG odoo odoo.modules.module: module marketing_automation: no manifest file found ('__manifest__.py', '__openerp__.py') 
2025-03-18 17:34:11,289 31188 DEBUG odoo odoo.modules.module: module appointment: no manifest file found ('__manifest__.py', '__openerp__.py') 
2025-03-18 17:34:11,290 31188 DEBUG odoo odoo.modules.module: module web_mobile: no manifest file found ('__manifest__.py', '__openerp__.py') 
2025-03-18 17:34:11,292 31188 DEBUG odoo odoo.modules.module: module stock_barcode: no manifest file found ('__manifest__.py', '__openerp__.py') 
2025-03-18 17:34:11,293 31188 DEBUG odoo odoo.modules.module: module voip: no manifest file found ('__manifest__.py', '__openerp__.py') 
2025-03-18 17:34:11,295 31188 DEBUG odoo odoo.modules.module: module sale_amazon: no manifest file found ('__manifest__.py', '__openerp__.py') 
2025-03-18 17:34:11,301 31188 INFO odoo werkzeug: 127.0.0.1 - - [18/Mar/2025 17:34:11] "POST /web/dataset/call_kw/ir.module.module/web_search_read HTTP/1.1" 200 - 4 0.003 0.167
2025-03-18 17:34:13,061 31188 INFO odoo werkzeug: 127.0.0.1 - - [18/Mar/2025 17:34:13] "GET /web/service-worker.js HTTP/1.1" 200 - 1 0.000 0.005
2025-03-18 17:34:13,671 31188 DEBUG odoo odoo.api: call ir.module.module().search_panel_select_range('category_id', category_domain=[], enable_counters=True, expand=False, filter_domain=[], hierarchize=True, limit=200, search_domain=[]) 
2025-03-18 17:34:13,673 31188 DEBUG odoo odoo.api: call ir.module.module().web_search_read(count_limit=10001, domain=[], limit=80, offset=0, order='', specification={'to_buy': {}, 'name': {}, 'state': {}, 'summary': {}, 'website': {}, 'application': {}, 'module_type': {}, 'icon': {}, 'icon_flag': {}, 'shortdesc': {}}) 
2025-03-18 17:34:13,735 31188 INFO odoo werkzeug: 127.0.0.1 - - [18/Mar/2025 17:34:13] "POST /web/dataset/call_kw/ir.module.module/search_panel_select_range HTTP/1.1" 200 - 54 0.052 0.024
2025-03-18 17:34:13,771 31188 INFO odoo werkzeug: 127.0.0.1 - - [18/Mar/2025 17:34:13] "POST /web/dataset/call_kw/ir.module.module/web_search_read HTTP/1.1" 200 - 4 0.009 0.099
2025-03-18 17:34:19,250 31188 DEBUG odoo odoo.api: call ir.module.module().search_panel_select_range('category_id', category_domain=[], enable_counters=True, expand=False, filter_domain=[], hierarchize=True, limit=200, search_domain=['|', '|', ['summary', 'ilike', 'Plant Nursery'], ['shortdesc', 'ilike', 'Plant Nursery'], ['name', 'ilike', 'Plant Nursery']]) 
2025-03-18 17:34:19,349 31188 INFO odoo werkzeug: 127.0.0.1 - - [18/Mar/2025 17:34:19] "POST /web/dataset/call_kw/ir.module.module/search_panel_select_range HTTP/1.1" 200 - 54 0.067 0.037
2025-03-18 17:34:19,676 31188 DEBUG odoo odoo.api: call ir.module.module().web_search_read(count_limit=10001, domain=['|', '|', ['summary', 'ilike', 'Plant Nursery'], ['shortdesc', 'ilike', 'Plant Nursery'], ['name', 'ilike', 'Plant Nursery']], limit=80, offset=0, order='', specification={'to_buy': {}, 'name': {}, 'state': {}, 'summary': {}, 'website': {}, 'application': {}, 'module_type': {}, 'icon': {}, 'icon_flag': {}, 'shortdesc': {}}) 
2025-03-18 17:34:19,693 31188 INFO odoo werkzeug: 127.0.0.1 - - [18/Mar/2025 17:34:19] "POST /web/dataset/call_kw/ir.module.module/web_search_read HTTP/1.1" 200 - 3 0.012 0.014
2025-03-18 17:34:27,013 31188 DEBUG odoo odoo.api: call ir.module.module(632,).button_immediate_upgrade() 
2025-03-18 17:34:27,021 31188 INFO odoo odoo.addons.base.models.ir_module: ALLOW access to module.button_immediate_upgrade on ['Plant Nursery1'] to user admin #2 via 127.0.0.1 
2025-03-18 17:34:27,025 31188 INFO odoo odoo.addons.base.models.ir_module: ALLOW access to module.button_upgrade on ['Plant Nursery1'] to user admin #2 via 127.0.0.1 
2025-03-18 17:34:27,028 31188 INFO odoo odoo.addons.base.models.ir_module: ALLOW access to module.update_list on ['Plant Nursery1'] to user admin #2 via 127.0.0.1 
2025-03-18 17:34:28,026 31188 INFO odoo odoo.addons.base.models.ir_module: ALLOW access to module.button_install on [] to user admin #2 via 127.0.0.1 
2025-03-18 17:34:28,109 31188 DEBUG odoo odoo.modules.registry: Multiprocess load registry signaling: [Registry: 65] [Cache default: 2] [Cache assets: 1] [Cache templates: 1] [Cache routing: 1] [Cache groups: 1] 
2025-03-18 17:34:28,115 31188 INFO odoo odoo.modules.loading: loading 1 modules... 
2025-03-18 17:34:28,115 31188 DEBUG odoo odoo.modules.loading: Loading module base (1/1) 
2025-03-18 17:34:28,122 31188 DEBUG odoo odoo.modules.loading: Module base loaded in 0.01s, 0 queries 
2025-03-18 17:34:28,122 31188 INFO odoo odoo.modules.loading: 1 modules loaded in 0.01s, 0 queries (+0 extra) 
2025-03-18 17:34:28,164 31188 INFO odoo odoo.modules.loading: updating modules list 
2025-03-18 17:34:28,169 31188 INFO odoo odoo.addons.base.models.ir_module: ALLOW access to module.update_list on [] to user __system__ #1 via 127.0.0.1 
2025-03-18 17:34:28,846 31188 DEBUG odoo odoo.modules.loading: Updating graph with 36 more modules 
2025-03-18 17:34:28,846 31188 INFO odoo odoo.modules.loading: loading 37 modules... 
2025-03-18 17:34:28,846 31188 DEBUG odoo odoo.modules.loading: Loading module estate (2/37) 
2025-03-18 17:34:28,847 31188 DEBUG odoo odoo.modules.loading: Module estate loaded in 0.00s, 0 queries 
2025-03-18 17:34:28,847 31188 DEBUG odoo odoo.modules.loading: Loading module web (3/37) 
2025-03-18 17:34:28,848 31188 DEBUG odoo odoo.modules.loading: Module web loaded in 0.00s, 0 queries 
2025-03-18 17:34:28,848 31188 DEBUG odoo odoo.modules.loading: Loading module auth_totp (4/37) 
2025-03-18 17:34:28,849 31188 DEBUG odoo odoo.modules.loading: Module auth_totp loaded in 0.00s, 0 queries 
2025-03-18 17:34:28,849 31188 DEBUG odoo odoo.modules.loading: Loading module base_import (5/37) 
2025-03-18 17:34:28,849 31188 DEBUG odoo odoo.modules.loading: Module base_import loaded in 0.00s, 0 queries 
2025-03-18 17:34:28,849 31188 DEBUG odoo odoo.modules.loading: Loading module base_import_module (6/37) 
2025-03-18 17:34:28,849 31188 DEBUG odoo odoo.modules.loading: Module base_import_module loaded in 0.00s, 0 queries 
2025-03-18 17:34:28,849 31188 DEBUG odoo odoo.modules.loading: Loading module base_setup (7/37) 
2025-03-18 17:34:28,850 31188 DEBUG odoo odoo.modules.loading: Module base_setup loaded in 0.00s, 0 queries 
2025-03-18 17:34:28,850 31188 DEBUG odoo odoo.modules.loading: Loading module bus (8/37) 
2025-03-18 17:34:28,850 31188 DEBUG odoo odoo.modules.loading: Module bus loaded in 0.00s, 0 queries 
2025-03-18 17:34:28,850 31188 DEBUG odoo odoo.modules.loading: Loading module http_routing (9/37) 
2025-03-18 17:34:28,850 31188 DEBUG odoo odoo.modules.loading: Module http_routing loaded in 0.00s, 0 queries 
2025-03-18 17:34:28,850 31188 INFO odoo odoo.modules.loading: Loading module plant_nursery (10/37) 
2025-03-18 17:34:28,881 31188 DEBUG odoo odoo.models: Patching res.config.settings.report_footer with translate=True 
2025-03-18 17:34:28,894 31188 DEBUG odoo odoo.models: Patching base.document.layout.report_header with translate=True 
2025-03-18 17:34:28,894 31188 DEBUG odoo odoo.models: Patching base.document.layout.report_footer with translate=True 
2025-03-18 17:34:28,901 31188 DEBUG odoo odoo.models: Patching base.document.layout.company_details with translate=True 
2025-03-18 17:34:28,912 31188 WARNING odoo odoo.models: The model nursery.plant has no _description 
2025-03-18 17:34:28,912 31188 WARNING odoo odoo.models: The model nursery.customer has no _description 
2025-03-18 17:34:28,912 31188 WARNING odoo odoo.models: The model nursery.order has no _description 
2025-03-18 17:34:28,937 31188 DEBUG odoo odoo.models: Patching res.config.settings.report_footer with translate=True 
2025-03-18 17:34:28,948 31188 DEBUG odoo odoo.models: Patching base.document.layout.report_header with translate=True 
2025-03-18 17:34:28,948 31188 DEBUG odoo odoo.models: Patching base.document.layout.report_footer with translate=True 
2025-03-18 17:34:28,948 31188 DEBUG odoo odoo.models: Patching base.document.layout.company_details with translate=True 
2025-03-18 17:34:28,959 31188 INFO odoo odoo.modules.registry: module plant_nursery: creating or updating database tables 
2025-03-18 17:34:29,101 31188 INFO odoo odoo.modules.loading: loading plant_nursery/data/actions.xml 
2025-03-18 17:34:29,105 31188 DEBUG odoo odoo.modules.registry: Invalidating default model caches from write C:\odoo\odoo\odoo\addons\base\models\ir_ui_menu.py:173 
2025-03-18 17:34:29,116 31188 DEBUG odoo odoo.modules.registry: Invalidating default model caches from write C:\odoo\odoo\odoo\addons\base\models\ir_actions.py:114 
2025-03-18 17:34:29,121 31188 DEBUG odoo odoo.modules.registry: Invalidating default model caches from write C:\odoo\odoo\odoo\addons\base\models\ir_actions.py:114 
2025-03-18 17:34:29,127 31188 DEBUG odoo odoo.modules.registry: Invalidating default model caches from write C:\odoo\odoo\odoo\addons\base\models\ir_actions.py:114 
2025-03-18 17:34:29,131 31188 DEBUG odoo odoo.modules.registry: Invalidating default model caches from write C:\odoo\odoo\odoo\addons\base\models\ir_ui_menu.py:173 
2025-03-18 17:34:29,135 31188 DEBUG odoo odoo.modules.registry: Invalidating default model caches from write C:\odoo\odoo\odoo\addons\base\models\ir_ui_menu.py:173 
2025-03-18 17:34:29,139 31188 DEBUG odoo odoo.modules.registry: Invalidating default model caches from write C:\odoo\odoo\odoo\addons\base\models\ir_ui_menu.py:173 
2025-03-18 17:34:29,141 31188 INFO odoo odoo.modules.loading: loading plant_nursery/data/plant_views.xml 
2025-03-18 17:34:29,153 31188 DEBUG odoo odoo.modules.registry: Invalidating templates model caches from write C:\odoo\odoo\odoo\addons\base\models\ir_ui_view.py:533 
2025-03-18 17:34:29,155 31188 DEBUG odoo odoo.modules.registry: Invalidating templates model caches from write C:\odoo\odoo\odoo\addons\base\models\ir_ui_view.py:533 
2025-03-18 17:34:29,168 31188 INFO odoo odoo.modules.loading: loading plant_nursery/data/order_views.xml 
2025-03-18 17:34:29,172 31188 DEBUG odoo odoo.modules.registry: Invalidating templates model caches from write C:\odoo\odoo\odoo\addons\base\models\ir_ui_view.py:533 
2025-03-18 17:34:29,173 31188 DEBUG odoo odoo.modules.registry: Invalidating templates model caches from write C:\odoo\odoo\odoo\addons\base\models\ir_ui_view.py:533 
2025-03-18 17:34:29,194 31188 WARNING odoo odoo.modules.loading: The models ['nursery.plant', 'nursery.customer', 'nursery.order'] have no access rules in module plant_nursery, consider adding some, like:
id,name,model_id:id,group_id:id,perm_read,perm_write,perm_create,perm_unlink
plant_nursery.access_nursery_plant,access_nursery_plant,plant_nursery.model_nursery_plant,base.group_user,1,0,0,0
plant_nursery.access_nursery_customer,access_nursery_customer,plant_nursery.model_nursery_customer,base.group_user,1,0,0,0
plant_nursery.access_nursery_order,access_nursery_order,plant_nursery.model_nursery_order,base.group_user,1,0,0,0 
2025-03-18 17:34:29,212 31188 INFO odoo odoo.modules.loading: Module plant_nursery loaded in 0.36s, 110 queries (+110 other) 
2025-03-18 17:34:29,212 31188 DEBUG odoo odoo.modules.loading: Loading module resource (11/37) 
2025-03-18 17:34:29,213 31188 DEBUG odoo odoo.modules.loading: Module resource loaded in 0.00s, 0 queries 
2025-03-18 17:34:29,213 31188 DEBUG odoo odoo.modules.loading: Loading module web_hierarchy (12/37) 
2025-03-18 17:34:29,214 31188 WARNING odoo odoo.models: The model nursery.plant has no _description 
2025-03-18 17:34:29,214 31188 WARNING odoo odoo.models: The model nursery.customer has no _description 
2025-03-18 17:34:29,214 31188 WARNING odoo odoo.models: The model nursery.order has no _description 
2025-03-18 17:34:29,215 31188 DEBUG odoo odoo.modules.loading: Module web_hierarchy loaded in 0.00s, 0 queries 
2025-03-18 17:34:29,215 31188 DEBUG odoo odoo.modules.loading: Loading module web_tour (13/37) 
2025-03-18 17:34:29,215 31188 DEBUG odoo odoo.modules.loading: Module web_tour loaded in 0.00s, 0 queries 
2025-03-18 17:34:29,215 31188 DEBUG odoo odoo.modules.loading: Loading module html_editor (14/37) 
2025-03-18 17:34:29,215 31188 DEBUG odoo odoo.modules.loading: Module html_editor loaded in 0.00s, 0 queries 
2025-03-18 17:34:29,215 31188 DEBUG odoo odoo.modules.loading: Loading module iap (15/37) 
2025-03-18 17:34:29,215 31188 DEBUG odoo odoo.modules.loading: Module iap loaded in 0.00s, 0 queries 
2025-03-18 17:34:29,215 31188 DEBUG odoo odoo.modules.loading: Loading module mail (16/37) 
2025-03-18 17:34:29,217 31188 WARNING odoo odoo.models: The model nursery.plant has no _description 
2025-03-18 17:34:29,217 31188 WARNING odoo odoo.models: The model nursery.customer has no _description 
2025-03-18 17:34:29,217 31188 WARNING odoo odoo.models: The model nursery.order has no _description 
2025-03-18 17:34:29,220 31188 DEBUG odoo odoo.modules.loading: Module mail loaded in 0.01s, 0 queries 
2025-03-18 17:34:29,221 31188 DEBUG odoo odoo.modules.loading: Loading module web_editor (17/37) 
2025-03-18 17:34:29,222 31188 WARNING odoo odoo.models: The model nursery.plant has no _description 
2025-03-18 17:34:29,222 31188 WARNING odoo odoo.models: The model nursery.customer has no _description 
2025-03-18 17:34:29,222 31188 WARNING odoo odoo.models: The model nursery.order has no _description 
2025-03-18 17:34:29,224 31188 WARNING odoo odoo.models: The model nursery.plant has no _description 
2025-03-18 17:34:29,224 31188 WARNING odoo odoo.models: The model nursery.customer has no _description 
2025-03-18 17:34:29,224 31188 WARNING odoo odoo.models: The model nursery.order has no _description 
2025-03-18 17:34:29,225 31188 DEBUG odoo odoo.modules.loading: Module web_editor loaded in 0.00s, 0 queries 
2025-03-18 17:34:29,225 31188 DEBUG odoo odoo.modules.loading: Loading module auth_signup (18/37) 
2025-03-18 17:34:29,225 31188 DEBUG odoo odoo.modules.loading: Module auth_signup loaded in 0.00s, 0 queries 
2025-03-18 17:34:29,225 31188 DEBUG odoo odoo.modules.loading: Loading module auth_totp_mail (19/37) 
2025-03-18 17:34:29,225 31188 DEBUG odoo odoo.modules.loading: Module auth_totp_mail loaded in 0.00s, 0 queries 
2025-03-18 17:34:29,225 31188 DEBUG odoo odoo.modules.loading: Loading module base_install_request (20/37) 
2025-03-18 17:34:29,226 31188 DEBUG odoo odoo.modules.loading: Module base_install_request loaded in 0.00s, 0 queries 
2025-03-18 17:34:29,226 31188 DEBUG odoo odoo.modules.loading: Loading module google_gmail (21/37) 
2025-03-18 17:34:29,226 31188 DEBUG odoo odoo.modules.loading: Module google_gmail loaded in 0.00s, 0 queries 
2025-03-18 17:34:29,226 31188 DEBUG odoo odoo.modules.loading: Loading module iap_mail (22/37) 
2025-03-18 17:34:29,226 31188 DEBUG odoo odoo.modules.loading: Module iap_mail loaded in 0.00s, 0 queries 
2025-03-18 17:34:29,226 31188 DEBUG odoo odoo.modules.loading: Loading module mail_bot (23/37) 
2025-03-18 17:34:29,226 31188 DEBUG odoo odoo.modules.loading: Module mail_bot loaded in 0.00s, 0 queries 
2025-03-18 17:34:29,226 31188 DEBUG odoo odoo.modules.loading: Loading module phone_validation (24/37) 
2025-03-18 17:34:29,228 31188 WARNING odoo odoo.models: The model nursery.plant has no _description 
2025-03-18 17:34:29,228 31188 WARNING odoo odoo.models: The model nursery.customer has no _description 
2025-03-18 17:34:29,228 31188 WARNING odoo odoo.models: The model nursery.order has no _description 
2025-03-18 17:34:29,229 31188 DEBUG odoo odoo.modules.loading: Module phone_validation loaded in 0.00s, 0 queries 
2025-03-18 17:34:29,229 31188 DEBUG odoo odoo.modules.loading: Loading module privacy_lookup (25/37) 
2025-03-18 17:34:29,229 31188 DEBUG odoo odoo.modules.loading: Module privacy_lookup loaded in 0.00s, 0 queries 
2025-03-18 17:34:29,229 31188 DEBUG odoo odoo.modules.loading: Loading module resource_mail (26/37) 
2025-03-18 17:34:29,229 31188 DEBUG odoo odoo.modules.loading: Module resource_mail loaded in 0.00s, 0 queries 
2025-03-18 17:34:29,229 31188 DEBUG odoo odoo.modules.loading: Loading module web_unsplash (27/37) 
2025-03-18 17:34:29,229 31188 DEBUG odoo odoo.modules.loading: Module web_unsplash loaded in 0.00s, 0 queries 
2025-03-18 17:34:29,229 31188 DEBUG odoo odoo.modules.loading: Loading module partner_autocomplete (28/37) 
2025-03-18 17:34:29,230 31188 DEBUG odoo odoo.modules.loading: Module partner_autocomplete loaded in 0.00s, 0 queries 
2025-03-18 17:34:29,230 31188 DEBUG odoo odoo.modules.loading: Loading module portal (29/37) 
2025-03-18 17:34:29,230 31188 DEBUG odoo odoo.modules.loading: Module portal loaded in 0.00s, 0 queries 
2025-03-18 17:34:29,230 31188 DEBUG odoo odoo.modules.loading: Loading module sms (30/37) 
2025-03-18 17:34:29,232 31188 DEBUG odoo odoo.modules.loading: Module sms loaded in 0.00s, 0 queries 
2025-03-18 17:34:29,232 31188 DEBUG odoo odoo.modules.loading: Loading module snailmail (31/37) 
2025-03-18 17:34:29,232 31188 DEBUG odoo odoo.modules.loading: Module snailmail loaded in 0.00s, 0 queries 
2025-03-18 17:34:29,232 31188 DEBUG odoo odoo.modules.loading: Loading module auth_totp_portal (32/37) 
2025-03-18 17:34:29,233 31188 DEBUG odoo odoo.modules.loading: Module auth_totp_portal loaded in 0.00s, 0 queries 
2025-03-18 17:34:29,233 31188 DEBUG odoo odoo.modules.loading: Loading module digest (33/37) 
2025-03-18 17:34:29,234 31188 DEBUG odoo odoo.modules.loading: Module digest loaded in 0.00s, 0 queries 
2025-03-18 17:34:29,234 31188 DEBUG odoo odoo.modules.loading: Loading module hr (34/37) 
2025-03-18 17:34:29,238 31188 WARNING odoo odoo.models: The model nursery.plant has no _description 
2025-03-18 17:34:29,238 31188 WARNING odoo odoo.models: The model nursery.customer has no _description 
2025-03-18 17:34:29,238 31188 WARNING odoo odoo.models: The model nursery.order has no _description 
2025-03-18 17:34:29,239 31188 DEBUG odoo odoo.modules.loading: Module hr loaded in 0.00s, 0 queries 
2025-03-18 17:34:29,239 31188 DEBUG odoo odoo.modules.loading: Loading module hr_org_chart (35/37) 
2025-03-18 17:34:29,239 31188 DEBUG odoo odoo.modules.loading: Module hr_org_chart loaded in 0.00s, 0 queries 
2025-03-18 17:34:29,239 31188 DEBUG odoo odoo.modules.loading: Loading module hr_skills (36/37) 
2025-03-18 17:34:29,240 31188 DEBUG odoo odoo.modules.loading: Module hr_skills loaded in 0.00s, 0 queries 
2025-03-18 17:34:29,240 31188 DEBUG odoo odoo.modules.loading: Loading module mail_bot_hr (37/37) 
2025-03-18 17:34:29,241 31188 DEBUG odoo odoo.modules.loading: Module mail_bot_hr loaded in 0.00s, 0 queries 
2025-03-18 17:34:29,241 31188 INFO odoo odoo.modules.loading: 37 modules loaded in 0.40s, 110 queries (+110 extra) 
2025-03-18 17:34:29,568 31188 DEBUG odoo odoo.models: column index is in the table auth_totp_device but not in the corresponding object auth_totp.device 
2025-03-18 17:34:29,569 31188 DEBUG odoo odoo.models: column key is in the table auth_totp_device but not in the corresponding object auth_totp.device 
2025-03-18 17:34:29,643 31188 DEBUG odoo odoo.models: column web is in the table ir_module_module but not in the corresponding object ir.module.module 
2025-03-18 17:34:29,692 31188 DEBUG odoo odoo.models: column password is in the table res_users but not in the corresponding object res.users 
2025-03-18 17:34:29,692 31188 DEBUG odoo odoo.models: column totp_secret is in the table res_users but not in the corresponding object res.users 
2025-03-18 17:34:29,692 31188 DEBUG odoo odoo.models: column index is in the table res_users_apikeys but not in the corresponding object res.users.apikeys 
2025-03-18 17:34:29,692 31188 DEBUG odoo odoo.models: column key is in the table res_users_apikeys but not in the corresponding object res.users.apikeys 
2025-03-18 17:34:29,730 31188 INFO odoo odoo.modules.registry: verifying fields for every extended model 
2025-03-18 17:34:29,815 31188 DEBUG odoo odoo.modules.registry: Invalidating templates model caches from write C:\odoo\odoo\odoo\addons\base\models\ir_ui_view.py:533 
2025-03-18 17:34:29,832 31188 DEBUG odoo odoo.modules.registry: Invalidating templates model caches from write C:\odoo\odoo\odoo\addons\base\models\ir_ui_view.py:533 
2025-03-18 17:34:30,616 31188 INFO odoo odoo.modules.loading: Modules loaded. 
2025-03-18 17:34:30,623 31188 INFO odoo odoo.modules.registry: Registry changed, signaling through the database 
2025-03-18 17:34:30,625 31188 INFO odoo odoo.modules.registry: Registry loaded in 2.527s 
2025-03-18 17:34:30,625 31188 INFO odoo odoo.addons.base.models.ir_module: getting next ir.actions.todo() 
2025-03-18 17:34:30,637 31188 INFO odoo werkzeug: 127.0.0.1 - - [18/Mar/2025 17:34:30] "POST /web/dataset/call_button/ir.module.module/button_immediate_upgrade HTTP/1.1" 200 - 4046 1.932 1.695
2025-03-18 17:34:30,991 31188 INFO odoo odoo.addons.base.models.ir_http: Generating routing map for key None 
2025-03-18 17:34:32,026 31188 INFO odoo werkzeug: 127.0.0.1 - - [18/Mar/2025 17:34:32] "GET /odoo HTTP/1.1" 200 - 91 0.039 1.000
2025-03-18 17:34:32,337 31188 INFO odoo werkzeug: 127.0.0.1 - - [18/Mar/2025 17:34:32] "POST /web/action/load HTTP/1.1" 200 - 7 0.019 0.046
2025-03-18 17:34:32,394 31188 INFO odoo werkzeug: 127.0.0.1 - - [18/Mar/2025 17:34:32] "GET /web/image?model=res.users&field=avatar_128&id=2 HTTP/1.1" 304 - 17 0.044 0.076
2025-03-18 17:34:32,684 31188 INFO odoo werkzeug: 127.0.0.1 - - [18/Mar/2025 17:34:32] "POST /mail/data HTTP/1.1" 200 - 34 0.019 0.068
2025-03-18 17:34:32,796 31188 INFO odoo werkzeug: 127.0.0.1 - - [18/Mar/2025 17:34:32] "GET /web/manifest.webmanifest HTTP/1.1" 200 - 9 0.008 0.041
2025-03-18 17:34:32,857 31188 INFO odoo werkzeug: 127.0.0.1 - - [18/Mar/2025 17:34:32] "POST /mail/data HTTP/1.1" 200 - 63 0.056 0.085
2025-03-18 17:34:33,250 31188 INFO odoo werkzeug: 127.0.0.1 - - [18/Mar/2025 17:34:33] "POST /mail/inbox/messages HTTP/1.1" 200 - 5 0.004 0.010
2025-03-18 17:34:34,549 31188 INFO odoo werkzeug: 127.0.0.1 - - [18/Mar/2025 17:34:34] "GET /web/service-worker.js HTTP/1.1" 200 - 1 0.001 0.007
2025-03-18 17:34:52,852 31188 INFO odoo werkzeug: 127.0.0.1 - - [18/Mar/2025 17:34:52] "POST /web/action/load HTTP/1.1" 200 - 10 0.007 0.067
2025-03-18 17:34:53,047 31188 DEBUG odoo odoo.api: call ir.module.module().get_views(options={'action_id': 39, 'embedded_action_id': False, 'embedded_parent_res_id': False, 'load_filters': True, 'toolbar': True}, views=[[False, 'kanban'], [False, 'list'], [False, 'form'], [95, 'search']]) 
2025-03-18 17:34:53,162 31188 INFO odoo werkzeug: 127.0.0.1 - - [18/Mar/2025 17:34:53] "POST /web/dataset/call_kw/ir.module.module/get_views HTTP/1.1" 200 - 56 0.026 0.094
2025-03-18 17:34:53,187 31188 DEBUG odoo odoo.api: call ir.module.module().search_panel_select_range('module_type', category_domain=[], enable_counters=False, expand=True, filter_domain=[], hierarchize=True, limit=200, search_domain=[['application', '=', True]]) 
2025-03-18 17:34:53,189 31188 INFO odoo werkzeug: 127.0.0.1 - - [18/Mar/2025 17:34:53] "POST /web/dataset/call_kw/ir.module.module/search_panel_select_range HTTP/1.1" 200 - 1 0.001 0.003
2025-03-18 17:34:53,480 31188 DEBUG odoo odoo.api: call ir.module.module().web_search_read(count_limit=10001, domain=[['application', '=', True]], limit=80, offset=0, order='', specification={'to_buy': {}, 'name': {}, 'state': {}, 'summary': {}, 'website': {}, 'application': {}, 'module_type': {}, 'icon': {}, 'icon_flag': {}, 'shortdesc': {}}) 
2025-03-18 17:34:53,481 31188 DEBUG odoo odoo.api: call ir.module.module().search_panel_select_range('category_id', category_domain=[], enable_counters=True, expand=False, filter_domain=[], hierarchize=True, limit=200, search_domain=[['application', '=', True]]) 
2025-03-18 17:34:53,536 31188 INFO odoo werkzeug: 127.0.0.1 - - [18/Mar/2025 17:34:53] "POST /web/dataset/call_kw/ir.module.module/search_panel_select_range HTTP/1.1" 200 - 56 0.037 0.026
2025-03-18 17:34:53,565 31188 INFO odoo werkzeug: 127.0.0.1 - - [18/Mar/2025 17:34:53] "POST /web/dataset/call_kw/ir.module.module/web_search_read HTTP/1.1" 200 - 4 0.003 0.086
2025-03-18 17:34:56,508 31188 DEBUG odoo odoo.api: call ir.module.module().search_panel_select_range('category_id', category_domain=[], enable_counters=True, expand=False, filter_domain=[], hierarchize=True, limit=200, search_domain=[]) 
2025-03-18 17:34:56,559 31188 INFO odoo werkzeug: 127.0.0.1 - - [18/Mar/2025 17:34:56] "POST /web/dataset/call_kw/ir.module.module/search_panel_select_range HTTP/1.1" 200 - 54 0.017 0.040
2025-03-18 17:34:56,810 31188 DEBUG odoo odoo.api: call ir.module.module().web_search_read(count_limit=10001, domain=[], limit=80, offset=0, order='', specification={'to_buy': {}, 'name': {}, 'state': {}, 'summary': {}, 'website': {}, 'application': {}, 'module_type': {}, 'icon': {}, 'icon_flag': {}, 'shortdesc': {}}) 
2025-03-18 17:34:56,854 31188 INFO odoo werkzeug: 127.0.0.1 - - [18/Mar/2025 17:34:56] "POST /web/dataset/call_kw/ir.module.module/web_search_read HTTP/1.1" 200 - 4 0.005 0.043
2025-03-18 17:35:04,133 31188 DEBUG ? odoo.service.server: cron0 polling for jobs 
2025-03-18 17:35:05,177 31188 DEBUG ? odoo.service.server: cron1 polling for jobs 
2025-03-18 17:35:05,431 31188 DEBUG odoo odoo.api: call ir.module.module().search_panel_select_range('category_id', category_domain=[], enable_counters=True, expand=False, filter_domain=[], hierarchize=True, limit=200, search_domain=['|', '|', ['summary', 'ilike', 'Plant Nursery'], ['shortdesc', 'ilike', 'Plant Nursery'], ['name', 'ilike', 'Plant Nursery']]) 
2025-03-18 17:35:05,509 31188 INFO odoo werkzeug: 127.0.0.1 - - [18/Mar/2025 17:35:05] "POST /web/dataset/call_kw/ir.module.module/search_panel_select_range HTTP/1.1" 200 - 54 0.047 0.036
2025-03-18 17:35:05,690 31188 DEBUG odoo odoo.api: call ir.module.module().web_search_read(count_limit=10001, domain=['|', '|', ['summary', 'ilike', 'Plant Nursery'], ['shortdesc', 'ilike', 'Plant Nursery'], ['name', 'ilike', 'Plant Nursery']], limit=80, offset=0, order='', specification={'to_buy': {}, 'name': {}, 'state': {}, 'summary': {}, 'website': {}, 'application': {}, 'module_type': {}, 'icon': {}, 'icon_flag': {}, 'shortdesc': {}}) 
2025-03-18 17:35:05,703 31188 INFO odoo werkzeug: 127.0.0.1 - - [18/Mar/2025 17:35:05] "POST /web/dataset/call_kw/ir.module.module/web_search_read HTTP/1.1" 200 - 3 0.004 0.015
2025-03-18 17:36:04,139 31188 DEBUG ? odoo.service.server: cron0 polling for jobs 
2025-03-18 17:36:06,199 31188 DEBUG ? odoo.service.server: cron1 polling for jobs 
2025-03-18 17:37:08,393 37336 DEBUG ? odoo.netsvc: logger level set: "odoo.http.rpc.request:INFO" 
2025-03-18 17:37:08,393 37336 DEBUG ? odoo.netsvc: logger level set: "odoo.http.rpc.response:INFO" 
2025-03-18 17:37:08,393 37336 DEBUG ? odoo.netsvc: logger level set: ":INFO" 
2025-03-18 17:37:08,393 37336 DEBUG ? odoo.netsvc: logger level set: "odoo:DEBUG" 
2025-03-18 17:37:08,393 37336 DEBUG ? odoo.netsvc: logger level set: "odoo.sql_db:INFO" 
2025-03-18 17:37:08,393 37336 DEBUG ? odoo.netsvc: logger level set: ":INFO" 
2025-03-18 17:37:08,393 37336 INFO ? odoo: Odoo version 18.0 
2025-03-18 17:37:08,393 37336 INFO ? odoo: Using configuration file at C:\odoo\odoo\odoo.conf 
2025-03-18 17:37:08,393 37336 INFO ? odoo: addons paths: ['C:\\odoo\\odoo\\odoo\\addons', 'c:\\users\\georg\\appdata\\local\\openerp s.a\\odoo\\addons\\18.0', 'c:\\odoo\\odoo\\addons_extra', 'c:\\odoo\\odoo\\addons', 'c:\\odoo\\odoo\\odoo\\addons'] 
2025-03-18 17:37:08,393 37336 INFO ? odoo: database: odoo@default:default 
2025-03-18 17:37:08,746 37336 INFO ? odoo.addons.base.models.ir_actions_report: You need Wkhtmltopdf to print a pdf version of the reports. 
2025-03-18 17:37:08,759 37336 INFO ? odoo.addons.base.models.ir_actions_report: You need Wkhtmltoimage to generate images from html. 
2025-03-18 17:37:09,325 37336 DEBUG ? odoo.service.server: Setting signal handlers 
2025-03-18 17:37:09,329 37336 INFO ? odoo.service.server: HTTP service (werkzeug) running on GLO:8069 
2025-03-18 17:37:09,404 37336 DEBUG odoo odoo.modules.registry: Multiprocess load registry signaling: [Registry: 66] [Cache default: 2] [Cache assets: 1] [Cache templates: 1] [Cache routing: 1] [Cache groups: 1] 
2025-03-18 17:37:09,415 37336 INFO odoo odoo.modules.loading: loading 1 modules... 
2025-03-18 17:37:09,415 37336 DEBUG odoo odoo.modules.loading: Loading module base (1/1) 
2025-03-18 17:37:09,421 37336 DEBUG odoo odoo.modules.loading: Module base loaded in 0.01s, 0 queries 
2025-03-18 17:37:09,421 37336 INFO odoo odoo.modules.loading: 1 modules loaded in 0.01s, 0 queries (+0 extra) 
2025-03-18 17:37:09,463 37336 INFO odoo odoo.modules.loading: updating modules list 
2025-03-18 17:37:09,470 37336 INFO odoo odoo.addons.base.models.ir_module: ALLOW access to module.update_list on [] to user __system__ #1 via n/a 
2025-03-18 17:37:12,233 37336 WARNING odoo odoo.modules.module: Missing `license` key in manifest for 'plant_nursery', defaulting to LGPL-3 
2025-03-18 17:37:15,365 37336 WARNING odoo odoo.modules.loading: invalid module names, ignored:  Plant Nursery1 
2025-03-18 17:37:15,397 37336 DEBUG odoo odoo.modules.loading: Updating graph with 36 more modules 
2025-03-18 17:37:15,397 37336 INFO odoo odoo.modules.loading: loading 37 modules... 
2025-03-18 17:37:15,397 37336 DEBUG odoo odoo.modules.loading: Loading module estate (2/37) 
2025-03-18 17:37:15,408 37336 DEBUG odoo odoo.modules.loading: Module estate loaded in 0.01s, 0 queries 
2025-03-18 17:37:15,409 37336 DEBUG odoo odoo.modules.loading: Loading module web (3/37) 
2025-03-18 17:37:15,410 37336 DEBUG odoo odoo.modules.loading: Module web loaded in 0.00s, 0 queries 
2025-03-18 17:37:15,410 37336 DEBUG odoo odoo.modules.loading: Loading module auth_totp (4/37) 
2025-03-18 17:37:15,455 37336 DEBUG odoo odoo.modules.loading: Module auth_totp loaded in 0.04s, 0 queries 
2025-03-18 17:37:15,455 37336 DEBUG odoo odoo.modules.loading: Loading module base_import (5/37) 
2025-03-18 17:37:15,841 37336 DEBUG odoo odoo.modules.loading: Module base_import loaded in 0.39s, 0 queries 
2025-03-18 17:37:15,841 37336 DEBUG odoo odoo.modules.loading: Loading module base_import_module (6/37) 
2025-03-18 17:37:15,850 37336 DEBUG odoo odoo.modules.loading: Module base_import_module loaded in 0.01s, 0 queries 
2025-03-18 17:37:15,850 37336 DEBUG odoo odoo.modules.loading: Loading module base_setup (7/37) 
2025-03-18 17:37:15,856 37336 DEBUG odoo odoo.modules.loading: Module base_setup loaded in 0.01s, 0 queries 
2025-03-18 17:37:15,856 37336 DEBUG odoo odoo.modules.loading: Loading module bus (8/37) 
2025-03-18 17:37:15,865 37336 DEBUG odoo odoo.modules.loading: Module bus loaded in 0.01s, 0 queries 
2025-03-18 17:37:15,865 37336 DEBUG odoo odoo.modules.loading: Loading module http_routing (9/37) 
2025-03-18 17:37:15,891 37336 DEBUG odoo odoo.modules.loading: Module http_routing loaded in 0.03s, 0 queries 
2025-03-18 17:37:15,891 37336 DEBUG odoo odoo.modules.loading: Loading module plant_nursery (10/37) 
2025-03-18 17:37:15,897 37336 WARNING odoo odoo.models: The model nursery.plant has no _description 
2025-03-18 17:37:15,897 37336 WARNING odoo odoo.models: The model nursery.customer has no _description 
2025-03-18 17:37:15,897 37336 WARNING odoo odoo.models: The model nursery.order has no _description 
2025-03-18 17:37:15,897 37336 DEBUG odoo odoo.modules.loading: Module plant_nursery loaded in 0.01s, 0 queries 
2025-03-18 17:37:15,898 37336 DEBUG odoo odoo.modules.loading: Loading module resource (11/37) 
2025-03-18 17:37:15,921 37336 DEBUG odoo odoo.modules.loading: Module resource loaded in 0.02s, 0 queries 
2025-03-18 17:37:15,921 37336 DEBUG odoo odoo.modules.loading: Loading module web_hierarchy (12/37) 
2025-03-18 17:37:15,928 37336 WARNING odoo odoo.models: The model nursery.plant has no _description 
2025-03-18 17:37:15,928 37336 WARNING odoo odoo.models: The model nursery.customer has no _description 
2025-03-18 17:37:15,928 37336 WARNING odoo odoo.models: The model nursery.order has no _description 
2025-03-18 17:37:15,929 37336 DEBUG odoo odoo.modules.loading: Module web_hierarchy loaded in 0.01s, 0 queries 
2025-03-18 17:37:15,929 37336 DEBUG odoo odoo.modules.loading: Loading module web_tour (13/37) 
2025-03-18 17:37:15,931 37336 DEBUG odoo odoo.modules.loading: Module web_tour loaded in 0.00s, 0 queries 
2025-03-18 17:37:15,931 37336 DEBUG odoo odoo.modules.loading: Loading module html_editor (14/37) 
2025-03-18 17:37:16,182 37336 DEBUG odoo odoo.modules.loading: Module html_editor loaded in 0.25s, 0 queries 
2025-03-18 17:37:16,184 37336 DEBUG odoo odoo.modules.loading: Loading module iap (15/37) 
2025-03-18 17:37:16,184 37336 DEBUG odoo odoo.modules.loading: Module iap loaded in 0.00s, 0 queries 
2025-03-18 17:37:16,184 37336 DEBUG odoo odoo.modules.loading: Loading module mail (16/37) 
2025-03-18 17:37:16,186 37336 WARNING odoo odoo.models: The model nursery.plant has no _description 
2025-03-18 17:37:16,186 37336 WARNING odoo odoo.models: The model nursery.customer has no _description 
2025-03-18 17:37:16,186 37336 WARNING odoo odoo.models: The model nursery.order has no _description 
2025-03-18 17:37:16,189 37336 DEBUG odoo odoo.modules.loading: Module mail loaded in 0.01s, 0 queries 
2025-03-18 17:37:16,189 37336 DEBUG odoo odoo.modules.loading: Loading module web_editor (17/37) 
2025-03-18 17:37:16,243 37336 WARNING odoo odoo.models: The model nursery.plant has no _description 
2025-03-18 17:37:16,244 37336 WARNING odoo odoo.models: The model nursery.customer has no _description 
2025-03-18 17:37:16,244 37336 WARNING odoo odoo.models: The model nursery.order has no _description 
2025-03-18 17:37:16,245 37336 WARNING odoo odoo.models: The model nursery.plant has no _description 
2025-03-18 17:37:16,245 37336 WARNING odoo odoo.models: The model nursery.customer has no _description 
2025-03-18 17:37:16,245 37336 WARNING odoo odoo.models: The model nursery.order has no _description 
2025-03-18 17:37:16,246 37336 DEBUG odoo odoo.modules.loading: Module web_editor loaded in 0.06s, 0 queries 
2025-03-18 17:37:16,246 37336 DEBUG odoo odoo.modules.loading: Loading module auth_signup (18/37) 
2025-03-18 17:37:16,256 37336 DEBUG odoo odoo.modules.loading: Module auth_signup loaded in 0.01s, 0 queries 
2025-03-18 17:37:16,256 37336 DEBUG odoo odoo.modules.loading: Loading module auth_totp_mail (19/37) 
2025-03-18 17:37:16,260 37336 DEBUG odoo odoo.modules.loading: Module auth_totp_mail loaded in 0.00s, 0 queries 
2025-03-18 17:37:16,260 37336 DEBUG odoo odoo.modules.loading: Loading module base_install_request (20/37) 
2025-03-18 17:37:16,264 37336 DEBUG odoo odoo.modules.loading: Module base_install_request loaded in 0.00s, 0 queries 
2025-03-18 17:37:16,264 37336 DEBUG odoo odoo.modules.loading: Loading module google_gmail (21/37) 
2025-03-18 17:37:16,275 37336 DEBUG odoo odoo.modules.loading: Module google_gmail loaded in 0.01s, 0 queries 
2025-03-18 17:37:16,275 37336 DEBUG odoo odoo.modules.loading: Loading module iap_mail (22/37) 
2025-03-18 17:37:16,279 37336 DEBUG odoo odoo.modules.loading: Module iap_mail loaded in 0.00s, 0 queries 
2025-03-18 17:37:16,279 37336 DEBUG odoo odoo.modules.loading: Loading module mail_bot (23/37) 
2025-03-18 17:37:16,285 37336 DEBUG odoo odoo.modules.loading: Module mail_bot loaded in 0.01s, 0 queries 
2025-03-18 17:37:16,286 37336 DEBUG odoo odoo.modules.loading: Loading module phone_validation (24/37) 
2025-03-18 17:37:16,299 37336 WARNING odoo odoo.models: The model nursery.plant has no _description 
2025-03-18 17:37:16,299 37336 WARNING odoo odoo.models: The model nursery.customer has no _description 
2025-03-18 17:37:16,299 37336 WARNING odoo odoo.models: The model nursery.order has no _description 
2025-03-18 17:37:16,299 37336 DEBUG odoo odoo.modules.loading: Module phone_validation loaded in 0.01s, 0 queries 
2025-03-18 17:37:16,299 37336 DEBUG odoo odoo.modules.loading: Loading module privacy_lookup (25/37) 
2025-03-18 17:37:16,302 37336 DEBUG odoo odoo.modules.loading: Module privacy_lookup loaded in 0.00s, 0 queries 
2025-03-18 17:37:16,302 37336 DEBUG odoo odoo.modules.loading: Loading module resource_mail (26/37) 
2025-03-18 17:37:16,302 37336 DEBUG odoo odoo.modules.loading: Module resource_mail loaded in 0.00s, 0 queries 
2025-03-18 17:37:16,302 37336 DEBUG odoo odoo.modules.loading: Loading module web_unsplash (27/37) 
2025-03-18 17:37:16,317 37336 DEBUG odoo odoo.modules.loading: Module web_unsplash loaded in 0.01s, 0 queries 
2025-03-18 17:37:16,317 37336 DEBUG odoo odoo.modules.loading: Loading module partner_autocomplete (28/37) 
2025-03-18 17:37:16,326 37336 DEBUG odoo odoo.modules.loading: Module partner_autocomplete loaded in 0.01s, 0 queries 
2025-03-18 17:37:16,326 37336 DEBUG odoo odoo.modules.loading: Loading module portal (29/37) 
2025-03-18 17:37:16,345 37336 DEBUG odoo odoo.modules.loading: Module portal loaded in 0.02s, 0 queries 
2025-03-18 17:37:16,345 37336 DEBUG odoo odoo.modules.loading: Loading module sms (30/37) 
2025-03-18 17:37:16,372 37336 DEBUG odoo odoo.modules.loading: Module sms loaded in 0.03s, 0 queries 
2025-03-18 17:37:16,372 37336 DEBUG odoo odoo.modules.loading: Loading module snailmail (31/37) 
2025-03-18 17:37:16,384 37336 DEBUG odoo odoo.modules.loading: Module snailmail loaded in 0.01s, 0 queries 
2025-03-18 17:37:16,384 37336 DEBUG odoo odoo.modules.loading: Loading module auth_totp_portal (32/37) 
2025-03-18 17:37:16,386 37336 DEBUG odoo odoo.modules.loading: Module auth_totp_portal loaded in 0.00s, 0 queries 
2025-03-18 17:37:16,386 37336 DEBUG odoo odoo.modules.loading: Loading module digest (33/37) 
2025-03-18 17:37:16,393 37336 DEBUG odoo odoo.modules.loading: Module digest loaded in 0.01s, 0 queries 
2025-03-18 17:37:16,393 37336 DEBUG odoo odoo.modules.loading: Loading module hr (34/37) 
2025-03-18 17:37:16,425 37336 WARNING odoo odoo.models: The model nursery.plant has no _description 
2025-03-18 17:37:16,425 37336 WARNING odoo odoo.models: The model nursery.customer has no _description 
2025-03-18 17:37:16,425 37336 WARNING odoo odoo.models: The model nursery.order has no _description 
2025-03-18 17:37:16,428 37336 DEBUG odoo odoo.modules.loading: Module hr loaded in 0.04s, 0 queries 
2025-03-18 17:37:16,428 37336 DEBUG odoo odoo.modules.loading: Loading module hr_org_chart (35/37) 
2025-03-18 17:37:16,434 37336 DEBUG odoo odoo.modules.loading: Module hr_org_chart loaded in 0.01s, 0 queries 
2025-03-18 17:37:16,434 37336 DEBUG odoo odoo.modules.loading: Loading module hr_skills (36/37) 
2025-03-18 17:37:16,457 37336 DEBUG odoo odoo.modules.loading: Module hr_skills loaded in 0.02s, 0 queries 
2025-03-18 17:37:16,457 37336 DEBUG odoo odoo.modules.loading: Loading module mail_bot_hr (37/37) 
2025-03-18 17:37:16,469 37336 DEBUG odoo odoo.modules.loading: Module mail_bot_hr loaded in 0.01s, 0 queries 
2025-03-18 17:37:16,470 37336 INFO odoo odoo.modules.loading: 37 modules loaded in 1.07s, 0 queries (+0 extra) 
2025-03-18 17:37:16,727 37336 DEBUG odoo odoo.modules.registry: Invalidating templates model caches from write C:\odoo\odoo\odoo\addons\base\models\ir_ui_view.py:533 
2025-03-18 17:37:16,734 37336 DEBUG odoo odoo.modules.registry: Invalidating templates model caches from write C:\odoo\odoo\odoo\addons\base\models\ir_ui_view.py:533 
2025-03-18 17:37:17,406 37336 INFO odoo odoo.modules.loading: Modules loaded. 
2025-03-18 17:37:17,422 37336 INFO odoo odoo.modules.registry: Registry changed, signaling through the database 
2025-03-18 17:37:17,423 37336 INFO odoo odoo.modules.registry: Registry loaded in 8.090s 
2025-03-18 17:37:17,428 37336 DEBUG odoo odoo.service.server: cron0 started! 
2025-03-18 17:37:17,430 37336 DEBUG odoo odoo.service.server: cron1 started! 
2025-03-18 17:37:18,809 37336 DEBUG ? odoo.http: HTTP sessions stored in: c:\users\georg\appdata\local\openerp s.a\odoo\sessions 
2025-03-18 17:37:18,812 37336 INFO odoo odoo.addons.base.models.ir_http: Generating routing map for key None 
2025-03-18 17:37:18,842 37336 INFO odoo werkzeug: 127.0.0.1 - - [18/Mar/2025 17:37:18] "GET /websocket?version=18.0-3 HTTP/1.1" 101 - 6 0.008 0.027
2025-03-18 17:37:19,256 37336 INFO ? odoo.addons.bus.models.bus: Bus.loop listen imbus on db postgres 
2025-03-18 17:37:20,721 37336 WARNING odoo odoo.modules.module: Missing `license` key in manifest for 'plant_nursery', defaulting to LGPL-3 
2025-03-18 17:37:21,540 37336 INFO odoo werkzeug: 127.0.0.1 - - [18/Mar/2025 17:37:21] "GET /odoo/apps HTTP/1.1" 200 - 86 0.040 0.975
2025-03-18 17:37:21,771 37336 DEBUG ? odoo.modules.module: module __init__.py: no manifest file found ('__manifest__.py', '__openerp__.py') 
2025-03-18 17:37:21,777 37336 DEBUG ? odoo.modules.module: module __pycache__: no manifest file found ('__manifest__.py', '__openerp__.py') 
2025-03-18 17:37:21,803 37336 INFO odoo werkzeug: 127.0.0.1 - - [18/Mar/2025 17:37:21] "GET /web/image?model=res.users&field=avatar_128&id=2 HTTP/1.1" 304 - 13 0.007 0.044
2025-03-18 17:37:21,848 37336 DEBUG ? odoo.modules.module: module website_twitter: no manifest file found ('__manifest__.py', '__openerp__.py') 
2025-03-18 17:37:21,892 37336 INFO odoo werkzeug: 127.0.0.1 - - [18/Mar/2025 17:37:21] "POST /web/action/load HTTP/1.1" 200 - 12 0.014 0.124
2025-03-18 17:37:22,195 37336 INFO odoo werkzeug: 127.0.0.1 - - [18/Mar/2025 17:37:22] "POST /mail/data HTTP/1.1" 200 - 34 0.048 0.078
2025-03-18 17:37:22,202 37336 DEBUG odoo odoo.api: call ir.module.module().get_views(options={'action_id': 39, 'embedded_action_id': False, 'embedded_parent_res_id': False, 'load_filters': True, 'toolbar': True}, views=[[False, 'kanban'], [False, 'list'], [False, 'form'], [95, 'search']]) 
2025-03-18 17:37:22,263 37336 INFO odoo werkzeug: 127.0.0.1 - - [18/Mar/2025 17:37:22] "GET /web/manifest.webmanifest HTTP/1.1" 200 - 9 0.034 0.016
2025-03-18 17:37:22,343 37336 INFO odoo werkzeug: 127.0.0.1 - - [18/Mar/2025 17:37:22] "POST /web/dataset/call_kw/ir.module.module/get_views HTTP/1.1" 200 - 57 0.057 0.157
2025-03-18 17:37:22,745 37336 DEBUG odoo odoo.api: call ir.module.module().search_panel_select_range('module_type', category_domain=[], enable_counters=False, expand=True, filter_domain=[], hierarchize=True, limit=200, search_domain=[['application', '=', True]]) 
2025-03-18 17:37:22,745 37336 INFO odoo werkzeug: 127.0.0.1 - - [18/Mar/2025 17:37:22] "POST /web/dataset/call_kw/ir.module.module/search_panel_select_range HTTP/1.1" 200 - 1 0.002 0.088
2025-03-18 17:37:22,754 37336 DEBUG odoo odoo.api: call ir.module.module().search_panel_select_range('category_id', category_domain=[], enable_counters=True, expand=False, filter_domain=[], hierarchize=True, limit=200, search_domain=[['application', '=', True]]) 
2025-03-18 17:37:22,754 37336 DEBUG odoo odoo.api: call ir.module.module().web_search_read(count_limit=10001, domain=[['application', '=', True]], limit=80, offset=0, order='', specification={'to_buy': {}, 'name': {}, 'state': {}, 'summary': {}, 'website': {}, 'application': {}, 'module_type': {}, 'icon': {}, 'icon_flag': {}, 'shortdesc': {}}) 
2025-03-18 17:37:22,771 37336 DEBUG odoo odoo.modules.module: module mrp_workorder: no manifest file found ('__manifest__.py', '__openerp__.py') 
2025-03-18 17:37:22,777 37336 DEBUG odoo odoo.modules.module: module accountant: no manifest file found ('__manifest__.py', '__openerp__.py') 
2025-03-18 17:37:22,781 37336 DEBUG odoo odoo.modules.module: module knowledge: no manifest file found ('__manifest__.py', '__openerp__.py') 
2025-03-18 17:37:22,791 37336 DEBUG odoo odoo.modules.module: module timesheet_grid: no manifest file found ('__manifest__.py', '__openerp__.py') 
2025-03-18 17:37:22,795 37336 DEBUG odoo odoo.modules.module: module web_studio: no manifest file found ('__manifest__.py', '__openerp__.py') 
2025-03-18 17:37:22,795 37336 DEBUG odoo odoo.modules.module: module industry_fsm: no manifest file found ('__manifest__.py', '__openerp__.py') 
2025-03-18 17:37:22,808 37336 DEBUG odoo odoo.modules.module: module nursery: no manifest file found ('__manifest__.py', '__openerp__.py') 
2025-03-18 17:37:22,812 37336 DEBUG odoo odoo.modules.module: module sign: no manifest file found ('__manifest__.py', '__openerp__.py') 
2025-03-18 17:37:22,815 37336 DEBUG odoo odoo.modules.module: module helpdesk: no manifest file found ('__manifest__.py', '__openerp__.py') 
2025-03-18 17:37:22,815 37336 DEBUG odoo odoo.modules.module: module sale_subscription: no manifest file found ('__manifest__.py', '__openerp__.py') 
2025-03-18 17:37:22,815 37336 DEBUG odoo odoo.modules.module: module quality_control: no manifest file found ('__manifest__.py', '__openerp__.py') 
2025-03-18 17:37:22,824 37336 DEBUG odoo odoo.modules.module: module planning: no manifest file found ('__manifest__.py', '__openerp__.py') 
2025-03-18 17:37:22,827 37336 INFO odoo werkzeug: 127.0.0.1 - - [18/Mar/2025 17:37:22] "POST /web/dataset/call_kw/ir.module.module/search_panel_select_range HTTP/1.1" 200 - 56 0.035 0.129
2025-03-18 17:37:22,831 37336 DEBUG odoo odoo.modules.module: module mrp_plm: no manifest file found ('__manifest__.py', '__openerp__.py') 
2025-03-18 17:37:22,833 37336 DEBUG odoo odoo.modules.module: module social: no manifest file found ('__manifest__.py', '__openerp__.py') 
2025-03-18 17:37:22,834 37336 DEBUG odoo odoo.modules.module: module hr_appraisal: no manifest file found ('__manifest__.py', '__openerp__.py') 
2025-03-18 17:37:22,835 37336 DEBUG odoo odoo.modules.module: module marketing_automation: no manifest file found ('__manifest__.py', '__openerp__.py') 
2025-03-18 17:37:22,837 37336 DEBUG odoo odoo.modules.module: module appointment: no manifest file found ('__manifest__.py', '__openerp__.py') 
2025-03-18 17:37:22,839 37336 DEBUG odoo odoo.modules.module: module web_mobile: no manifest file found ('__manifest__.py', '__openerp__.py') 
2025-03-18 17:37:22,840 37336 DEBUG odoo odoo.modules.module: module stock_barcode: no manifest file found ('__manifest__.py', '__openerp__.py') 
2025-03-18 17:37:22,844 37336 DEBUG odoo odoo.modules.module: module voip: no manifest file found ('__manifest__.py', '__openerp__.py') 
2025-03-18 17:37:22,844 37336 DEBUG odoo odoo.modules.module: module sale_amazon: no manifest file found ('__manifest__.py', '__openerp__.py') 
2025-03-18 17:37:22,850 37336 INFO odoo werkzeug: 127.0.0.1 - - [18/Mar/2025 17:37:22] "POST /web/dataset/call_kw/ir.module.module/web_search_read HTTP/1.1" 200 - 4 0.023 0.162
2025-03-18 17:37:24,669 37336 INFO odoo werkzeug: 127.0.0.1 - - [18/Mar/2025 17:37:24] "GET /web/service-worker.js HTTP/1.1" 200 - 1 0.000 0.033
2025-03-18 17:37:33,727 36580 DEBUG ? odoo.netsvc: logger level set: "odoo.http.rpc.request:INFO" 
2025-03-18 17:37:33,727 36580 DEBUG ? odoo.netsvc: logger level set: "odoo.http.rpc.response:INFO" 
2025-03-18 17:37:33,727 36580 DEBUG ? odoo.netsvc: logger level set: ":INFO" 
2025-03-18 17:37:33,727 36580 DEBUG ? odoo.netsvc: logger level set: "odoo:DEBUG" 
2025-03-18 17:37:33,727 36580 DEBUG ? odoo.netsvc: logger level set: "odoo.sql_db:INFO" 
2025-03-18 17:37:33,727 36580 DEBUG ? odoo.netsvc: logger level set: ":INFO" 
2025-03-18 17:37:33,728 36580 INFO ? odoo: Odoo version 18.0 
2025-03-18 17:37:33,728 36580 INFO ? odoo: Using configuration file at C:\odoo\odoo\odoo.conf 
2025-03-18 17:37:33,728 36580 INFO ? odoo: addons paths: ['C:\\odoo\\odoo\\odoo\\addons', 'c:\\users\\georg\\appdata\\local\\openerp s.a\\odoo\\addons\\18.0', 'c:\\odoo\\odoo\\addons_extra', 'c:\\odoo\\odoo\\addons', 'c:\\odoo\\odoo\\odoo\\addons'] 
2025-03-18 17:37:33,728 36580 INFO ? odoo: database: odoo@default:default 
2025-03-18 17:37:33,997 36580 INFO ? odoo.addons.base.models.ir_actions_report: You need Wkhtmltopdf to print a pdf version of the reports. 
2025-03-18 17:37:34,012 36580 INFO ? odoo.addons.base.models.ir_actions_report: You need Wkhtmltoimage to generate images from html. 
2025-03-18 17:37:34,364 36580 DEBUG ? odoo.service.server: Setting signal handlers 
2025-03-18 17:37:34,367 36580 INFO ? odoo.service.server: HTTP service (werkzeug) running on GLO:8069 
2025-03-18 17:37:34,434 36580 DEBUG odoo odoo.modules.registry: Multiprocess load registry signaling: [Registry: 67] [Cache default: 2] [Cache assets: 1] [Cache templates: 1] [Cache routing: 1] [Cache groups: 1] 
2025-03-18 17:37:34,445 36580 INFO odoo odoo.modules.loading: loading 1 modules... 
2025-03-18 17:37:34,445 36580 DEBUG odoo odoo.modules.loading: Loading module base (1/1) 
2025-03-18 17:37:34,452 36580 DEBUG odoo odoo.modules.loading: Module base loaded in 0.01s, 0 queries 
2025-03-18 17:37:34,452 36580 INFO odoo odoo.modules.loading: 1 modules loaded in 0.01s, 0 queries (+0 extra) 
2025-03-18 17:37:34,502 36580 INFO odoo odoo.modules.loading: updating modules list 
2025-03-18 17:37:34,510 36580 DEBUG ? odoo.http: HTTP sessions stored in: c:\users\georg\appdata\local\openerp s.a\odoo\sessions 
2025-03-18 17:37:34,514 36580 INFO odoo odoo.addons.base.models.ir_module: ALLOW access to module.update_list on [] to user __system__ #1 via n/a 
2025-03-18 17:37:35,434 36580 WARNING odoo odoo.modules.module: Missing `license` key in manifest for 'plant_nursery2', defaulting to LGPL-3 
2025-03-18 17:37:35,897 36580 WARNING odoo odoo.modules.loading: invalid module names, ignored:  Plant Nursery2 
2025-03-18 17:37:35,918 36580 DEBUG odoo odoo.modules.module: module plant_nursery: no manifest file found ('__manifest__.py', '__openerp__.py') 
2025-03-18 17:37:35,928 36580 WARNING odoo odoo.modules.graph: module plant_nursery: not installable, skipped 
2025-03-18 17:37:35,932 36580 DEBUG odoo odoo.modules.loading: Updating graph with 36 more modules 
2025-03-18 17:37:35,932 36580 INFO odoo odoo.modules.loading: loading 36 modules... 
2025-03-18 17:37:35,932 36580 DEBUG odoo odoo.modules.loading: Loading module estate (2/36) 
2025-03-18 17:37:35,932 36580 DEBUG odoo odoo.modules.loading: Module estate loaded in 0.00s, 0 queries 
2025-03-18 17:37:35,932 36580 DEBUG odoo odoo.modules.loading: Loading module web (3/36) 
2025-03-18 17:37:35,932 36580 DEBUG odoo odoo.modules.loading: Module web loaded in 0.00s, 0 queries 
2025-03-18 17:37:35,932 36580 DEBUG odoo odoo.modules.loading: Loading module auth_totp (4/36) 
2025-03-18 17:37:35,969 36580 DEBUG odoo odoo.modules.loading: Module auth_totp loaded in 0.04s, 0 queries 
2025-03-18 17:37:35,969 36580 DEBUG odoo odoo.modules.loading: Loading module base_import (5/36) 
2025-03-18 17:37:36,251 36580 DEBUG odoo odoo.modules.loading: Module base_import loaded in 0.28s, 0 queries 
2025-03-18 17:37:36,251 36580 DEBUG odoo odoo.modules.loading: Loading module base_import_module (6/36) 
2025-03-18 17:37:36,271 36580 DEBUG odoo odoo.modules.loading: Module base_import_module loaded in 0.02s, 0 queries 
2025-03-18 17:37:36,271 36580 DEBUG odoo odoo.modules.loading: Loading module base_setup (7/36) 
2025-03-18 17:37:36,271 36580 DEBUG odoo odoo.modules.loading: Module base_setup loaded in 0.00s, 0 queries 
2025-03-18 17:37:36,271 36580 DEBUG odoo odoo.modules.loading: Loading module bus (8/36) 
2025-03-18 17:37:36,293 36580 DEBUG odoo odoo.modules.loading: Module bus loaded in 0.02s, 0 queries 
2025-03-18 17:37:36,293 36580 DEBUG odoo odoo.modules.loading: Loading module http_routing (9/36) 
2025-03-18 17:37:36,293 36580 DEBUG odoo odoo.modules.loading: Module http_routing loaded in 0.00s, 0 queries 
2025-03-18 17:37:36,293 36580 DEBUG odoo odoo.modules.loading: Loading module resource (10/36) 
2025-03-18 17:37:36,321 36580 DEBUG odoo odoo.modules.loading: Module resource loaded in 0.03s, 0 queries 
2025-03-18 17:37:36,321 36580 DEBUG odoo odoo.modules.loading: Loading module web_hierarchy (11/36) 
2025-03-18 17:37:36,327 36580 DEBUG odoo odoo.modules.loading: Module web_hierarchy loaded in 0.01s, 0 queries 
2025-03-18 17:37:36,327 36580 DEBUG odoo odoo.modules.loading: Loading module web_tour (12/36) 
2025-03-18 17:37:36,328 36580 DEBUG odoo odoo.modules.loading: Module web_tour loaded in 0.00s, 0 queries 
2025-03-18 17:37:36,328 36580 DEBUG odoo odoo.modules.loading: Loading module html_editor (13/36) 
2025-03-18 17:37:36,518 36580 DEBUG odoo odoo.modules.loading: Module html_editor loaded in 0.19s, 0 queries 
2025-03-18 17:37:36,518 36580 DEBUG odoo odoo.modules.loading: Loading module iap (14/36) 
2025-03-18 17:37:36,518 36580 DEBUG odoo odoo.modules.loading: Module iap loaded in 0.00s, 0 queries 
2025-03-18 17:37:36,521 36580 DEBUG odoo odoo.modules.loading: Loading module mail (15/36) 
2025-03-18 17:37:36,526 36580 DEBUG odoo odoo.modules.loading: Module mail loaded in 0.00s, 0 queries 
2025-03-18 17:37:36,526 36580 DEBUG odoo odoo.modules.loading: Loading module web_editor (16/36) 
2025-03-18 17:37:36,536 36580 DEBUG odoo odoo.modules.loading: Module web_editor loaded in 0.01s, 0 queries 
2025-03-18 17:37:36,536 36580 DEBUG odoo odoo.modules.loading: Loading module auth_signup (17/36) 
2025-03-18 17:37:36,553 36580 DEBUG odoo odoo.modules.loading: Module auth_signup loaded in 0.02s, 0 queries 
2025-03-18 17:37:36,553 36580 DEBUG odoo odoo.modules.loading: Loading module auth_totp_mail (18/36) 
2025-03-18 17:37:36,558 36580 DEBUG odoo odoo.modules.loading: Module auth_totp_mail loaded in 0.01s, 0 queries 
2025-03-18 17:37:36,558 36580 DEBUG odoo odoo.modules.loading: Loading module base_install_request (19/36) 
2025-03-18 17:37:36,563 36580 DEBUG odoo odoo.modules.loading: Module base_install_request loaded in 0.00s, 0 queries 
2025-03-18 17:37:36,564 36580 DEBUG odoo odoo.modules.loading: Loading module google_gmail (20/36) 
2025-03-18 17:37:36,570 36580 DEBUG odoo odoo.modules.loading: Module google_gmail loaded in 0.01s, 0 queries 
2025-03-18 17:37:36,570 36580 DEBUG odoo odoo.modules.loading: Loading module iap_mail (21/36) 
2025-03-18 17:37:36,570 36580 DEBUG odoo odoo.modules.loading: Module iap_mail loaded in 0.00s, 0 queries 
2025-03-18 17:37:36,570 36580 DEBUG odoo odoo.modules.loading: Loading module mail_bot (22/36) 
2025-03-18 17:37:36,570 36580 DEBUG odoo odoo.modules.loading: Module mail_bot loaded in 0.00s, 0 queries 
2025-03-18 17:37:36,570 36580 DEBUG odoo odoo.modules.loading: Loading module phone_validation (23/36) 
2025-03-18 17:37:36,591 36580 DEBUG odoo odoo.modules.loading: Module phone_validation loaded in 0.02s, 0 queries 
2025-03-18 17:37:36,591 36580 DEBUG odoo odoo.modules.loading: Loading module privacy_lookup (24/36) 
2025-03-18 17:37:36,591 36580 DEBUG odoo odoo.modules.loading: Module privacy_lookup loaded in 0.00s, 0 queries 
2025-03-18 17:37:36,591 36580 DEBUG odoo odoo.modules.loading: Loading module resource_mail (25/36) 
2025-03-18 17:37:36,600 36580 DEBUG odoo odoo.modules.loading: Module resource_mail loaded in 0.01s, 0 queries 
2025-03-18 17:37:36,600 36580 DEBUG odoo odoo.modules.loading: Loading module web_unsplash (26/36) 
2025-03-18 17:37:36,607 36580 DEBUG odoo odoo.modules.loading: Module web_unsplash loaded in 0.01s, 0 queries 
2025-03-18 17:37:36,607 36580 DEBUG odoo odoo.modules.loading: Loading module partner_autocomplete (27/36) 
2025-03-18 17:37:36,618 36580 DEBUG odoo odoo.modules.loading: Module partner_autocomplete loaded in 0.01s, 0 queries 
2025-03-18 17:37:36,618 36580 DEBUG odoo odoo.modules.loading: Loading module portal (28/36) 
2025-03-18 17:37:36,636 36580 DEBUG odoo odoo.modules.loading: Module portal loaded in 0.02s, 0 queries 
2025-03-18 17:37:36,637 36580 DEBUG odoo odoo.modules.loading: Loading module sms (29/36) 
2025-03-18 17:37:36,652 36580 DEBUG odoo odoo.modules.loading: Module sms loaded in 0.02s, 0 queries 
2025-03-18 17:37:36,652 36580 DEBUG odoo odoo.modules.loading: Loading module snailmail (30/36) 
2025-03-18 17:37:36,675 36580 DEBUG odoo odoo.modules.loading: Module snailmail loaded in 0.02s, 0 queries 
2025-03-18 17:37:36,675 36580 DEBUG odoo odoo.modules.loading: Loading module auth_totp_portal (31/36) 
2025-03-18 17:37:36,675 36580 DEBUG odoo odoo.modules.loading: Module auth_totp_portal loaded in 0.00s, 0 queries 
2025-03-18 17:37:36,675 36580 DEBUG odoo odoo.modules.loading: Loading module digest (32/36) 
2025-03-18 17:37:36,687 36580 DEBUG odoo odoo.modules.loading: Module digest loaded in 0.01s, 0 queries 
2025-03-18 17:37:36,687 36580 DEBUG odoo odoo.modules.loading: Loading module hr (33/36) 
2025-03-18 17:37:36,717 36580 DEBUG odoo odoo.modules.loading: Module hr loaded in 0.03s, 0 queries 
2025-03-18 17:37:36,717 36580 DEBUG odoo odoo.modules.loading: Loading module hr_org_chart (34/36) 
2025-03-18 17:37:36,722 36580 DEBUG odoo odoo.modules.loading: Module hr_org_chart loaded in 0.01s, 0 queries 
2025-03-18 17:37:36,722 36580 DEBUG odoo odoo.modules.loading: Loading module hr_skills (35/36) 
2025-03-18 17:37:36,730 36580 DEBUG odoo odoo.modules.loading: Module hr_skills loaded in 0.01s, 0 queries 
2025-03-18 17:37:36,730 36580 DEBUG odoo odoo.modules.loading: Loading module mail_bot_hr (36/36) 
2025-03-18 17:37:36,730 36580 DEBUG odoo odoo.modules.loading: Module mail_bot_hr loaded in 0.00s, 0 queries 
2025-03-18 17:37:36,730 36580 INFO odoo odoo.modules.loading: 36 modules loaded in 0.80s, 0 queries (+0 extra) 
2025-03-18 17:37:36,914 36580 ERROR odoo odoo.modules.loading: Some modules are not loaded, some dependencies or manifest may be missing: ['plant_nursery'] 
2025-03-18 17:37:36,932 36580 DEBUG odoo odoo.modules.registry: Invalidating templates model caches from write C:\odoo\odoo\odoo\addons\base\models\ir_ui_view.py:533 
2025-03-18 17:37:36,952 36580 DEBUG odoo odoo.modules.registry: Invalidating templates model caches from write C:\odoo\odoo\odoo\addons\base\models\ir_ui_view.py:533 
2025-03-18 17:37:37,325 36580 INFO odoo odoo.modules.loading: Modules loaded. 
2025-03-18 17:37:37,333 36580 INFO odoo odoo.modules.registry: Registry changed, signaling through the database 
2025-03-18 17:37:37,334 36580 INFO odoo odoo.modules.registry: Registry loaded in 2.963s 
2025-03-18 17:37:37,336 36580 DEBUG odoo odoo.service.server: cron0 started! 
2025-03-18 17:37:37,336 36580 INFO odoo odoo.addons.base.models.ir_http: Generating routing map for key None 
2025-03-18 17:37:37,341 36580 DEBUG odoo odoo.service.server: cron1 started! 
2025-03-18 17:37:37,442 36580 INFO odoo werkzeug: 127.0.0.1 - - [18/Mar/2025 17:37:37] "GET /websocket?version=18.0-3 HTTP/1.1" 101 - 6 0.009 2.930
2025-03-18 17:37:37,818 36580 INFO ? odoo.addons.bus.models.bus: Bus.loop listen imbus on db postgres 
2025-03-18 17:37:39,479 36580 ERROR odoo odoo.addons.base.models.ir_model: Missing model nursery.plant 
2025-03-18 17:37:39,480 36580 ERROR odoo odoo.addons.base.models.ir_model: Missing model nursery.customer 
2025-03-18 17:37:39,480 36580 ERROR odoo odoo.addons.base.models.ir_model: Missing model nursery.order 
2025-03-18 17:37:40,294 36580 INFO odoo werkzeug: 127.0.0.1 - - [18/Mar/2025 17:37:40] "GET /odoo/apps HTTP/1.1" 200 - 86 0.059 0.781
2025-03-18 17:37:40,547 36580 DEBUG ? odoo.modules.module: module __init__.py: no manifest file found ('__manifest__.py', '__openerp__.py') 
2025-03-18 17:37:40,551 36580 DEBUG ? odoo.modules.module: module __pycache__: no manifest file found ('__manifest__.py', '__openerp__.py') 
2025-03-18 17:37:40,577 36580 INFO odoo werkzeug: 127.0.0.1 - - [18/Mar/2025 17:37:40] "GET /web/image?model=res.users&field=avatar_128&id=2 HTTP/1.1" 304 - 13 0.007 0.035
2025-03-18 17:37:40,615 36580 DEBUG ? odoo.modules.module: module website_twitter: no manifest file found ('__manifest__.py', '__openerp__.py') 
2025-03-18 17:37:40,652 36580 INFO odoo werkzeug: 127.0.0.1 - - [18/Mar/2025 17:37:40] "POST /web/action/load HTTP/1.1" 200 - 12 0.012 0.103
2025-03-18 17:37:40,926 36580 INFO odoo werkzeug: 127.0.0.1 - - [18/Mar/2025 17:37:40] "POST /mail/data HTTP/1.1" 200 - 34 0.025 0.050
2025-03-18 17:37:40,953 36580 DEBUG odoo odoo.api: call ir.module.module().get_views(options={'action_id': 39, 'embedded_action_id': False, 'embedded_parent_res_id': False, 'load_filters': True, 'toolbar': True}, views=[[False, 'kanban'], [False, 'list'], [False, 'form'], [95, 'search']]) 
2025-03-18 17:37:41,062 36580 INFO odoo werkzeug: 127.0.0.1 - - [18/Mar/2025 17:37:41] "GET /web/manifest.webmanifest HTTP/1.1" 200 - 9 0.027 0.072
2025-03-18 17:37:41,080 36580 INFO odoo werkzeug: 127.0.0.1 - - [18/Mar/2025 17:37:41] "POST /web/dataset/call_kw/ir.module.module/get_views HTTP/1.1" 200 - 57 0.043 0.086
2025-03-18 17:37:41,404 36580 DEBUG odoo odoo.api: call ir.module.module().search_panel_select_range('module_type', category_domain=[], enable_counters=False, expand=True, filter_domain=[], hierarchize=True, limit=200, search_domain=[['application', '=', True]]) 
2025-03-18 17:37:41,463 36580 INFO odoo werkzeug: 127.0.0.1 - - [18/Mar/2025 17:37:41] "POST /web/dataset/call_kw/ir.module.module/search_panel_select_range HTTP/1.1" 200 - 1 0.001 0.070
2025-03-18 17:37:41,466 36580 DEBUG odoo odoo.api: call ir.module.module().search_panel_select_range('category_id', category_domain=[], enable_counters=True, expand=False, filter_domain=[], hierarchize=True, limit=200, search_domain=[['application', '=', True]]) 
2025-03-18 17:37:41,471 36580 DEBUG odoo odoo.api: call ir.module.module().web_search_read(count_limit=10001, domain=[['application', '=', True]], limit=80, offset=0, order='', specification={'to_buy': {}, 'name': {}, 'state': {}, 'summary': {}, 'website': {}, 'application': {}, 'module_type': {}, 'icon': {}, 'icon_flag': {}, 'shortdesc': {}}) 
2025-03-18 17:37:41,487 36580 DEBUG odoo odoo.modules.module: module mrp_workorder: no manifest file found ('__manifest__.py', '__openerp__.py') 
2025-03-18 17:37:41,493 36580 DEBUG odoo odoo.modules.module: module accountant: no manifest file found ('__manifest__.py', '__openerp__.py') 
2025-03-18 17:37:41,496 36580 DEBUG odoo odoo.modules.module: module knowledge: no manifest file found ('__manifest__.py', '__openerp__.py') 
2025-03-18 17:37:41,505 36580 DEBUG odoo odoo.modules.module: module timesheet_grid: no manifest file found ('__manifest__.py', '__openerp__.py') 
2025-03-18 17:37:41,509 36580 DEBUG odoo odoo.modules.module: module web_studio: no manifest file found ('__manifest__.py', '__openerp__.py') 
2025-03-18 17:37:41,515 36580 DEBUG odoo odoo.modules.module: module industry_fsm: no manifest file found ('__manifest__.py', '__openerp__.py') 
2025-03-18 17:37:41,526 36580 DEBUG odoo odoo.modules.module: module nursery: no manifest file found ('__manifest__.py', '__openerp__.py') 
2025-03-18 17:37:41,527 36580 INFO odoo werkzeug: 127.0.0.1 - - [18/Mar/2025 17:37:41] "POST /web/dataset/call_kw/ir.module.module/search_panel_select_range HTTP/1.1" 200 - 57 0.037 0.095
2025-03-18 17:37:41,532 36580 DEBUG odoo odoo.modules.module: module sign: no manifest file found ('__manifest__.py', '__openerp__.py') 
2025-03-18 17:37:41,533 36580 DEBUG odoo odoo.modules.module: module helpdesk: no manifest file found ('__manifest__.py', '__openerp__.py') 
2025-03-18 17:37:41,535 36580 DEBUG odoo odoo.modules.module: module sale_subscription: no manifest file found ('__manifest__.py', '__openerp__.py') 
2025-03-18 17:37:41,536 36580 DEBUG odoo odoo.modules.module: module quality_control: no manifest file found ('__manifest__.py', '__openerp__.py') 
2025-03-18 17:37:41,537 36580 DEBUG odoo odoo.modules.module: module planning: no manifest file found ('__manifest__.py', '__openerp__.py') 
2025-03-18 17:37:41,540 36580 DEBUG odoo odoo.modules.module: module mrp_plm: no manifest file found ('__manifest__.py', '__openerp__.py') 
2025-03-18 17:37:41,541 36580 DEBUG odoo odoo.modules.module: module social: no manifest file found ('__manifest__.py', '__openerp__.py') 
2025-03-18 17:37:41,542 36580 DEBUG odoo odoo.modules.module: module hr_appraisal: no manifest file found ('__manifest__.py', '__openerp__.py') 
2025-03-18 17:37:41,544 36580 DEBUG odoo odoo.modules.module: module marketing_automation: no manifest file found ('__manifest__.py', '__openerp__.py') 
2025-03-18 17:37:41,546 36580 DEBUG odoo odoo.modules.module: module appointment: no manifest file found ('__manifest__.py', '__openerp__.py') 
2025-03-18 17:37:41,547 36580 DEBUG odoo odoo.modules.module: module web_mobile: no manifest file found ('__manifest__.py', '__openerp__.py') 
2025-03-18 17:37:41,550 36580 DEBUG odoo odoo.modules.module: module stock_barcode: no manifest file found ('__manifest__.py', '__openerp__.py') 
2025-03-18 17:37:41,552 36580 DEBUG odoo odoo.modules.module: module voip: no manifest file found ('__manifest__.py', '__openerp__.py') 
2025-03-18 17:37:41,556 36580 DEBUG odoo odoo.modules.module: module sale_amazon: no manifest file found ('__manifest__.py', '__openerp__.py') 
2025-03-18 17:37:41,565 36580 INFO odoo werkzeug: 127.0.0.1 - - [18/Mar/2025 17:37:41] "POST /web/dataset/call_kw/ir.module.module/web_search_read HTTP/1.1" 200 - 4 0.010 0.156
2025-03-18 17:37:43,351 36580 INFO odoo werkzeug: 127.0.0.1 - - [18/Mar/2025 17:37:43] "GET /web/service-worker.js HTTP/1.1" 200 - 1 0.001 0.004
2025-03-18 17:37:44,435 36580 INFO odoo werkzeug: 127.0.0.1 - - [18/Mar/2025 17:37:44] "POST /web/action/load HTTP/1.1" 200 - 10 0.005 0.021
2025-03-18 17:37:44,687 36580 DEBUG odoo odoo.api: call ir.module.module().search_panel_select_range('module_type', category_domain=[], enable_counters=False, expand=True, filter_domain=[], hierarchize=True, limit=200, search_domain=[['application', '=', True]]) 
2025-03-18 17:37:44,688 36580 INFO odoo werkzeug: 127.0.0.1 - - [18/Mar/2025 17:37:44] "POST /web/dataset/call_kw/ir.module.module/search_panel_select_range HTTP/1.1" 200 - 1 0.000 0.004
2025-03-18 17:37:44,764 36580 DEBUG odoo odoo.api: call ir.module.module().search_panel_select_range('category_id', category_domain=[], enable_counters=True, expand=False, filter_domain=[], hierarchize=True, limit=200, search_domain=[['application', '=', True]]) 
2025-03-18 17:37:44,765 36580 DEBUG odoo odoo.api: call ir.module.module().web_search_read(count_limit=10001, domain=[['application', '=', True]], limit=80, offset=0, order='', specification={'to_buy': {}, 'name': {}, 'state': {}, 'summary': {}, 'website': {}, 'application': {}, 'module_type': {}, 'icon': {}, 'icon_flag': {}, 'shortdesc': {}}) 
2025-03-18 17:37:44,820 36580 INFO odoo werkzeug: 127.0.0.1 - - [18/Mar/2025 17:37:44] "POST /web/dataset/call_kw/ir.module.module/search_panel_select_range HTTP/1.1" 200 - 54 0.032 0.032
2025-03-18 17:37:44,851 36580 INFO odoo werkzeug: 127.0.0.1 - - [18/Mar/2025 17:37:44] "POST /web/dataset/call_kw/ir.module.module/web_search_read HTTP/1.1" 200 - 3 0.002 0.089
2025-03-18 17:37:47,665 36580 DEBUG odoo odoo.api: call ir.module.module().search_panel_select_range('category_id', category_domain=[], enable_counters=True, expand=False, filter_domain=[], hierarchize=True, limit=200, search_domain=[]) 
2025-03-18 17:37:47,712 36580 INFO odoo werkzeug: 127.0.0.1 - - [18/Mar/2025 17:37:47] "POST /web/dataset/call_kw/ir.module.module/search_panel_select_range HTTP/1.1" 200 - 54 0.018 0.032
2025-03-18 17:37:47,972 36580 DEBUG odoo odoo.api: call ir.module.module().web_search_read(count_limit=10001, domain=[], limit=80, offset=0, order='', specification={'to_buy': {}, 'name': {}, 'state': {}, 'summary': {}, 'website': {}, 'application': {}, 'module_type': {}, 'icon': {}, 'icon_flag': {}, 'shortdesc': {}}) 
2025-03-18 17:37:48,021 36580 INFO odoo werkzeug: 127.0.0.1 - - [18/Mar/2025 17:37:48] "POST /web/dataset/call_kw/ir.module.module/web_search_read HTTP/1.1" 200 - 4 0.008 0.044
2025-03-18 17:37:53,536 36580 DEBUG odoo odoo.api: call ir.module.module().search_panel_select_range('category_id', category_domain=[], enable_counters=True, expand=False, filter_domain=[], hierarchize=True, limit=200, search_domain=['|', '|', ['summary', 'ilike', 'Plant Nursery'], ['shortdesc', 'ilike', 'Plant Nursery'], ['name', 'ilike', 'Plant Nursery']]) 
2025-03-18 17:37:53,632 36580 INFO odoo werkzeug: 127.0.0.1 - - [18/Mar/2025 17:37:53] "POST /web/dataset/call_kw/ir.module.module/search_panel_select_range HTTP/1.1" 200 - 54 0.070 0.033
2025-03-18 17:37:53,777 36580 DEBUG odoo odoo.api: call ir.module.module().web_search_read(count_limit=10001, domain=['|', '|', ['summary', 'ilike', 'Plant Nursery'], ['shortdesc', 'ilike', 'Plant Nursery'], ['name', 'ilike', 'Plant Nursery']], limit=80, offset=0, order='', specification={'to_buy': {}, 'name': {}, 'state': {}, 'summary': {}, 'website': {}, 'application': {}, 'module_type': {}, 'icon': {}, 'icon_flag': {}, 'shortdesc': {}}) 
2025-03-18 17:37:53,799 36580 INFO odoo werkzeug: 127.0.0.1 - - [18/Mar/2025 17:37:53] "POST /web/dataset/call_kw/ir.module.module/web_search_read HTTP/1.1" 200 - 3 0.009 0.018
2025-03-18 17:37:56,033 36580 DEBUG odoo odoo.api: call ir.module.module(633,).button_immediate_install() 
2025-03-18 17:37:56,044 36580 INFO odoo odoo.addons.base.models.ir_module: ALLOW access to module.button_immediate_install on ['Plant Nursery1'] to user admin #2 via 127.0.0.1 
2025-03-18 17:37:56,044 36580 INFO odoo odoo.addons.base.models.ir_module: User #2 triggered module installation 
2025-03-18 17:37:56,046 36580 INFO odoo odoo.addons.base.models.ir_module: ALLOW access to module.button_install on ['Plant Nursery1'] to user admin #2 via 127.0.0.1 
2025-03-18 17:37:56,144 36580 DEBUG odoo odoo.modules.registry: Multiprocess load registry signaling: [Registry: 68] [Cache default: 2] [Cache assets: 1] [Cache templates: 1] [Cache routing: 1] [Cache groups: 1] 
2025-03-18 17:37:56,159 36580 INFO odoo odoo.modules.loading: loading 1 modules... 
2025-03-18 17:37:56,159 36580 DEBUG odoo odoo.modules.loading: Loading module base (1/1) 
2025-03-18 17:37:56,164 36580 DEBUG odoo odoo.modules.loading: Module base loaded in 0.01s, 0 queries 
2025-03-18 17:37:56,164 36580 INFO odoo odoo.modules.loading: 1 modules loaded in 0.01s, 0 queries (+0 extra) 
2025-03-18 17:37:56,228 36580 INFO odoo odoo.modules.loading: updating modules list 
2025-03-18 17:37:56,235 36580 INFO odoo odoo.addons.base.models.ir_module: ALLOW access to module.update_list on [] to user __system__ #1 via 127.0.0.1 
2025-03-18 17:37:57,254 36580 WARNING odoo odoo.modules.graph: module plant_nursery: not installable, skipped 
2025-03-18 17:37:57,262 36580 DEBUG odoo odoo.modules.loading: Updating graph with 36 more modules 
2025-03-18 17:37:57,262 36580 INFO odoo odoo.modules.loading: loading 36 modules... 
2025-03-18 17:37:57,262 36580 DEBUG odoo odoo.modules.loading: Loading module estate (2/36) 
2025-03-18 17:37:57,262 36580 DEBUG odoo odoo.modules.loading: Module estate loaded in 0.00s, 0 queries 
2025-03-18 17:37:57,262 36580 DEBUG odoo odoo.modules.loading: Loading module web (3/36) 
2025-03-18 17:37:57,263 36580 DEBUG odoo odoo.modules.loading: Module web loaded in 0.00s, 0 queries 
2025-03-18 17:37:57,263 36580 DEBUG odoo odoo.modules.loading: Loading module auth_totp (4/36) 
2025-03-18 17:37:57,263 36580 DEBUG odoo odoo.modules.loading: Module auth_totp loaded in 0.00s, 0 queries 
2025-03-18 17:37:57,264 36580 DEBUG odoo odoo.modules.loading: Loading module base_import (5/36) 
2025-03-18 17:37:57,264 36580 DEBUG odoo odoo.modules.loading: Module base_import loaded in 0.00s, 0 queries 
2025-03-18 17:37:57,265 36580 DEBUG odoo odoo.modules.loading: Loading module base_import_module (6/36) 
2025-03-18 17:37:57,265 36580 DEBUG odoo odoo.modules.loading: Module base_import_module loaded in 0.00s, 0 queries 
2025-03-18 17:37:57,265 36580 DEBUG odoo odoo.modules.loading: Loading module base_setup (7/36) 
2025-03-18 17:37:57,265 36580 DEBUG odoo odoo.modules.loading: Module base_setup loaded in 0.00s, 0 queries 
2025-03-18 17:37:57,265 36580 DEBUG odoo odoo.modules.loading: Loading module bus (8/36) 
2025-03-18 17:37:57,265 36580 DEBUG odoo odoo.modules.loading: Module bus loaded in 0.00s, 0 queries 
2025-03-18 17:37:57,265 36580 DEBUG odoo odoo.modules.loading: Loading module http_routing (9/36) 
2025-03-18 17:37:57,266 36580 DEBUG odoo odoo.modules.loading: Module http_routing loaded in 0.00s, 0 queries 
2025-03-18 17:37:57,266 36580 DEBUG odoo odoo.modules.loading: Loading module resource (10/36) 
2025-03-18 17:37:57,266 36580 DEBUG odoo odoo.modules.loading: Module resource loaded in 0.00s, 0 queries 
2025-03-18 17:37:57,266 36580 DEBUG odoo odoo.modules.loading: Loading module web_hierarchy (11/36) 
2025-03-18 17:37:57,267 36580 DEBUG odoo odoo.modules.loading: Module web_hierarchy loaded in 0.00s, 0 queries 
2025-03-18 17:37:57,267 36580 DEBUG odoo odoo.modules.loading: Loading module web_tour (12/36) 
2025-03-18 17:37:57,267 36580 DEBUG odoo odoo.modules.loading: Module web_tour loaded in 0.00s, 0 queries 
2025-03-18 17:37:57,267 36580 DEBUG odoo odoo.modules.loading: Loading module html_editor (13/36) 
2025-03-18 17:37:57,268 36580 DEBUG odoo odoo.modules.loading: Module html_editor loaded in 0.00s, 0 queries 
2025-03-18 17:37:57,268 36580 DEBUG odoo odoo.modules.loading: Loading module iap (14/36) 
2025-03-18 17:37:57,268 36580 DEBUG odoo odoo.modules.loading: Module iap loaded in 0.00s, 0 queries 
2025-03-18 17:37:57,268 36580 DEBUG odoo odoo.modules.loading: Loading module mail (15/36) 
2025-03-18 17:37:57,271 36580 DEBUG odoo odoo.modules.loading: Module mail loaded in 0.00s, 0 queries 
2025-03-18 17:37:57,271 36580 DEBUG odoo odoo.modules.loading: Loading module web_editor (16/36) 
2025-03-18 17:37:57,274 36580 DEBUG odoo odoo.modules.loading: Module web_editor loaded in 0.00s, 0 queries 
2025-03-18 17:37:57,275 36580 DEBUG odoo odoo.modules.loading: Loading module auth_signup (17/36) 
2025-03-18 17:37:57,275 36580 DEBUG odoo odoo.modules.loading: Module auth_signup loaded in 0.00s, 0 queries 
2025-03-18 17:37:57,275 36580 DEBUG odoo odoo.modules.loading: Loading module auth_totp_mail (18/36) 
2025-03-18 17:37:57,275 36580 DEBUG odoo odoo.modules.loading: Module auth_totp_mail loaded in 0.00s, 0 queries 
2025-03-18 17:37:57,275 36580 DEBUG odoo odoo.modules.loading: Loading module base_install_request (19/36) 
2025-03-18 17:37:57,276 36580 DEBUG odoo odoo.modules.loading: Module base_install_request loaded in 0.00s, 0 queries 
2025-03-18 17:37:57,276 36580 DEBUG odoo odoo.modules.loading: Loading module google_gmail (20/36) 
2025-03-18 17:37:57,276 36580 DEBUG odoo odoo.modules.loading: Module google_gmail loaded in 0.00s, 0 queries 
2025-03-18 17:37:57,276 36580 DEBUG odoo odoo.modules.loading: Loading module iap_mail (21/36) 
2025-03-18 17:37:57,276 36580 DEBUG odoo odoo.modules.loading: Module iap_mail loaded in 0.00s, 0 queries 
2025-03-18 17:37:57,276 36580 DEBUG odoo odoo.modules.loading: Loading module mail_bot (22/36) 
2025-03-18 17:37:57,276 36580 DEBUG odoo odoo.modules.loading: Module mail_bot loaded in 0.00s, 0 queries 
2025-03-18 17:37:57,276 36580 DEBUG odoo odoo.modules.loading: Loading module phone_validation (23/36) 
2025-03-18 17:37:57,276 36580 DEBUG odoo odoo.modules.loading: Module phone_validation loaded in 0.00s, 0 queries 
2025-03-18 17:37:57,276 36580 DEBUG odoo odoo.modules.loading: Loading module privacy_lookup (24/36) 
2025-03-18 17:37:57,276 36580 DEBUG odoo odoo.modules.loading: Module privacy_lookup loaded in 0.00s, 0 queries 
2025-03-18 17:37:57,276 36580 DEBUG odoo odoo.modules.loading: Loading module resource_mail (25/36) 
2025-03-18 17:37:57,276 36580 DEBUG odoo odoo.modules.loading: Module resource_mail loaded in 0.00s, 0 queries 
2025-03-18 17:37:57,276 36580 DEBUG odoo odoo.modules.loading: Loading module web_unsplash (26/36) 
2025-03-18 17:37:57,276 36580 DEBUG odoo odoo.modules.loading: Module web_unsplash loaded in 0.00s, 0 queries 
2025-03-18 17:37:57,276 36580 DEBUG odoo odoo.modules.loading: Loading module partner_autocomplete (27/36) 
2025-03-18 17:37:57,276 36580 DEBUG odoo odoo.modules.loading: Module partner_autocomplete loaded in 0.00s, 0 queries 
2025-03-18 17:37:57,276 36580 DEBUG odoo odoo.modules.loading: Loading module portal (28/36) 
2025-03-18 17:37:57,276 36580 DEBUG odoo odoo.modules.loading: Module portal loaded in 0.00s, 0 queries 
2025-03-18 17:37:57,276 36580 DEBUG odoo odoo.modules.loading: Loading module sms (29/36) 
2025-03-18 17:37:57,276 36580 DEBUG odoo odoo.modules.loading: Module sms loaded in 0.00s, 0 queries 
2025-03-18 17:37:57,276 36580 DEBUG odoo odoo.modules.loading: Loading module snailmail (30/36) 
2025-03-18 17:37:57,282 36580 DEBUG odoo odoo.modules.loading: Module snailmail loaded in 0.01s, 0 queries 
2025-03-18 17:37:57,282 36580 DEBUG odoo odoo.modules.loading: Loading module auth_totp_portal (31/36) 
2025-03-18 17:37:57,282 36580 DEBUG odoo odoo.modules.loading: Module auth_totp_portal loaded in 0.00s, 0 queries 
2025-03-18 17:37:57,282 36580 DEBUG odoo odoo.modules.loading: Loading module digest (32/36) 
2025-03-18 17:37:57,282 36580 DEBUG odoo odoo.modules.loading: Module digest loaded in 0.00s, 0 queries 
2025-03-18 17:37:57,282 36580 DEBUG odoo odoo.modules.loading: Loading module hr (33/36) 
2025-03-18 17:37:57,286 36580 DEBUG odoo odoo.modules.loading: Module hr loaded in 0.00s, 0 queries 
2025-03-18 17:37:57,286 36580 DEBUG odoo odoo.modules.loading: Loading module hr_org_chart (34/36) 
2025-03-18 17:37:57,286 36580 DEBUG odoo odoo.modules.loading: Module hr_org_chart loaded in 0.00s, 0 queries 
2025-03-18 17:37:57,286 36580 DEBUG odoo odoo.modules.loading: Loading module hr_skills (35/36) 
2025-03-18 17:37:57,287 36580 DEBUG odoo odoo.modules.loading: Module hr_skills loaded in 0.00s, 0 queries 
2025-03-18 17:37:57,287 36580 DEBUG odoo odoo.modules.loading: Loading module mail_bot_hr (36/36) 
2025-03-18 17:37:57,287 36580 DEBUG odoo odoo.modules.loading: Module mail_bot_hr loaded in 0.00s, 0 queries 
2025-03-18 17:37:57,287 36580 INFO odoo odoo.modules.loading: 36 modules loaded in 0.02s, 0 queries (+0 extra) 
2025-03-18 17:37:57,287 36580 DEBUG odoo odoo.modules.loading: Updating graph with 1 more modules 
2025-03-18 17:37:57,287 36580 INFO odoo odoo.modules.loading: loading 37 modules... 
2025-03-18 17:37:57,287 36580 INFO odoo odoo.modules.loading: Loading module plant_nursery2 (10/37) 
2025-03-18 17:37:57,294 36580 WARNING odoo odoo.models: The model nursery.plant has no _description 
2025-03-18 17:37:57,294 36580 WARNING odoo odoo.models: The model nursery.customer has no _description 
2025-03-18 17:37:57,294 36580 WARNING odoo odoo.models: The model nursery.order has no _description 
2025-03-18 17:37:57,346 36580 DEBUG odoo odoo.models: Patching res.config.settings.report_footer with translate=True 
2025-03-18 17:37:57,370 36580 DEBUG odoo odoo.models: Patching base.document.layout.report_header with translate=True 
2025-03-18 17:37:57,370 36580 DEBUG odoo odoo.models: Patching base.document.layout.report_footer with translate=True 
2025-03-18 17:37:57,370 36580 DEBUG odoo odoo.models: Patching base.document.layout.company_details with translate=True 
2025-03-18 17:37:57,376 36580 DEBUG odoo odoo.models: Patching iap.account.description with translate=True 
2025-03-18 17:37:57,440 36580 INFO odoo odoo.modules.registry: module plant_nursery2: creating or updating database tables 
2025-03-18 17:37:57,594 36580 INFO odoo odoo.modules.loading: loading plant_nursery2/data/actions.xml 
2025-03-18 17:37:57,633 36580 DEBUG odoo odoo.modules.registry: Invalidating default model caches from create C:\odoo\odoo\odoo\addons\base\models\ir_ui_menu.py:166 
2025-03-18 17:37:57,679 36580 DEBUG odoo odoo.modules.registry: Invalidating default model caches from create C:\odoo\odoo\odoo\addons\base\models\ir_actions.py:352 
2025-03-18 17:37:57,685 36580 DEBUG odoo odoo.modules.registry: Invalidating default model caches from create C:\odoo\odoo\odoo\addons\base\models\ir_actions.py:108 
2025-03-18 17:37:57,687 36580 DEBUG odoo odoo.modules.registry: Invalidating default model caches from create C:\odoo\odoo\odoo\addons\base\models\ir_actions.py:352 
2025-03-18 17:37:57,690 36580 DEBUG odoo odoo.modules.registry: Invalidating default model caches from create C:\odoo\odoo\odoo\addons\base\models\ir_actions.py:108 
2025-03-18 17:37:57,692 36580 DEBUG odoo odoo.modules.registry: Invalidating default model caches from create C:\odoo\odoo\odoo\addons\base\models\ir_actions.py:352 
2025-03-18 17:37:57,693 36580 DEBUG odoo odoo.modules.registry: Invalidating default model caches from create C:\odoo\odoo\odoo\addons\base\models\ir_actions.py:108 
2025-03-18 17:37:57,693 36580 DEBUG odoo odoo.modules.registry: Invalidating default model caches from create C:\odoo\odoo\odoo\addons\base\models\ir_ui_menu.py:166 
2025-03-18 17:37:57,709 36580 DEBUG odoo odoo.modules.registry: Invalidating default model caches from create C:\odoo\odoo\odoo\addons\base\models\ir_ui_menu.py:166 
2025-03-18 17:37:57,713 36580 DEBUG odoo odoo.modules.registry: Invalidating default model caches from create C:\odoo\odoo\odoo\addons\base\models\ir_ui_menu.py:166 
2025-03-18 17:37:57,718 36580 INFO odoo odoo.modules.loading: loading plant_nursery2/data/plant_views.xml 
2025-03-18 17:37:57,734 36580 DEBUG odoo odoo.modules.registry: Invalidating templates model caches from create C:\odoo\odoo\odoo\addons\base\models\ir_ui_view.py:517 
2025-03-18 17:37:57,761 36580 INFO odoo odoo.modules.loading: loading plant_nursery2/data/order_views.xml 
2025-03-18 17:37:57,769 36580 DEBUG odoo odoo.modules.registry: Invalidating templates model caches from create C:\odoo\odoo\odoo\addons\base\models\ir_ui_view.py:517 
2025-03-18 17:37:57,801 36580 WARNING odoo odoo.modules.loading: The models ['nursery.plant', 'nursery.customer', 'nursery.order'] have no access rules in module plant_nursery2, consider adding some, like:
id,name,model_id:id,group_id:id,perm_read,perm_write,perm_create,perm_unlink
plant_nursery2.access_nursery_plant,access_nursery_plant,plant_nursery2.model_nursery_plant,base.group_user,1,0,0,0
plant_nursery2.access_nursery_customer,access_nursery_customer,plant_nursery2.model_nursery_customer,base.group_user,1,0,0,0
plant_nursery2.access_nursery_order,access_nursery_order,plant_nursery2.model_nursery_order,base.group_user,1,0,0,0 
2025-03-18 17:37:57,817 36580 INFO odoo odoo.modules.loading: Module plant_nursery2 loaded in 0.53s, 109 queries (+109 other) 
2025-03-18 17:37:57,818 36580 INFO odoo odoo.modules.loading: 37 modules loaded in 0.53s, 109 queries (+109 extra) 
2025-03-18 17:37:57,818 36580 WARNING odoo odoo.modules.graph: module plant_nursery: not installable, skipped 
2025-03-18 17:37:57,818 36580 DEBUG odoo odoo.modules.loading: Updating graph with 1 more modules 
2025-03-18 17:37:57,819 36580 INFO odoo odoo.modules.loading: loading 37 modules... 
2025-03-18 17:37:57,819 36580 INFO odoo odoo.modules.loading: 37 modules loaded in 0.00s, 0 queries (+0 extra) 
2025-03-18 17:37:58,114 36580 ERROR odoo odoo.modules.loading: Some modules are not loaded, some dependencies or manifest may be missing: ['plant_nursery'] 
2025-03-18 17:37:58,114 36580 DEBUG odoo odoo.models: column index is in the table auth_totp_device but not in the corresponding object auth_totp.device 
2025-03-18 17:37:58,114 36580 DEBUG odoo odoo.models: column key is in the table auth_totp_device but not in the corresponding object auth_totp.device 
2025-03-18 17:37:58,165 36580 DEBUG odoo odoo.models: column web is in the table ir_module_module but not in the corresponding object ir.module.module 
2025-03-18 17:37:58,221 36580 DEBUG odoo odoo.models: column password is in the table res_users but not in the corresponding object res.users 
2025-03-18 17:37:58,221 36580 DEBUG odoo odoo.models: column totp_secret is in the table res_users but not in the corresponding object res.users 
2025-03-18 17:37:58,222 36580 DEBUG odoo odoo.models: column index is in the table res_users_apikeys but not in the corresponding object res.users.apikeys 
2025-03-18 17:37:58,222 36580 DEBUG odoo odoo.models: column key is in the table res_users_apikeys but not in the corresponding object res.users.apikeys 
2025-03-18 17:37:58,275 36580 DEBUG odoo odoo.modules.registry: Invalidating templates model caches from write C:\odoo\odoo\odoo\addons\base\models\ir_ui_view.py:533 
2025-03-18 17:37:58,283 36580 DEBUG odoo odoo.modules.registry: Invalidating templates model caches from write C:\odoo\odoo\odoo\addons\base\models\ir_ui_view.py:533 
2025-03-18 17:37:58,870 36580 INFO odoo odoo.modules.loading: Modules loaded. 
2025-03-18 17:37:58,881 36580 INFO odoo odoo.modules.registry: Registry changed, signaling through the database 
2025-03-18 17:37:58,883 36580 INFO odoo odoo.modules.registry: Registry loaded in 2.752s 
2025-03-18 17:37:58,883 36580 INFO odoo odoo.addons.base.models.ir_module: getting next ir.actions.todo() 
2025-03-18 17:37:58,890 36580 INFO odoo werkzeug: 127.0.0.1 - - [18/Mar/2025 17:37:58] "POST /web/dataset/call_button/ir.module.module/button_immediate_install HTTP/1.1" 200 - 2471 1.422 1.441
2025-03-18 17:37:59,230 36580 INFO odoo odoo.addons.base.models.ir_http: Generating routing map for key None 
2025-03-18 17:37:59,460 36580 WARNING odoo odoo.modules.module: Missing `license` key in manifest for 'plant_nursery2', defaulting to LGPL-3 
2025-03-18 17:38:00,269 36580 INFO odoo werkzeug: 127.0.0.1 - - [18/Mar/2025 17:38:00] "GET /odoo HTTP/1.1" 200 - 91 0.045 1.000
2025-03-18 17:38:00,345 36580 INFO odoo werkzeug: 127.0.0.1 - - [18/Mar/2025 17:38:00] "GET /web/webclient/translations/175ef76a47d72cef014d387987d715908f482cae?lang=en_US HTTP/1.1" 200 - 1 0.001 0.006
2025-03-18 17:38:00,551 36580 INFO odoo werkzeug: 127.0.0.1 - - [18/Mar/2025 17:38:00] "GET /web/image?model=res.users&field=avatar_128&id=2 HTTP/1.1" 304 - 17 0.010 0.050
2025-03-18 17:38:00,846 36580 INFO odoo werkzeug: 127.0.0.1 - - [18/Mar/2025 17:38:00] "POST /web/action/load HTTP/1.1" 200 - 7 0.021 0.019
2025-03-18 17:38:00,988 36580 INFO odoo werkzeug: 127.0.0.1 - - [18/Mar/2025 17:38:00] "POST /mail/data HTTP/1.1" 200 - 34 0.091 0.089
2025-03-18 17:38:01,102 36580 INFO odoo werkzeug: 127.0.0.1 - - [18/Mar/2025 17:38:01] "POST /mail/data HTTP/1.1" 200 - 63 0.052 0.135
2025-03-18 17:38:01,236 36580 INFO odoo werkzeug: 127.0.0.1 - - [18/Mar/2025 17:38:01] "POST /mail/inbox/messages HTTP/1.1" 200 - 5 0.007 0.015
2025-03-18 17:38:01,501 36580 INFO odoo werkzeug: 127.0.0.1 - - [18/Mar/2025 17:38:01] "GET /web/manifest.webmanifest HTTP/1.1" 200 - 9 0.006 0.016
2025-03-18 17:38:03,040 36580 INFO odoo werkzeug: 127.0.0.1 - - [18/Mar/2025 17:38:03] "GET /web/service-worker.js HTTP/1.1" 200 - 1 0.001 0.008
2025-03-18 17:38:24,175 36580 INFO odoo werkzeug: 127.0.0.1 - - [18/Mar/2025 17:38:24] "POST /web/action/load HTTP/1.1" 200 - 10 0.002 0.018
2025-03-18 17:38:24,520 36580 DEBUG odoo odoo.api: call ir.module.module().get_views(options={'action_id': 39, 'embedded_action_id': False, 'embedded_parent_res_id': False, 'load_filters': True, 'toolbar': True}, views=[[False, 'kanban'], [False, 'list'], [False, 'form'], [95, 'search']]) 
2025-03-18 17:38:24,708 36580 INFO odoo werkzeug: 127.0.0.1 - - [18/Mar/2025 17:38:24] "POST /web/dataset/call_kw/ir.module.module/get_views HTTP/1.1" 200 - 56 0.030 0.165
2025-03-18 17:38:24,771 36580 DEBUG odoo odoo.api: call ir.module.module().search_panel_select_range('module_type', category_domain=[], enable_counters=False, expand=True, filter_domain=[], hierarchize=True, limit=200, search_domain=[['application', '=', True]]) 
2025-03-18 17:38:24,774 36580 INFO odoo werkzeug: 127.0.0.1 - - [18/Mar/2025 17:38:24] "POST /web/dataset/call_kw/ir.module.module/search_panel_select_range HTTP/1.1" 200 - 1 0.001 0.010
2025-03-18 17:38:25,036 36580 DEBUG odoo odoo.api: call ir.module.module().search_panel_select_range('category_id', category_domain=[], enable_counters=True, expand=False, filter_domain=[], hierarchize=True, limit=200, search_domain=[['application', '=', True]]) 
2025-03-18 17:38:25,040 36580 DEBUG odoo odoo.api: call ir.module.module().web_search_read(count_limit=10001, domain=[['application', '=', True]], limit=80, offset=0, order='', specification={'to_buy': {}, 'name': {}, 'state': {}, 'summary': {}, 'website': {}, 'application': {}, 'module_type': {}, 'icon': {}, 'icon_flag': {}, 'shortdesc': {}}) 
2025-03-18 17:38:25,122 36580 INFO odoo werkzeug: 127.0.0.1 - - [18/Mar/2025 17:38:25] "POST /web/dataset/call_kw/ir.module.module/search_panel_select_range HTTP/1.1" 200 - 56 0.038 0.060
2025-03-18 17:38:25,146 36580 INFO odoo werkzeug: 127.0.0.1 - - [18/Mar/2025 17:38:25] "POST /web/dataset/call_kw/ir.module.module/web_search_read HTTP/1.1" 200 - 4 0.011 0.106
2025-03-18 17:38:27,599 36580 DEBUG odoo odoo.api: call ir.module.module().search_panel_select_range('category_id', category_domain=[], enable_counters=True, expand=False, filter_domain=[], hierarchize=True, limit=200, search_domain=[]) 
2025-03-18 17:38:27,657 36580 INFO odoo werkzeug: 127.0.0.1 - - [18/Mar/2025 17:38:27] "POST /web/dataset/call_kw/ir.module.module/search_panel_select_range HTTP/1.1" 200 - 54 0.026 0.039
2025-03-18 17:38:27,910 36580 DEBUG odoo odoo.api: call ir.module.module().web_search_read(count_limit=10001, domain=[], limit=80, offset=0, order='', specification={'to_buy': {}, 'name': {}, 'state': {}, 'summary': {}, 'website': {}, 'application': {}, 'module_type': {}, 'icon': {}, 'icon_flag': {}, 'shortdesc': {}}) 
2025-03-18 17:38:27,974 36580 INFO odoo werkzeug: 127.0.0.1 - - [18/Mar/2025 17:38:27] "POST /web/dataset/call_kw/ir.module.module/web_search_read HTTP/1.1" 200 - 4 0.007 0.067
2025-03-18 17:38:30,903 36580 DEBUG odoo odoo.api: call ir.module.module().web_search_read(count_limit=10001, domain=[], limit=80, offset=0, order='', specification={'to_buy': {}, 'name': {}, 'state': {}, 'summary': {}, 'website': {}, 'application': {}, 'module_type': {}, 'icon': {}, 'icon_flag': {}, 'shortdesc': {}}) 
2025-03-18 17:38:30,939 36580 INFO odoo werkzeug: 127.0.0.1 - - [18/Mar/2025 17:38:30] "POST /web/dataset/call_kw/ir.module.module/web_search_read HTTP/1.1" 200 - 4 0.003 0.038
2025-03-18 17:38:37,389 36580 DEBUG ? odoo.service.server: cron0 polling for jobs 
2025-03-18 17:38:37,400 36580 DEBUG odoo odoo.addons.base.models.ir_cron: job 8 acquired 
2025-03-18 17:38:37,415 36580 DEBUG odoo odoo.addons.base.models.ir_cron: cron.object.execute('odoo', 1, '*', 'Notification: Notify scheduled messages', 128) 
2025-03-18 17:38:37,415 36580 INFO odoo odoo.addons.base.models.ir_cron: Job 'Notification: Notify scheduled messages' (8) starting 
2025-03-18 17:38:37,416 36580 INFO odoo odoo.addons.base.models.ir_cron: Job 'Notification: Notify scheduled messages' (8) done in 0.001s 
2025-03-18 17:38:37,416 36580 DEBUG odoo odoo.addons.base.models.ir_cron: Job 'Notification: Notify scheduled messages' (8) server action #128 with uid 1 executed in 0.001s 
2025-03-18 17:38:37,416 36580 INFO odoo odoo.addons.base.models.ir_cron: Job 'Notification: Notify scheduled messages' (8) processed 0 records, 0 records remaining 
2025-03-18 17:38:37,441 36580 INFO odoo odoo.addons.base.models.ir_cron: Job 'Notification: Notify scheduled messages' (8) completed 
2025-03-18 17:38:37,443 36580 DEBUG odoo odoo.addons.base.models.ir_cron: job 8 updated and released 
2025-03-18 17:38:37,444 36580 DEBUG odoo odoo.addons.base.models.ir_cron: job 14 acquired 
2025-03-18 17:38:37,449 36580 DEBUG odoo odoo.addons.base.models.ir_cron: cron.object.execute('odoo', 1, '*', 'SMS: SMS Queue Manager', 161) 
2025-03-18 17:38:37,449 36580 INFO odoo odoo.addons.base.models.ir_cron: Job 'SMS: SMS Queue Manager' (14) starting 
2025-03-18 17:38:37,455 36580 INFO odoo odoo.addons.base.models.ir_cron: Job 'SMS: SMS Queue Manager' (14) done in 0.006s 
2025-03-18 17:38:37,455 36580 DEBUG odoo odoo.addons.base.models.ir_cron: Job 'SMS: SMS Queue Manager' (14) server action #161 with uid 1 executed in 0.006s 
2025-03-18 17:38:37,456 36580 INFO odoo odoo.addons.base.models.ir_cron: Job 'SMS: SMS Queue Manager' (14) processed 0 records, 0 records remaining 
2025-03-18 17:38:37,456 36580 INFO odoo odoo.addons.base.models.ir_cron: Job 'SMS: SMS Queue Manager' (14) completed 
2025-03-18 17:38:37,456 36580 DEBUG odoo odoo.addons.base.models.ir_cron: job 14 updated and released 
2025-03-18 17:38:37,456 36580 DEBUG odoo odoo.addons.base.models.ir_cron: job 15 acquired 
2025-03-18 17:38:37,473 36580 DEBUG odoo odoo.addons.base.models.ir_cron: cron.object.execute('odoo', 1, '*', 'Snailmail: process letters queue', 171) 
2025-03-18 17:38:37,473 36580 INFO odoo odoo.addons.base.models.ir_cron: Job 'Snailmail: process letters queue' (15) starting 
2025-03-18 17:38:37,483 36580 INFO odoo odoo.addons.base.models.ir_cron: Job 'Snailmail: process letters queue' (15) done in 0.010s 
2025-03-18 17:38:37,483 36580 DEBUG odoo odoo.addons.base.models.ir_cron: Job 'Snailmail: process letters queue' (15) server action #171 with uid 1 executed in 0.010s 
2025-03-18 17:38:37,489 36580 INFO odoo odoo.addons.base.models.ir_cron: Job 'Snailmail: process letters queue' (15) processed 0 records, 0 records remaining 
2025-03-18 17:38:37,493 36580 INFO odoo odoo.addons.base.models.ir_cron: Job 'Snailmail: process letters queue' (15) completed 
2025-03-18 17:38:37,493 36580 DEBUG odoo odoo.addons.base.models.ir_cron: job 15 updated and released 
2025-03-18 17:38:37,508 36580 DEBUG odoo odoo.addons.base.models.ir_cron: job 3 acquired 
2025-03-18 17:38:37,516 36580 DEBUG odoo odoo.addons.base.models.ir_cron: cron.object.execute('odoo', 1, '*', 'Mail: Email Queue Manager', 123) 
2025-03-18 17:38:37,517 36580 INFO odoo odoo.addons.base.models.ir_cron: Job 'Mail: Email Queue Manager' (3) starting 
2025-03-18 17:38:37,528 36580 INFO odoo odoo.addons.base.models.ir_cron: Job 'Mail: Email Queue Manager' (3) done in 0.010s 
2025-03-18 17:38:37,528 36580 DEBUG odoo odoo.addons.base.models.ir_cron: Job 'Mail: Email Queue Manager' (3) server action #123 with uid 1 executed in 0.010s 
2025-03-18 17:38:37,528 36580 INFO odoo odoo.addons.base.models.ir_cron: Job 'Mail: Email Queue Manager' (3) processed 0 records, 0 records remaining 
2025-03-18 17:38:37,544 36580 INFO odoo odoo.addons.base.models.ir_cron: Job 'Mail: Email Queue Manager' (3) completed 
2025-03-18 17:38:37,544 36580 DEBUG odoo odoo.addons.base.models.ir_cron: job 3 updated and released 
2025-03-18 17:38:37,544 36580 DEBUG odoo odoo.addons.base.models.ir_cron: job 13 acquired 
2025-03-18 17:38:37,544 36580 DEBUG odoo odoo.addons.base.models.ir_cron: cron.object.execute('odoo', 1, '*', 'Partner Autocomplete: Sync with remote DB', 157) 
2025-03-18 17:38:37,544 36580 INFO odoo odoo.addons.base.models.ir_cron: Job 'Partner Autocomplete: Sync with remote DB' (13) starting 
2025-03-18 17:38:37,565 36580 INFO odoo odoo.addons.base.models.ir_cron: Job 'Partner Autocomplete: Sync with remote DB' (13) done in 0.021s 
2025-03-18 17:38:37,566 36580 DEBUG odoo odoo.addons.base.models.ir_cron: Job 'Partner Autocomplete: Sync with remote DB' (13) server action #157 with uid 1 executed in 0.021s 
2025-03-18 17:38:37,568 36580 INFO odoo odoo.addons.base.models.ir_cron: Job 'Partner Autocomplete: Sync with remote DB' (13) processed 0 records, 0 records remaining 
2025-03-18 17:38:37,574 36580 INFO odoo odoo.addons.base.models.ir_cron: Job 'Partner Autocomplete: Sync with remote DB' (13) completed 
2025-03-18 17:38:37,575 36580 DEBUG odoo odoo.addons.base.models.ir_cron: job 13 updated and released 
2025-03-18 17:38:38,442 36580 DEBUG ? odoo.service.server: cron1 polling for jobs 
2025-03-18 17:38:39,816 36580 DEBUG odoo odoo.api: call ir.module.module().search_panel_select_range('category_id', category_domain=[], enable_counters=True, expand=False, filter_domain=[], hierarchize=True, limit=200, search_domain=['|', '|', ['summary', 'ilike', 'Plant Nursery'], ['shortdesc', 'ilike', 'Plant Nursery'], ['name', 'ilike', 'Plant Nursery']]) 
2025-03-18 17:38:39,908 36580 INFO odoo werkzeug: 127.0.0.1 - - [18/Mar/2025 17:38:39] "POST /web/dataset/call_kw/ir.module.module/search_panel_select_range HTTP/1.1" 200 - 54 0.050 0.047
2025-03-18 17:38:40,230 36580 DEBUG odoo odoo.api: call ir.module.module().web_search_read(count_limit=10001, domain=['|', '|', ['summary', 'ilike', 'Plant Nursery'], ['shortdesc', 'ilike', 'Plant Nursery'], ['name', 'ilike', 'Plant Nursery']], limit=80, offset=0, order='', specification={'to_buy': {}, 'name': {}, 'state': {}, 'summary': {}, 'website': {}, 'application': {}, 'module_type': {}, 'icon': {}, 'icon_flag': {}, 'shortdesc': {}}) 
2025-03-18 17:38:40,241 36580 INFO odoo werkzeug: 127.0.0.1 - - [18/Mar/2025 17:38:40] "POST /web/dataset/call_kw/ir.module.module/web_search_read HTTP/1.1" 200 - 3 0.004 0.014
2025-03-18 17:39:16,303 36580 DEBUG odoo odoo.api: call ir.module.module(632,).button_uninstall_wizard() 
2025-03-18 17:39:16,310 36580 INFO odoo odoo.addons.base.models.ir_module: ALLOW access to module.button_uninstall_wizard on ['Plant Nursery1'] to user admin #2 via 127.0.0.1 
2025-03-18 17:39:16,314 36580 INFO odoo werkzeug: 127.0.0.1 - - [18/Mar/2025 17:39:16] "POST /web/dataset/call_button/ir.module.module/button_uninstall_wizard HTTP/1.1" 200 - 3 0.005 0.012
2025-03-18 17:39:16,644 36580 DEBUG odoo odoo.api: call base.module.uninstall().get_views(options={'action_id': False, 'embedded_action_id': False, 'embedded_parent_res_id': False, 'load_filters': False, 'toolbar': False}, views=[[False, 'form']]) 
2025-03-18 17:39:16,697 36580 INFO odoo werkzeug: 127.0.0.1 - - [18/Mar/2025 17:39:16] "POST /web/dataset/call_kw/base.module.uninstall/get_views HTTP/1.1" 200 - 15 0.013 0.048
2025-03-18 17:39:16,888 36580 DEBUG odoo odoo.api: call base.module.uninstall().onchange({}, [], {'show_all': {}, 'module_ids': {'fields': {'state': {}, 'icon': {}, 'shortdesc': {}, 'name': {}}, 'limit': 40, 'order': ''}, 'model_ids': {'fields': {'name': {}, 'count': {}}, 'limit': 40, 'order': ''}}) 
2025-03-18 17:39:16,918 36580 INFO odoo werkzeug: 127.0.0.1 - - [18/Mar/2025 17:39:16] "POST /web/dataset/call_kw/base.module.uninstall/onchange HTTP/1.1" 200 - 9 0.016 0.020
2025-03-18 17:39:19,005 36580 DEBUG odoo odoo.api: call base.module.uninstall().web_save({'show_all': False}, specification={'show_all': {}, 'module_ids': {'fields': {'state': {}, 'icon': {}, 'shortdesc': {}, 'name': {}}, 'limit': 40, 'order': ''}, 'model_ids': {'fields': {'name': {}, 'count': {}}, 'limit': 40, 'order': ''}}) 
2025-03-18 17:39:19,027 36580 INFO odoo werkzeug: 127.0.0.1 - - [18/Mar/2025 17:39:19] "POST /web/dataset/call_kw/base.module.uninstall/web_save HTTP/1.1" 200 - 11 0.004 0.021
2025-03-18 17:39:19,353 36580 DEBUG odoo odoo.api: call base.module.uninstall(3,).action_uninstall() 
2025-03-18 17:39:19,362 36580 INFO odoo odoo.addons.base.models.ir_module: ALLOW access to module.button_immediate_uninstall on ['Plant Nursery1'] to user admin #2 via 127.0.0.1 
2025-03-18 17:39:19,362 36580 INFO odoo odoo.addons.base.models.ir_module: User #2 triggered module uninstallation 
2025-03-18 17:39:19,362 36580 INFO odoo odoo.addons.base.models.ir_module: ALLOW access to module.button_uninstall on ['Plant Nursery1'] to user admin #2 via 127.0.0.1 
2025-03-18 17:39:19,381 36580 DEBUG odoo odoo.modules.registry: Multiprocess load registry signaling: [Registry: 69] [Cache default: 2] [Cache assets: 1] [Cache templates: 1] [Cache routing: 1] [Cache groups: 1] 
2025-03-18 17:39:19,384 36580 INFO odoo odoo.modules.loading: loading 1 modules... 
2025-03-18 17:39:19,384 36580 DEBUG odoo odoo.modules.loading: Loading module base (1/1) 
2025-03-18 17:39:19,390 36580 DEBUG odoo odoo.modules.loading: Module base loaded in 0.01s, 0 queries 
2025-03-18 17:39:19,391 36580 INFO odoo odoo.modules.loading: 1 modules loaded in 0.01s, 0 queries (+0 extra) 
2025-03-18 17:39:19,437 36580 INFO odoo odoo.modules.loading: updating modules list 
2025-03-18 17:39:19,441 36580 INFO odoo odoo.addons.base.models.ir_module: ALLOW access to module.update_list on [] to user __system__ #1 via 127.0.0.1 
2025-03-18 17:39:20,409 36580 WARNING odoo odoo.modules.graph: module plant_nursery: not installable, skipped 
2025-03-18 17:39:20,417 36580 DEBUG odoo odoo.modules.loading: Updating graph with 37 more modules 
2025-03-18 17:39:20,420 36580 INFO odoo odoo.modules.loading: loading 37 modules... 
2025-03-18 17:39:20,420 36580 DEBUG odoo odoo.modules.loading: Loading module estate (2/37) 
2025-03-18 17:39:20,420 36580 DEBUG odoo odoo.modules.loading: Module estate loaded in 0.00s, 0 queries 
2025-03-18 17:39:20,420 36580 DEBUG odoo odoo.modules.loading: Loading module web (3/37) 
2025-03-18 17:39:20,420 36580 DEBUG odoo odoo.modules.loading: Module web loaded in 0.00s, 0 queries 
2025-03-18 17:39:20,423 36580 DEBUG odoo odoo.modules.loading: Loading module auth_totp (4/37) 
2025-03-18 17:39:20,423 36580 DEBUG odoo odoo.modules.loading: Module auth_totp loaded in 0.00s, 0 queries 
2025-03-18 17:39:20,424 36580 DEBUG odoo odoo.modules.loading: Loading module base_import (5/37) 
2025-03-18 17:39:20,424 36580 DEBUG odoo odoo.modules.loading: Module base_import loaded in 0.00s, 0 queries 
2025-03-18 17:39:20,426 36580 DEBUG odoo odoo.modules.loading: Loading module base_import_module (6/37) 
2025-03-18 17:39:20,426 36580 DEBUG odoo odoo.modules.loading: Module base_import_module loaded in 0.00s, 0 queries 
2025-03-18 17:39:20,426 36580 DEBUG odoo odoo.modules.loading: Loading module base_setup (7/37) 
2025-03-18 17:39:20,426 36580 DEBUG odoo odoo.modules.loading: Module base_setup loaded in 0.00s, 0 queries 
2025-03-18 17:39:20,426 36580 DEBUG odoo odoo.modules.loading: Loading module bus (8/37) 
2025-03-18 17:39:20,426 36580 DEBUG odoo odoo.modules.loading: Module bus loaded in 0.00s, 0 queries 
2025-03-18 17:39:20,427 36580 DEBUG odoo odoo.modules.loading: Loading module http_routing (9/37) 
2025-03-18 17:39:20,427 36580 DEBUG odoo odoo.modules.loading: Module http_routing loaded in 0.00s, 0 queries 
2025-03-18 17:39:20,427 36580 DEBUG odoo odoo.modules.loading: Loading module plant_nursery2 (10/37) 
2025-03-18 17:39:20,427 36580 WARNING odoo odoo.models: The model nursery.plant has no _description 
2025-03-18 17:39:20,427 36580 WARNING odoo odoo.models: The model nursery.customer has no _description 
2025-03-18 17:39:20,427 36580 WARNING odoo odoo.models: The model nursery.order has no _description 
2025-03-18 17:39:20,427 36580 DEBUG odoo odoo.modules.loading: Module plant_nursery2 loaded in 0.00s, 0 queries 
2025-03-18 17:39:20,427 36580 DEBUG odoo odoo.modules.loading: Loading module resource (11/37) 
2025-03-18 17:39:20,428 36580 DEBUG odoo odoo.modules.loading: Module resource loaded in 0.00s, 0 queries 
2025-03-18 17:39:20,428 36580 DEBUG odoo odoo.modules.loading: Loading module web_hierarchy (12/37) 
2025-03-18 17:39:20,428 36580 WARNING odoo odoo.models: The model nursery.plant has no _description 
2025-03-18 17:39:20,428 36580 WARNING odoo odoo.models: The model nursery.customer has no _description 
2025-03-18 17:39:20,429 36580 WARNING odoo odoo.models: The model nursery.order has no _description 
2025-03-18 17:39:20,429 36580 DEBUG odoo odoo.modules.loading: Module web_hierarchy loaded in 0.00s, 0 queries 
2025-03-18 17:39:20,429 36580 DEBUG odoo odoo.modules.loading: Loading module web_tour (13/37) 
2025-03-18 17:39:20,429 36580 DEBUG odoo odoo.modules.loading: Module web_tour loaded in 0.00s, 0 queries 
2025-03-18 17:39:20,429 36580 DEBUG odoo odoo.modules.loading: Loading module html_editor (14/37) 
2025-03-18 17:39:20,429 36580 DEBUG odoo odoo.modules.loading: Module html_editor loaded in 0.00s, 0 queries 
2025-03-18 17:39:20,429 36580 DEBUG odoo odoo.modules.loading: Loading module iap (15/37) 
2025-03-18 17:39:20,429 36580 DEBUG odoo odoo.modules.loading: Module iap loaded in 0.00s, 0 queries 
2025-03-18 17:39:20,429 36580 DEBUG odoo odoo.modules.loading: Loading module mail (16/37) 
2025-03-18 17:39:20,431 36580 WARNING odoo odoo.models: The model nursery.plant has no _description 
2025-03-18 17:39:20,431 36580 WARNING odoo odoo.models: The model nursery.customer has no _description 
2025-03-18 17:39:20,431 36580 WARNING odoo odoo.models: The model nursery.order has no _description 
2025-03-18 17:39:20,434 36580 DEBUG odoo odoo.modules.loading: Module mail loaded in 0.00s, 0 queries 
2025-03-18 17:39:20,434 36580 DEBUG odoo odoo.modules.loading: Loading module web_editor (17/37) 
2025-03-18 17:39:20,435 36580 WARNING odoo odoo.models: The model nursery.plant has no _description 
2025-03-18 17:39:20,435 36580 WARNING odoo odoo.models: The model nursery.customer has no _description 
2025-03-18 17:39:20,435 36580 WARNING odoo odoo.models: The model nursery.order has no _description 
2025-03-18 17:39:20,436 36580 WARNING odoo odoo.models: The model nursery.plant has no _description 
2025-03-18 17:39:20,436 36580 WARNING odoo odoo.models: The model nursery.customer has no _description 
2025-03-18 17:39:20,436 36580 WARNING odoo odoo.models: The model nursery.order has no _description 
2025-03-18 17:39:20,437 36580 DEBUG odoo odoo.modules.loading: Module web_editor loaded in 0.00s, 0 queries 
2025-03-18 17:39:20,438 36580 DEBUG odoo odoo.modules.loading: Loading module auth_signup (18/37) 
2025-03-18 17:39:20,438 36580 DEBUG odoo odoo.modules.loading: Module auth_signup loaded in 0.00s, 0 queries 
2025-03-18 17:39:20,438 36580 DEBUG odoo odoo.modules.loading: Loading module auth_totp_mail (19/37) 
2025-03-18 17:39:20,438 36580 DEBUG odoo odoo.modules.loading: Module auth_totp_mail loaded in 0.00s, 0 queries 
2025-03-18 17:39:20,438 36580 DEBUG odoo odoo.modules.loading: Loading module base_install_request (20/37) 
2025-03-18 17:39:20,438 36580 DEBUG odoo odoo.modules.loading: Module base_install_request loaded in 0.00s, 0 queries 
2025-03-18 17:39:20,438 36580 DEBUG odoo odoo.modules.loading: Loading module google_gmail (21/37) 
2025-03-18 17:39:20,438 36580 DEBUG odoo odoo.modules.loading: Module google_gmail loaded in 0.00s, 0 queries 
2025-03-18 17:39:20,438 36580 DEBUG odoo odoo.modules.loading: Loading module iap_mail (22/37) 
2025-03-18 17:39:20,439 36580 DEBUG odoo odoo.modules.loading: Module iap_mail loaded in 0.00s, 0 queries 
2025-03-18 17:39:20,439 36580 DEBUG odoo odoo.modules.loading: Loading module mail_bot (23/37) 
2025-03-18 17:39:20,440 36580 DEBUG odoo odoo.modules.loading: Module mail_bot loaded in 0.00s, 0 queries 
2025-03-18 17:39:20,440 36580 DEBUG odoo odoo.modules.loading: Loading module phone_validation (24/37) 
2025-03-18 17:39:20,442 36580 WARNING odoo odoo.models: The model nursery.plant has no _description 
2025-03-18 17:39:20,442 36580 WARNING odoo odoo.models: The model nursery.customer has no _description 
2025-03-18 17:39:20,442 36580 WARNING odoo odoo.models: The model nursery.order has no _description 
2025-03-18 17:39:20,443 36580 DEBUG odoo odoo.modules.loading: Module phone_validation loaded in 0.00s, 0 queries 
2025-03-18 17:39:20,443 36580 DEBUG odoo odoo.modules.loading: Loading module privacy_lookup (25/37) 
2025-03-18 17:39:20,444 36580 DEBUG odoo odoo.modules.loading: Module privacy_lookup loaded in 0.00s, 0 queries 
2025-03-18 17:39:20,444 36580 DEBUG odoo odoo.modules.loading: Loading module resource_mail (26/37) 
2025-03-18 17:39:20,445 36580 DEBUG odoo odoo.modules.loading: Module resource_mail loaded in 0.00s, 0 queries 
2025-03-18 17:39:20,445 36580 DEBUG odoo odoo.modules.loading: Loading module web_unsplash (27/37) 
2025-03-18 17:39:20,445 36580 DEBUG odoo odoo.modules.loading: Module web_unsplash loaded in 0.00s, 0 queries 
2025-03-18 17:39:20,445 36580 DEBUG odoo odoo.modules.loading: Loading module partner_autocomplete (28/37) 
2025-03-18 17:39:20,446 36580 DEBUG odoo odoo.modules.loading: Module partner_autocomplete loaded in 0.00s, 0 queries 
2025-03-18 17:39:20,446 36580 DEBUG odoo odoo.modules.loading: Loading module portal (29/37) 
2025-03-18 17:39:20,447 36580 DEBUG odoo odoo.modules.loading: Module portal loaded in 0.00s, 0 queries 
2025-03-18 17:39:20,447 36580 DEBUG odoo odoo.modules.loading: Loading module sms (30/37) 
2025-03-18 17:39:20,449 36580 DEBUG odoo odoo.modules.loading: Module sms loaded in 0.00s, 0 queries 
2025-03-18 17:39:20,449 36580 DEBUG odoo odoo.modules.loading: Loading module snailmail (31/37) 
2025-03-18 17:39:20,450 36580 DEBUG odoo odoo.modules.loading: Module snailmail loaded in 0.00s, 0 queries 
2025-03-18 17:39:20,450 36580 DEBUG odoo odoo.modules.loading: Loading module auth_totp_portal (32/37) 
2025-03-18 17:39:20,450 36580 DEBUG odoo odoo.modules.loading: Module auth_totp_portal loaded in 0.00s, 0 queries 
2025-03-18 17:39:20,450 36580 DEBUG odoo odoo.modules.loading: Loading module digest (33/37) 
2025-03-18 17:39:20,451 36580 DEBUG odoo odoo.modules.loading: Module digest loaded in 0.00s, 0 queries 
2025-03-18 17:39:20,452 36580 DEBUG odoo odoo.modules.loading: Loading module hr (34/37) 
2025-03-18 17:39:20,454 36580 WARNING odoo odoo.models: The model nursery.plant has no _description 
2025-03-18 17:39:20,454 36580 WARNING odoo odoo.models: The model nursery.customer has no _description 
2025-03-18 17:39:20,454 36580 WARNING odoo odoo.models: The model nursery.order has no _description 
2025-03-18 17:39:20,455 36580 DEBUG odoo odoo.modules.loading: Module hr loaded in 0.00s, 0 queries 
2025-03-18 17:39:20,455 36580 DEBUG odoo odoo.modules.loading: Loading module hr_org_chart (35/37) 
2025-03-18 17:39:20,456 36580 DEBUG odoo odoo.modules.loading: Module hr_org_chart loaded in 0.00s, 0 queries 
2025-03-18 17:39:20,456 36580 DEBUG odoo odoo.modules.loading: Loading module hr_skills (36/37) 
2025-03-18 17:39:20,456 36580 DEBUG odoo odoo.modules.loading: Module hr_skills loaded in 0.00s, 0 queries 
2025-03-18 17:39:20,456 36580 DEBUG odoo odoo.modules.loading: Loading module mail_bot_hr (37/37) 
2025-03-18 17:39:20,456 36580 DEBUG odoo odoo.modules.loading: Module mail_bot_hr loaded in 0.00s, 0 queries 
2025-03-18 17:39:20,456 36580 INFO odoo odoo.modules.loading: 37 modules loaded in 0.04s, 0 queries (+0 extra) 
2025-03-18 17:39:20,776 36580 INFO odoo odoo.addons.base.models.ir_module: ALLOW access to module.module_uninstall on ['Plant Nursery1'] to user __system__ #1 via 127.0.0.1 
2025-03-18 17:39:20,781 36580 INFO odoo odoo.addons.base.models.ir_model: Deleting ir.ui.view(595, 594) 
2025-03-18 17:39:20,781 36580 DEBUG odoo odoo.modules.registry: Invalidating default model caches from unlink C:\odoo\odoo\odoo\addons\base\models\ir_model.py:2291 
2025-03-18 17:39:20,789 36580 DEBUG odoo odoo.modules.registry: Invalidating templates model caches from unlink C:\odoo\odoo\odoo\addons\base\models\ir_ui_view.py:556 
2025-03-18 17:39:20,806 36580 DEBUG odoo odoo.modules.registry: Invalidating default model caches from unlink C:\odoo\odoo\odoo\addons\base\models\ir_model.py:2291 
2025-03-18 17:39:20,812 36580 INFO odoo odoo.models.unlink: User #1 deleted ir.model.data records with IDs: [23850, 23849] 
2025-03-18 17:39:20,812 36580 INFO odoo odoo.models.unlink: User #1 deleted ir.ui.view records with IDs: [595, 594] 
2025-03-18 17:39:20,814 36580 INFO odoo odoo.addons.base.models.ir_model: Deleting ir.ui.menu(155, 154, 153) 
2025-03-18 17:39:20,814 36580 DEBUG odoo odoo.modules.registry: Invalidating default model caches from unlink C:\odoo\odoo\odoo\addons\base\models\ir_model.py:2291 
2025-03-18 17:39:20,815 36580 DEBUG odoo odoo.modules.registry: Invalidating default model caches from write C:\odoo\odoo\odoo\addons\base\models\ir_ui_menu.py:173 
2025-03-18 17:39:20,815 36580 DEBUG odoo odoo.modules.registry: Invalidating default model caches from unlink C:\odoo\odoo\odoo\addons\base\models\ir_ui_menu.py:198 
2025-03-18 17:39:20,821 36580 DEBUG odoo odoo.modules.registry: Invalidating default model caches from unlink C:\odoo\odoo\odoo\addons\base\models\ir_model.py:2291 
2025-03-18 17:39:20,823 36580 INFO odoo odoo.models.unlink: User #1 deleted ir.model.data records with IDs: [23847, 23848, 23846] 
2025-03-18 17:39:20,823 36580 INFO odoo odoo.models.unlink: User #1 deleted ir.ui.menu records with IDs: [155, 154, 153] 
2025-03-18 17:39:20,823 36580 INFO odoo odoo.addons.base.models.ir_model: Deleting ir.actions.act_window(214, 213, 212) 
2025-03-18 17:39:20,823 36580 DEBUG odoo odoo.modules.registry: Invalidating default model caches from unlink C:\odoo\odoo\odoo\addons\base\models\ir_model.py:2291 
2025-03-18 17:39:20,823 36580 DEBUG odoo odoo.modules.registry: Invalidating default model caches from unlink C:\odoo\odoo\odoo\addons\base\models\ir_actions.py:359 
2025-03-18 17:39:20,852 36580 DEBUG odoo odoo.modules.registry: Invalidating default model caches from unlink C:\odoo\odoo\odoo\addons\base\models\ir_model.py:2291 
2025-03-18 17:39:20,857 36580 INFO odoo odoo.models.unlink: User #1 deleted ir.model.data records with IDs: [23844, 23845, 23843] 
2025-03-18 17:39:20,857 36580 INFO odoo odoo.models.unlink: User #1 deleted ir.actions.act_window records with IDs: [214, 213, 212] 
2025-03-18 17:39:20,857 36580 DEBUG odoo odoo.modules.registry: Invalidating default model caches from unlink C:\odoo\odoo\odoo\addons\base\models\ir_actions.py:126 
2025-03-18 17:39:20,859 36580 INFO odoo odoo.addons.base.models.ir_model: Deleting ir.ui.menu(152,) 
2025-03-18 17:39:20,859 36580 DEBUG odoo odoo.modules.registry: Invalidating default model caches from unlink C:\odoo\odoo\odoo\addons\base\models\ir_model.py:2291 
2025-03-18 17:39:20,859 36580 DEBUG odoo odoo.modules.registry: Invalidating default model caches from write C:\odoo\odoo\odoo\addons\base\models\ir_ui_menu.py:173 
2025-03-18 17:39:20,859 36580 DEBUG odoo odoo.modules.registry: Invalidating default model caches from unlink C:\odoo\odoo\odoo\addons\base\models\ir_ui_menu.py:198 
2025-03-18 17:39:20,863 36580 DEBUG odoo odoo.modules.registry: Invalidating default model caches from unlink C:\odoo\odoo\odoo\addons\base\models\ir_model.py:2291 
2025-03-18 17:39:20,869 36580 INFO odoo odoo.models.unlink: User #1 deleted ir.model.data records with IDs: [23842] 
2025-03-18 17:39:20,869 36580 INFO odoo odoo.models.unlink: User #1 deleted ir.ui.menu records with IDs: [152] 
2025-03-18 17:39:20,869 36580 DEBUG odoo odoo.modules.registry: Invalidating templates model caches from unlink C:\odoo\odoo\odoo\addons\base\models\ir_ui_view.py:556 
2025-03-18 17:39:20,885 36580 INFO odoo odoo.addons.base.models.ir_model: ir.model.data could not be deleted ([]) 
2025-03-18 17:39:20,885 36580 DEBUG odoo odoo.modules.registry: Invalidating default model caches from unlink C:\odoo\odoo\odoo\addons\base\models\ir_model.py:2291 
2025-03-18 17:39:20,892 36580 INFO odoo odoo.models.unlink: User #1 deleted ir.model.data records with IDs: [23850, 23849, 23848, 23847, 23846, 23845, 23844, 23843, 23842, 23841, 23840, 23839, 23838, 23837, 23836, 23835, 23834, 23833, 23832, 23831, 23830, 23829, 23828, 23827, 23826, 23825, 23824, 23823, 23822, 23821, 23820, 23819, 23818, 23817, 23816, 23815, 23814, 23813, 23812, 23811, 23810, 23809, 23808, 23807, 23806] 
2025-03-18 17:39:20,897 36580 INFO odoo odoo.modules.loading: Reloading registry once more after uninstalling modules 
2025-03-18 17:39:20,913 36580 DEBUG odoo odoo.modules.registry: Multiprocess load registry signaling: [Registry: 69] [Cache default: 2] [Cache assets: 1] [Cache templates: 1] [Cache routing: 1] [Cache groups: 1] 
2025-03-18 17:39:20,921 36580 INFO odoo odoo.modules.loading: loading 1 modules... 
2025-03-18 17:39:20,921 36580 DEBUG odoo odoo.modules.loading: Loading module base (1/1) 
2025-03-18 17:39:20,925 36580 DEBUG odoo odoo.modules.loading: Module base loaded in 0.00s, 0 queries 
2025-03-18 17:39:20,925 36580 INFO odoo odoo.modules.loading: 1 modules loaded in 0.00s, 0 queries (+0 extra) 
2025-03-18 17:39:20,972 36580 INFO odoo odoo.modules.loading: updating modules list 
2025-03-18 17:39:20,977 36580 INFO odoo odoo.addons.base.models.ir_module: ALLOW access to module.update_list on [] to user __system__ #1 via 127.0.0.1 
2025-03-18 17:39:21,919 36580 DEBUG odoo odoo.modules.loading: Updating graph with 36 more modules 
2025-03-18 17:39:21,920 36580 INFO odoo odoo.modules.loading: loading 37 modules... 
2025-03-18 17:39:21,920 36580 DEBUG odoo odoo.modules.loading: Loading module estate (2/37) 
2025-03-18 17:39:21,920 36580 DEBUG odoo odoo.modules.loading: Module estate loaded in 0.00s, 0 queries 
2025-03-18 17:39:21,920 36580 DEBUG odoo odoo.modules.loading: Loading module web (3/37) 
2025-03-18 17:39:21,921 36580 DEBUG odoo odoo.modules.loading: Module web loaded in 0.00s, 0 queries 
2025-03-18 17:39:21,921 36580 DEBUG odoo odoo.modules.loading: Loading module auth_totp (4/37) 
2025-03-18 17:39:21,922 36580 DEBUG odoo odoo.modules.loading: Module auth_totp loaded in 0.00s, 0 queries 
2025-03-18 17:39:21,922 36580 DEBUG odoo odoo.modules.loading: Loading module base_import (5/37) 
2025-03-18 17:39:21,923 36580 DEBUG odoo odoo.modules.loading: Module base_import loaded in 0.00s, 0 queries 
2025-03-18 17:39:21,923 36580 DEBUG odoo odoo.modules.loading: Loading module base_import_module (6/37) 
2025-03-18 17:39:21,923 36580 DEBUG odoo odoo.modules.loading: Module base_import_module loaded in 0.00s, 0 queries 
2025-03-18 17:39:21,923 36580 DEBUG odoo odoo.modules.loading: Loading module base_setup (7/37) 
2025-03-18 17:39:21,923 36580 DEBUG odoo odoo.modules.loading: Module base_setup loaded in 0.00s, 0 queries 
2025-03-18 17:39:21,923 36580 DEBUG odoo odoo.modules.loading: Loading module bus (8/37) 
2025-03-18 17:39:21,924 36580 DEBUG odoo odoo.modules.loading: Module bus loaded in 0.00s, 0 queries 
2025-03-18 17:39:21,924 36580 DEBUG odoo odoo.modules.loading: Loading module http_routing (9/37) 
2025-03-18 17:39:21,924 36580 DEBUG odoo odoo.modules.loading: Module http_routing loaded in 0.00s, 0 queries 
2025-03-18 17:39:21,924 36580 DEBUG odoo odoo.modules.loading: Loading module plant_nursery2 (10/37) 
2025-03-18 17:39:21,924 36580 WARNING odoo odoo.models: The model nursery.plant has no _description 
2025-03-18 17:39:21,924 36580 WARNING odoo odoo.models: The model nursery.customer has no _description 
2025-03-18 17:39:21,924 36580 WARNING odoo odoo.models: The model nursery.order has no _description 
2025-03-18 17:39:21,925 36580 DEBUG odoo odoo.modules.loading: Module plant_nursery2 loaded in 0.00s, 0 queries 
2025-03-18 17:39:21,925 36580 DEBUG odoo odoo.modules.loading: Loading module resource (11/37) 
2025-03-18 17:39:21,925 36580 DEBUG odoo odoo.modules.loading: Module resource loaded in 0.00s, 0 queries 
2025-03-18 17:39:21,925 36580 DEBUG odoo odoo.modules.loading: Loading module web_hierarchy (12/37) 
2025-03-18 17:39:21,926 36580 WARNING odoo odoo.models: The model nursery.plant has no _description 
2025-03-18 17:39:21,926 36580 WARNING odoo odoo.models: The model nursery.customer has no _description 
2025-03-18 17:39:21,926 36580 WARNING odoo odoo.models: The model nursery.order has no _description 
2025-03-18 17:39:21,926 36580 DEBUG odoo odoo.modules.loading: Module web_hierarchy loaded in 0.00s, 0 queries 
2025-03-18 17:39:21,926 36580 DEBUG odoo odoo.modules.loading: Loading module web_tour (13/37) 
2025-03-18 17:39:21,927 36580 DEBUG odoo odoo.modules.loading: Module web_tour loaded in 0.00s, 0 queries 
2025-03-18 17:39:21,927 36580 DEBUG odoo odoo.modules.loading: Loading module html_editor (14/37) 
2025-03-18 17:39:21,927 36580 DEBUG odoo odoo.modules.loading: Module html_editor loaded in 0.00s, 0 queries 
2025-03-18 17:39:21,927 36580 DEBUG odoo odoo.modules.loading: Loading module iap (15/37) 
2025-03-18 17:39:21,927 36580 DEBUG odoo odoo.modules.loading: Module iap loaded in 0.00s, 0 queries 
2025-03-18 17:39:21,927 36580 DEBUG odoo odoo.modules.loading: Loading module mail (16/37) 
2025-03-18 17:39:21,928 36580 WARNING odoo odoo.models: The model nursery.plant has no _description 
2025-03-18 17:39:21,928 36580 WARNING odoo odoo.models: The model nursery.customer has no _description 
2025-03-18 17:39:21,928 36580 WARNING odoo odoo.models: The model nursery.order has no _description 
2025-03-18 17:39:21,931 36580 DEBUG odoo odoo.modules.loading: Module mail loaded in 0.00s, 0 queries 
2025-03-18 17:39:21,931 36580 DEBUG odoo odoo.modules.loading: Loading module web_editor (17/37) 
2025-03-18 17:39:21,932 36580 WARNING odoo odoo.models: The model nursery.plant has no _description 
2025-03-18 17:39:21,932 36580 WARNING odoo odoo.models: The model nursery.customer has no _description 
2025-03-18 17:39:21,932 36580 WARNING odoo odoo.models: The model nursery.order has no _description 
2025-03-18 17:39:21,932 36580 WARNING odoo odoo.models: The model nursery.plant has no _description 
2025-03-18 17:39:21,932 36580 WARNING odoo odoo.models: The model nursery.customer has no _description 
2025-03-18 17:39:21,932 36580 WARNING odoo odoo.models: The model nursery.order has no _description 
2025-03-18 17:39:21,932 36580 DEBUG odoo odoo.modules.loading: Module web_editor loaded in 0.00s, 0 queries 
2025-03-18 17:39:21,932 36580 DEBUG odoo odoo.modules.loading: Loading module auth_signup (18/37) 
2025-03-18 17:39:21,932 36580 DEBUG odoo odoo.modules.loading: Module auth_signup loaded in 0.00s, 0 queries 
2025-03-18 17:39:21,932 36580 DEBUG odoo odoo.modules.loading: Loading module auth_totp_mail (19/37) 
2025-03-18 17:39:21,932 36580 DEBUG odoo odoo.modules.loading: Module auth_totp_mail loaded in 0.00s, 0 queries 
2025-03-18 17:39:21,932 36580 DEBUG odoo odoo.modules.loading: Loading module base_install_request (20/37) 
2025-03-18 17:39:21,932 36580 DEBUG odoo odoo.modules.loading: Module base_install_request loaded in 0.00s, 0 queries 
2025-03-18 17:39:21,932 36580 DEBUG odoo odoo.modules.loading: Loading module google_gmail (21/37) 
2025-03-18 17:39:21,932 36580 DEBUG odoo odoo.modules.loading: Module google_gmail loaded in 0.00s, 0 queries 
2025-03-18 17:39:21,932 36580 DEBUG odoo odoo.modules.loading: Loading module iap_mail (22/37) 
2025-03-18 17:39:21,932 36580 DEBUG odoo odoo.modules.loading: Module iap_mail loaded in 0.00s, 0 queries 
2025-03-18 17:39:21,932 36580 DEBUG odoo odoo.modules.loading: Loading module mail_bot (23/37) 
2025-03-18 17:39:21,932 36580 DEBUG odoo odoo.modules.loading: Module mail_bot loaded in 0.00s, 0 queries 
2025-03-18 17:39:21,932 36580 DEBUG odoo odoo.modules.loading: Loading module phone_validation (24/37) 
2025-03-18 17:39:21,932 36580 WARNING odoo odoo.models: The model nursery.plant has no _description 
2025-03-18 17:39:21,932 36580 WARNING odoo odoo.models: The model nursery.customer has no _description 
2025-03-18 17:39:21,932 36580 WARNING odoo odoo.models: The model nursery.order has no _description 
2025-03-18 17:39:21,932 36580 DEBUG odoo odoo.modules.loading: Module phone_validation loaded in 0.00s, 0 queries 
2025-03-18 17:39:21,932 36580 DEBUG odoo odoo.modules.loading: Loading module privacy_lookup (25/37) 
2025-03-18 17:39:21,932 36580 DEBUG odoo odoo.modules.loading: Module privacy_lookup loaded in 0.00s, 0 queries 
2025-03-18 17:39:21,932 36580 DEBUG odoo odoo.modules.loading: Loading module resource_mail (26/37) 
2025-03-18 17:39:21,938 36580 DEBUG odoo odoo.modules.loading: Module resource_mail loaded in 0.01s, 0 queries 
2025-03-18 17:39:21,938 36580 DEBUG odoo odoo.modules.loading: Loading module web_unsplash (27/37) 
2025-03-18 17:39:21,938 36580 DEBUG odoo odoo.modules.loading: Module web_unsplash loaded in 0.00s, 0 queries 
2025-03-18 17:39:21,938 36580 DEBUG odoo odoo.modules.loading: Loading module partner_autocomplete (28/37) 
2025-03-18 17:39:21,938 36580 DEBUG odoo odoo.modules.loading: Module partner_autocomplete loaded in 0.00s, 0 queries 
2025-03-18 17:39:21,938 36580 DEBUG odoo odoo.modules.loading: Loading module portal (29/37) 
2025-03-18 17:39:21,938 36580 DEBUG odoo odoo.modules.loading: Module portal loaded in 0.00s, 0 queries 
2025-03-18 17:39:21,938 36580 DEBUG odoo odoo.modules.loading: Loading module sms (30/37) 
2025-03-18 17:39:21,938 36580 DEBUG odoo odoo.modules.loading: Module sms loaded in 0.00s, 0 queries 
2025-03-18 17:39:21,938 36580 DEBUG odoo odoo.modules.loading: Loading module snailmail (31/37) 
2025-03-18 17:39:21,938 36580 DEBUG odoo odoo.modules.loading: Module snailmail loaded in 0.00s, 0 queries 
2025-03-18 17:39:21,938 36580 DEBUG odoo odoo.modules.loading: Loading module auth_totp_portal (32/37) 
2025-03-18 17:39:21,938 36580 DEBUG odoo odoo.modules.loading: Module auth_totp_portal loaded in 0.00s, 0 queries 
2025-03-18 17:39:21,938 36580 DEBUG odoo odoo.modules.loading: Loading module digest (33/37) 
2025-03-18 17:39:21,938 36580 DEBUG odoo odoo.modules.loading: Module digest loaded in 0.00s, 0 queries 
2025-03-18 17:39:21,938 36580 DEBUG odoo odoo.modules.loading: Loading module hr (34/37) 
2025-03-18 17:39:21,938 36580 WARNING odoo odoo.models: The model nursery.plant has no _description 
2025-03-18 17:39:21,938 36580 WARNING odoo odoo.models: The model nursery.customer has no _description 
2025-03-18 17:39:21,938 36580 WARNING odoo odoo.models: The model nursery.order has no _description 
2025-03-18 17:39:21,938 36580 DEBUG odoo odoo.modules.loading: Module hr loaded in 0.00s, 0 queries 
2025-03-18 17:39:21,938 36580 DEBUG odoo odoo.modules.loading: Loading module hr_org_chart (35/37) 
2025-03-18 17:39:21,938 36580 DEBUG odoo odoo.modules.loading: Module hr_org_chart loaded in 0.00s, 0 queries 
2025-03-18 17:39:21,938 36580 DEBUG odoo odoo.modules.loading: Loading module hr_skills (36/37) 
2025-03-18 17:39:21,938 36580 DEBUG odoo odoo.modules.loading: Module hr_skills loaded in 0.00s, 0 queries 
2025-03-18 17:39:21,938 36580 DEBUG odoo odoo.modules.loading: Loading module mail_bot_hr (37/37) 
2025-03-18 17:39:21,938 36580 DEBUG odoo odoo.modules.loading: Module mail_bot_hr loaded in 0.00s, 0 queries 
2025-03-18 17:39:21,938 36580 INFO odoo odoo.modules.loading: 37 modules loaded in 0.02s, 0 queries (+0 extra) 
2025-03-18 17:39:22,340 36580 DEBUG odoo odoo.modules.registry: Invalidating templates model caches from write C:\odoo\odoo\odoo\addons\base\models\ir_ui_view.py:533 
2025-03-18 17:39:22,349 36580 DEBUG odoo odoo.modules.registry: Invalidating templates model caches from write C:\odoo\odoo\odoo\addons\base\models\ir_ui_view.py:533 
2025-03-18 17:39:23,082 36580 INFO odoo odoo.modules.loading: Modules loaded. 
2025-03-18 17:39:23,092 36580 INFO odoo odoo.modules.registry: Registry changed, signaling through the database 
2025-03-18 17:39:23,094 36580 INFO odoo odoo.modules.registry: Registry loaded in 2.197s 
2025-03-18 17:39:23,097 36580 INFO odoo odoo.modules.registry: Registry changed, signaling through the database 
2025-03-18 17:39:23,097 36580 INFO odoo odoo.modules.registry: Registry loaded in 3.720s 
2025-03-18 17:39:23,097 36580 INFO odoo odoo.addons.base.models.ir_module: getting next ir.actions.todo() 
2025-03-18 17:39:23,104 36580 INFO odoo werkzeug: 127.0.0.1 - - [18/Mar/2025 17:39:23] "POST /web/dataset/call_button/base.module.uninstall/action_uninstall HTTP/1.1" 200 - 3830 1.899 1.855
2025-03-18 17:39:23,134 36580 INFO odoo odoo.addons.base.models.ir_http: Generating routing map for key None 
2025-03-18 17:39:24,215 36580 INFO odoo werkzeug: 127.0.0.1 - - [18/Mar/2025 17:39:24] "GET /odoo HTTP/1.1" 200 - 91 0.038 1.046
2025-03-18 17:39:24,592 36580 INFO odoo werkzeug: 127.0.0.1 - - [18/Mar/2025 17:39:24] "POST /web/action/load HTTP/1.1" 200 - 7 0.002 0.020
2025-03-18 17:39:25,029 36580 INFO odoo werkzeug: 127.0.0.1 - - [18/Mar/2025 17:39:25] "POST /mail/data HTTP/1.1" 200 - 35 0.070 0.087
2025-03-18 17:39:25,098 36580 INFO odoo werkzeug: 127.0.0.1 - - [18/Mar/2025 17:39:25] "GET /web/image?model=res.users&field=avatar_128&id=2 HTTP/1.1" 304 - 16 0.057 0.070
2025-03-18 17:39:25,165 36580 INFO odoo werkzeug: 127.0.0.1 - - [18/Mar/2025 17:39:25] "POST /mail/data HTTP/1.1" 200 - 66 0.128 0.143
2025-03-18 17:39:25,439 36580 INFO odoo werkzeug: 127.0.0.1 - - [18/Mar/2025 17:39:25] "POST /mail/inbox/messages HTTP/1.1" 200 - 5 0.007 0.021
2025-03-18 17:39:25,575 36580 INFO odoo werkzeug: 127.0.0.1 - - [18/Mar/2025 17:39:25] "GET /web/manifest.webmanifest HTTP/1.1" 200 - 9 0.007 0.022
2025-03-18 17:39:27,133 36580 INFO odoo werkzeug: 127.0.0.1 - - [18/Mar/2025 17:39:27] "GET /web/service-worker.js HTTP/1.1" 200 - 1 0.000 0.007
2025-03-18 17:39:28,255 36580 INFO odoo werkzeug: 127.0.0.1 - - [18/Mar/2025 17:39:28] "POST /web/action/load HTTP/1.1" 200 - 10 0.005 0.033
2025-03-18 17:39:28,591 36580 DEBUG odoo odoo.api: call ir.module.module().get_views(options={'action_id': 39, 'embedded_action_id': False, 'embedded_parent_res_id': False, 'load_filters': True, 'toolbar': True}, views=[[False, 'kanban'], [False, 'list'], [False, 'form'], [95, 'search']]) 
2025-03-18 17:39:28,762 36580 INFO odoo werkzeug: 127.0.0.1 - - [18/Mar/2025 17:39:28] "POST /web/dataset/call_kw/ir.module.module/get_views HTTP/1.1" 200 - 56 0.023 0.155
2025-03-18 17:39:28,854 36580 DEBUG odoo odoo.api: call ir.module.module().search_panel_select_range('module_type', category_domain=[], enable_counters=False, expand=True, filter_domain=[], hierarchize=True, limit=200, search_domain=[['application', '=', True]]) 
2025-03-18 17:39:28,856 36580 INFO odoo werkzeug: 127.0.0.1 - - [18/Mar/2025 17:39:28] "POST /web/dataset/call_kw/ir.module.module/search_panel_select_range HTTP/1.1" 200 - 1 0.003 0.005
2025-03-18 17:39:29,090 36580 DEBUG odoo odoo.api: call ir.module.module().search_panel_select_range('category_id', category_domain=[], enable_counters=True, expand=False, filter_domain=[], hierarchize=True, limit=200, search_domain=[['application', '=', True]]) 
2025-03-18 17:39:29,098 36580 DEBUG odoo odoo.api: call ir.module.module().web_search_read(count_limit=10001, domain=[['application', '=', True]], limit=80, offset=0, order='', specification={'to_buy': {}, 'name': {}, 'state': {}, 'summary': {}, 'website': {}, 'application': {}, 'module_type': {}, 'icon': {}, 'icon_flag': {}, 'shortdesc': {}}) 
2025-03-18 17:39:29,154 36580 INFO odoo werkzeug: 127.0.0.1 - - [18/Mar/2025 17:39:29] "POST /web/dataset/call_kw/ir.module.module/search_panel_select_range HTTP/1.1" 200 - 56 0.045 0.026
2025-03-18 17:39:29,175 36580 INFO odoo werkzeug: 127.0.0.1 - - [18/Mar/2025 17:39:29] "POST /web/dataset/call_kw/ir.module.module/web_search_read HTTP/1.1" 200 - 4 0.002 0.090
2025-03-18 17:39:30,903 36580 DEBUG odoo odoo.api: call ir.module.module().search_panel_select_range('category_id', category_domain=[], enable_counters=True, expand=False, filter_domain=[], hierarchize=True, limit=200, search_domain=[]) 
2025-03-18 17:39:30,963 36580 INFO odoo werkzeug: 127.0.0.1 - - [18/Mar/2025 17:39:30] "POST /web/dataset/call_kw/ir.module.module/search_panel_select_range HTTP/1.1" 200 - 54 0.029 0.037
2025-03-18 17:39:31,218 36580 DEBUG odoo odoo.api: call ir.module.module().web_search_read(count_limit=10001, domain=[], limit=80, offset=0, order='', specification={'to_buy': {}, 'name': {}, 'state': {}, 'summary': {}, 'website': {}, 'application': {}, 'module_type': {}, 'icon': {}, 'icon_flag': {}, 'shortdesc': {}}) 
2025-03-18 17:39:31,259 36580 INFO odoo werkzeug: 127.0.0.1 - - [18/Mar/2025 17:39:31] "POST /web/dataset/call_kw/ir.module.module/web_search_read HTTP/1.1" 200 - 4 0.003 0.043
2025-03-18 17:39:37,583 36580 DEBUG ? odoo.service.server: cron0 polling for jobs 
2025-03-18 17:39:38,196 36580 DEBUG odoo odoo.api: call ir.module.module().search_panel_select_range('category_id', category_domain=[], enable_counters=True, expand=False, filter_domain=[], hierarchize=True, limit=200, search_domain=['|', '|', ['summary', 'ilike', 'Plant Nursery'], ['shortdesc', 'ilike', 'Plant Nursery'], ['name', 'ilike', 'Plant Nursery']]) 
2025-03-18 17:39:38,263 36580 INFO odoo werkzeug: 127.0.0.1 - - [18/Mar/2025 17:39:38] "POST /web/dataset/call_kw/ir.module.module/search_panel_select_range HTTP/1.1" 200 - 54 0.046 0.029
2025-03-18 17:39:38,451 36580 DEBUG odoo odoo.api: call ir.module.module().web_search_read(count_limit=10001, domain=['|', '|', ['summary', 'ilike', 'Plant Nursery'], ['shortdesc', 'ilike', 'Plant Nursery'], ['name', 'ilike', 'Plant Nursery']], limit=80, offset=0, order='', specification={'to_buy': {}, 'name': {}, 'state': {}, 'summary': {}, 'website': {}, 'application': {}, 'module_type': {}, 'icon': {}, 'icon_flag': {}, 'shortdesc': {}}) 
2025-03-18 17:39:38,473 36580 INFO odoo werkzeug: 127.0.0.1 - - [18/Mar/2025 17:39:38] "POST /web/dataset/call_kw/ir.module.module/web_search_read HTTP/1.1" 200 - 3 0.008 0.019
2025-03-18 17:39:39,464 36580 DEBUG ? odoo.service.server: cron1 polling for jobs 
2025-03-18 17:39:58,434 36580 DEBUG odoo odoo.api: call ir.module.module(633,).button_uninstall_wizard() 
2025-03-18 17:39:58,441 36580 INFO odoo odoo.addons.base.models.ir_module: ALLOW access to module.button_uninstall_wizard on ['Plant Nursery1'] to user admin #2 via 127.0.0.1 
2025-03-18 17:39:58,441 36580 INFO odoo werkzeug: 127.0.0.1 - - [18/Mar/2025 17:39:58] "POST /web/dataset/call_button/ir.module.module/button_uninstall_wizard HTTP/1.1" 200 - 3 0.000 0.010
2025-03-18 17:39:58,769 36580 DEBUG odoo odoo.api: call base.module.uninstall().get_views(options={'action_id': False, 'embedded_action_id': False, 'embedded_parent_res_id': False, 'load_filters': False, 'toolbar': False}, views=[[False, 'form']]) 
2025-03-18 17:39:58,808 36580 INFO odoo werkzeug: 127.0.0.1 - - [18/Mar/2025 17:39:58] "POST /web/dataset/call_kw/base.module.uninstall/get_views HTTP/1.1" 200 - 15 0.004 0.039
2025-03-18 17:39:59,022 36580 DEBUG odoo odoo.api: call base.module.uninstall().onchange({}, [], {'show_all': {}, 'module_ids': {'fields': {'state': {}, 'icon': {}, 'shortdesc': {}, 'name': {}}, 'limit': 40, 'order': ''}, 'model_ids': {'fields': {'name': {}, 'count': {}}, 'limit': 40, 'order': ''}}) 
2025-03-18 17:39:59,040 36580 INFO odoo werkzeug: 127.0.0.1 - - [18/Mar/2025 17:39:59] "POST /web/dataset/call_kw/base.module.uninstall/onchange HTTP/1.1" 200 - 9 0.008 0.014
2025-03-18 17:40:00,697 36580 DEBUG odoo odoo.api: call base.module.uninstall().web_save({'show_all': False}, specification={'show_all': {}, 'module_ids': {'fields': {'state': {}, 'icon': {}, 'shortdesc': {}, 'name': {}}, 'limit': 40, 'order': ''}, 'model_ids': {'fields': {'name': {}, 'count': {}}, 'limit': 40, 'order': ''}}) 
2025-03-18 17:40:00,733 36580 INFO odoo werkzeug: 127.0.0.1 - - [18/Mar/2025 17:40:00] "POST /web/dataset/call_kw/base.module.uninstall/web_save HTTP/1.1" 200 - 11 0.014 0.028
2025-03-18 17:40:01,061 36580 DEBUG odoo odoo.api: call base.module.uninstall(4,).action_uninstall() 
2025-03-18 17:40:01,066 36580 INFO odoo odoo.addons.base.models.ir_module: ALLOW access to module.button_immediate_uninstall on ['Plant Nursery1'] to user admin #2 via 127.0.0.1 
2025-03-18 17:40:01,066 36580 INFO odoo odoo.addons.base.models.ir_module: User #2 triggered module uninstallation 
2025-03-18 17:40:01,066 36580 INFO odoo odoo.addons.base.models.ir_module: ALLOW access to module.button_uninstall on ['Plant Nursery1'] to user admin #2 via 127.0.0.1 
2025-03-18 17:40:01,087 36580 DEBUG odoo odoo.modules.registry: Multiprocess load registry signaling: [Registry: 71] [Cache default: 2] [Cache assets: 1] [Cache templates: 1] [Cache routing: 1] [Cache groups: 1] 
2025-03-18 17:40:01,087 36580 INFO odoo odoo.modules.loading: loading 1 modules... 
2025-03-18 17:40:01,087 36580 DEBUG odoo odoo.modules.loading: Loading module base (1/1) 
2025-03-18 17:40:01,094 36580 DEBUG odoo odoo.modules.loading: Module base loaded in 0.01s, 0 queries 
2025-03-18 17:40:01,094 36580 INFO odoo odoo.modules.loading: 1 modules loaded in 0.01s, 0 queries (+0 extra) 
2025-03-18 17:40:01,142 36580 INFO odoo odoo.modules.loading: updating modules list 
2025-03-18 17:40:01,150 36580 INFO odoo odoo.addons.base.models.ir_module: ALLOW access to module.update_list on [] to user __system__ #1 via 127.0.0.1 
2025-03-18 17:40:01,855 36580 DEBUG odoo odoo.modules.loading: Updating graph with 36 more modules 
2025-03-18 17:40:01,855 36580 INFO odoo odoo.modules.loading: loading 37 modules... 
2025-03-18 17:40:01,855 36580 DEBUG odoo odoo.modules.loading: Loading module estate (2/37) 
2025-03-18 17:40:01,856 36580 DEBUG odoo odoo.modules.loading: Module estate loaded in 0.00s, 0 queries 
2025-03-18 17:40:01,857 36580 DEBUG odoo odoo.modules.loading: Loading module web (3/37) 
2025-03-18 17:40:01,858 36580 DEBUG odoo odoo.modules.loading: Module web loaded in 0.00s, 0 queries 
2025-03-18 17:40:01,859 36580 DEBUG odoo odoo.modules.loading: Loading module auth_totp (4/37) 
2025-03-18 17:40:01,859 36580 DEBUG odoo odoo.modules.loading: Module auth_totp loaded in 0.00s, 0 queries 
2025-03-18 17:40:01,859 36580 DEBUG odoo odoo.modules.loading: Loading module base_import (5/37) 
2025-03-18 17:40:01,861 36580 DEBUG odoo odoo.modules.loading: Module base_import loaded in 0.00s, 0 queries 
2025-03-18 17:40:01,861 36580 DEBUG odoo odoo.modules.loading: Loading module base_import_module (6/37) 
2025-03-18 17:40:01,862 36580 DEBUG odoo odoo.modules.loading: Module base_import_module loaded in 0.00s, 0 queries 
2025-03-18 17:40:01,862 36580 DEBUG odoo odoo.modules.loading: Loading module base_setup (7/37) 
2025-03-18 17:40:01,862 36580 DEBUG odoo odoo.modules.loading: Module base_setup loaded in 0.00s, 0 queries 
2025-03-18 17:40:01,862 36580 DEBUG odoo odoo.modules.loading: Loading module bus (8/37) 
2025-03-18 17:40:01,863 36580 DEBUG odoo odoo.modules.loading: Module bus loaded in 0.00s, 0 queries 
2025-03-18 17:40:01,863 36580 DEBUG odoo odoo.modules.loading: Loading module http_routing (9/37) 
2025-03-18 17:40:01,863 36580 DEBUG odoo odoo.modules.loading: Module http_routing loaded in 0.00s, 0 queries 
2025-03-18 17:40:01,864 36580 DEBUG odoo odoo.modules.loading: Loading module plant_nursery2 (10/37) 
2025-03-18 17:40:01,864 36580 WARNING odoo odoo.models: The model nursery.plant has no _description 
2025-03-18 17:40:01,864 36580 WARNING odoo odoo.models: The model nursery.customer has no _description 
2025-03-18 17:40:01,864 36580 WARNING odoo odoo.models: The model nursery.order has no _description 
2025-03-18 17:40:01,864 36580 DEBUG odoo odoo.modules.loading: Module plant_nursery2 loaded in 0.00s, 0 queries 
2025-03-18 17:40:01,864 36580 DEBUG odoo odoo.modules.loading: Loading module resource (11/37) 
2025-03-18 17:40:01,864 36580 DEBUG odoo odoo.modules.loading: Module resource loaded in 0.00s, 0 queries 
2025-03-18 17:40:01,864 36580 DEBUG odoo odoo.modules.loading: Loading module web_hierarchy (12/37) 
2025-03-18 17:40:01,867 36580 WARNING odoo odoo.models: The model nursery.plant has no _description 
2025-03-18 17:40:01,867 36580 WARNING odoo odoo.models: The model nursery.customer has no _description 
2025-03-18 17:40:01,867 36580 WARNING odoo odoo.models: The model nursery.order has no _description 
2025-03-18 17:40:01,867 36580 DEBUG odoo odoo.modules.loading: Module web_hierarchy loaded in 0.00s, 0 queries 
2025-03-18 17:40:01,867 36580 DEBUG odoo odoo.modules.loading: Loading module web_tour (13/37) 
2025-03-18 17:40:01,867 36580 DEBUG odoo odoo.modules.loading: Module web_tour loaded in 0.00s, 0 queries 
2025-03-18 17:40:01,867 36580 DEBUG odoo odoo.modules.loading: Loading module html_editor (14/37) 
2025-03-18 17:40:01,867 36580 DEBUG odoo odoo.modules.loading: Module html_editor loaded in 0.00s, 0 queries 
2025-03-18 17:40:01,867 36580 DEBUG odoo odoo.modules.loading: Loading module iap (15/37) 
2025-03-18 17:40:01,867 36580 DEBUG odoo odoo.modules.loading: Module iap loaded in 0.00s, 0 queries 
2025-03-18 17:40:01,867 36580 DEBUG odoo odoo.modules.loading: Loading module mail (16/37) 
2025-03-18 17:40:01,867 36580 WARNING odoo odoo.models: The model nursery.plant has no _description 
2025-03-18 17:40:01,867 36580 WARNING odoo odoo.models: The model nursery.customer has no _description 
2025-03-18 17:40:01,871 36580 WARNING odoo odoo.models: The model nursery.order has no _description 
2025-03-18 17:40:01,875 36580 DEBUG odoo odoo.modules.loading: Module mail loaded in 0.01s, 0 queries 
2025-03-18 17:40:01,875 36580 DEBUG odoo odoo.modules.loading: Loading module web_editor (17/37) 
2025-03-18 17:40:01,878 36580 WARNING odoo odoo.models: The model nursery.plant has no _description 
2025-03-18 17:40:01,878 36580 WARNING odoo odoo.models: The model nursery.customer has no _description 
2025-03-18 17:40:01,878 36580 WARNING odoo odoo.models: The model nursery.order has no _description 
2025-03-18 17:40:01,880 36580 WARNING odoo odoo.models: The model nursery.plant has no _description 
2025-03-18 17:40:01,881 36580 WARNING odoo odoo.models: The model nursery.customer has no _description 
2025-03-18 17:40:01,881 36580 WARNING odoo odoo.models: The model nursery.order has no _description 
2025-03-18 17:40:01,882 36580 DEBUG odoo odoo.modules.loading: Module web_editor loaded in 0.01s, 0 queries 
2025-03-18 17:40:01,882 36580 DEBUG odoo odoo.modules.loading: Loading module auth_signup (18/37) 
2025-03-18 17:40:01,883 36580 DEBUG odoo odoo.modules.loading: Module auth_signup loaded in 0.00s, 0 queries 
2025-03-18 17:40:01,883 36580 DEBUG odoo odoo.modules.loading: Loading module auth_totp_mail (19/37) 
2025-03-18 17:40:01,883 36580 DEBUG odoo odoo.modules.loading: Module auth_totp_mail loaded in 0.00s, 0 queries 
2025-03-18 17:40:01,883 36580 DEBUG odoo odoo.modules.loading: Loading module base_install_request (20/37) 
2025-03-18 17:40:01,884 36580 DEBUG odoo odoo.modules.loading: Module base_install_request loaded in 0.00s, 0 queries 
2025-03-18 17:40:01,884 36580 DEBUG odoo odoo.modules.loading: Loading module google_gmail (21/37) 
2025-03-18 17:40:01,884 36580 DEBUG odoo odoo.modules.loading: Module google_gmail loaded in 0.00s, 0 queries 
2025-03-18 17:40:01,884 36580 DEBUG odoo odoo.modules.loading: Loading module iap_mail (22/37) 
2025-03-18 17:40:01,884 36580 DEBUG odoo odoo.modules.loading: Module iap_mail loaded in 0.00s, 0 queries 
2025-03-18 17:40:01,884 36580 DEBUG odoo odoo.modules.loading: Loading module mail_bot (23/37) 
2025-03-18 17:40:01,885 36580 DEBUG odoo odoo.modules.loading: Module mail_bot loaded in 0.00s, 0 queries 
2025-03-18 17:40:01,885 36580 DEBUG odoo odoo.modules.loading: Loading module phone_validation (24/37) 
2025-03-18 17:40:01,886 36580 WARNING odoo odoo.models: The model nursery.plant has no _description 
2025-03-18 17:40:01,886 36580 WARNING odoo odoo.models: The model nursery.customer has no _description 
2025-03-18 17:40:01,886 36580 WARNING odoo odoo.models: The model nursery.order has no _description 
2025-03-18 17:40:01,886 36580 DEBUG odoo odoo.modules.loading: Module phone_validation loaded in 0.00s, 0 queries 
2025-03-18 17:40:01,886 36580 DEBUG odoo odoo.modules.loading: Loading module privacy_lookup (25/37) 
2025-03-18 17:40:01,886 36580 DEBUG odoo odoo.modules.loading: Module privacy_lookup loaded in 0.00s, 0 queries 
2025-03-18 17:40:01,886 36580 DEBUG odoo odoo.modules.loading: Loading module resource_mail (26/37) 
2025-03-18 17:40:01,886 36580 DEBUG odoo odoo.modules.loading: Module resource_mail loaded in 0.00s, 0 queries 
2025-03-18 17:40:01,886 36580 DEBUG odoo odoo.modules.loading: Loading module web_unsplash (27/37) 
2025-03-18 17:40:01,886 36580 DEBUG odoo odoo.modules.loading: Module web_unsplash loaded in 0.00s, 0 queries 
2025-03-18 17:40:01,886 36580 DEBUG odoo odoo.modules.loading: Loading module partner_autocomplete (28/37) 
2025-03-18 17:40:01,886 36580 DEBUG odoo odoo.modules.loading: Module partner_autocomplete loaded in 0.00s, 0 queries 
2025-03-18 17:40:01,886 36580 DEBUG odoo odoo.modules.loading: Loading module portal (29/37) 
2025-03-18 17:40:01,886 36580 DEBUG odoo odoo.modules.loading: Module portal loaded in 0.00s, 0 queries 
2025-03-18 17:40:01,886 36580 DEBUG odoo odoo.modules.loading: Loading module sms (30/37) 
2025-03-18 17:40:01,886 36580 DEBUG odoo odoo.modules.loading: Module sms loaded in 0.00s, 0 queries 
2025-03-18 17:40:01,886 36580 DEBUG odoo odoo.modules.loading: Loading module snailmail (31/37) 
2025-03-18 17:40:01,886 36580 DEBUG odoo odoo.modules.loading: Module snailmail loaded in 0.00s, 0 queries 
2025-03-18 17:40:01,886 36580 DEBUG odoo odoo.modules.loading: Loading module auth_totp_portal (32/37) 
2025-03-18 17:40:01,886 36580 DEBUG odoo odoo.modules.loading: Module auth_totp_portal loaded in 0.00s, 0 queries 
2025-03-18 17:40:01,886 36580 DEBUG odoo odoo.modules.loading: Loading module digest (33/37) 
2025-03-18 17:40:01,886 36580 DEBUG odoo odoo.modules.loading: Module digest loaded in 0.00s, 0 queries 
2025-03-18 17:40:01,886 36580 DEBUG odoo odoo.modules.loading: Loading module hr (34/37) 
2025-03-18 17:40:01,886 36580 WARNING odoo odoo.models: The model nursery.plant has no _description 
2025-03-18 17:40:01,886 36580 WARNING odoo odoo.models: The model nursery.customer has no _description 
2025-03-18 17:40:01,886 36580 WARNING odoo odoo.models: The model nursery.order has no _description 
2025-03-18 17:40:01,886 36580 DEBUG odoo odoo.modules.loading: Module hr loaded in 0.00s, 0 queries 
2025-03-18 17:40:01,886 36580 DEBUG odoo odoo.modules.loading: Loading module hr_org_chart (35/37) 
2025-03-18 17:40:01,886 36580 DEBUG odoo odoo.modules.loading: Module hr_org_chart loaded in 0.00s, 0 queries 
2025-03-18 17:40:01,886 36580 DEBUG odoo odoo.modules.loading: Loading module hr_skills (36/37) 
2025-03-18 17:40:01,886 36580 DEBUG odoo odoo.modules.loading: Module hr_skills loaded in 0.00s, 0 queries 
2025-03-18 17:40:01,886 36580 DEBUG odoo odoo.modules.loading: Loading module mail_bot_hr (37/37) 
2025-03-18 17:40:01,886 36580 DEBUG odoo odoo.modules.loading: Module mail_bot_hr loaded in 0.00s, 0 queries 
2025-03-18 17:40:01,886 36580 INFO odoo odoo.modules.loading: 37 modules loaded in 0.03s, 0 queries (+0 extra) 
2025-03-18 17:40:02,186 36580 INFO odoo odoo.addons.base.models.ir_module: ALLOW access to module.module_uninstall on ['Plant Nursery1'] to user __system__ #1 via 127.0.0.1 
2025-03-18 17:40:02,190 36580 INFO odoo odoo.addons.base.models.ir_model: Deleting ir.ui.view(597, 596) 
2025-03-18 17:40:02,190 36580 DEBUG odoo odoo.modules.registry: Invalidating default model caches from unlink C:\odoo\odoo\odoo\addons\base\models\ir_model.py:2291 
2025-03-18 17:40:02,190 36580 DEBUG odoo odoo.modules.registry: Invalidating templates model caches from unlink C:\odoo\odoo\odoo\addons\base\models\ir_ui_view.py:556 
2025-03-18 17:40:02,208 36580 DEBUG odoo odoo.modules.registry: Invalidating default model caches from unlink C:\odoo\odoo\odoo\addons\base\models\ir_model.py:2291 
2025-03-18 17:40:02,214 36580 INFO odoo odoo.models.unlink: User #1 deleted ir.model.data records with IDs: [23941, 23940] 
2025-03-18 17:40:02,214 36580 INFO odoo odoo.models.unlink: User #1 deleted ir.ui.view records with IDs: [597, 596] 
2025-03-18 17:40:02,215 36580 INFO odoo odoo.addons.base.models.ir_model: Deleting ir.ui.menu(159, 158, 157) 
2025-03-18 17:40:02,216 36580 DEBUG odoo odoo.modules.registry: Invalidating default model caches from unlink C:\odoo\odoo\odoo\addons\base\models\ir_model.py:2291 
2025-03-18 17:40:02,216 36580 DEBUG odoo odoo.modules.registry: Invalidating default model caches from write C:\odoo\odoo\odoo\addons\base\models\ir_ui_menu.py:173 
2025-03-18 17:40:02,216 36580 DEBUG odoo odoo.modules.registry: Invalidating default model caches from unlink C:\odoo\odoo\odoo\addons\base\models\ir_ui_menu.py:198 
2025-03-18 17:40:02,219 36580 DEBUG odoo odoo.modules.registry: Invalidating default model caches from unlink C:\odoo\odoo\odoo\addons\base\models\ir_model.py:2291 
2025-03-18 17:40:02,219 36580 INFO odoo odoo.models.unlink: User #1 deleted ir.model.data records with IDs: [23938, 23939, 23937] 
2025-03-18 17:40:02,219 36580 INFO odoo odoo.models.unlink: User #1 deleted ir.ui.menu records with IDs: [159, 158, 157] 
2025-03-18 17:40:02,219 36580 INFO odoo odoo.addons.base.models.ir_model: Deleting ir.actions.act_window(217, 216, 215) 
2025-03-18 17:40:02,219 36580 DEBUG odoo odoo.modules.registry: Invalidating default model caches from unlink C:\odoo\odoo\odoo\addons\base\models\ir_model.py:2291 
2025-03-18 17:40:02,219 36580 DEBUG odoo odoo.modules.registry: Invalidating default model caches from unlink C:\odoo\odoo\odoo\addons\base\models\ir_actions.py:359 
2025-03-18 17:40:02,240 36580 DEBUG odoo odoo.modules.registry: Invalidating default model caches from unlink C:\odoo\odoo\odoo\addons\base\models\ir_model.py:2291 
2025-03-18 17:40:02,245 36580 INFO odoo odoo.models.unlink: User #1 deleted ir.model.data records with IDs: [23935, 23936, 23934] 
2025-03-18 17:40:02,245 36580 INFO odoo odoo.models.unlink: User #1 deleted ir.actions.act_window records with IDs: [217, 216, 215] 
2025-03-18 17:40:02,246 36580 DEBUG odoo odoo.modules.registry: Invalidating default model caches from unlink C:\odoo\odoo\odoo\addons\base\models\ir_actions.py:126 
2025-03-18 17:40:02,247 36580 INFO odoo odoo.addons.base.models.ir_model: Deleting ir.ui.menu(156,) 
2025-03-18 17:40:02,247 36580 DEBUG odoo odoo.modules.registry: Invalidating default model caches from unlink C:\odoo\odoo\odoo\addons\base\models\ir_model.py:2291 
2025-03-18 17:40:02,249 36580 DEBUG odoo odoo.modules.registry: Invalidating default model caches from write C:\odoo\odoo\odoo\addons\base\models\ir_ui_menu.py:173 
2025-03-18 17:40:02,249 36580 DEBUG odoo odoo.modules.registry: Invalidating default model caches from unlink C:\odoo\odoo\odoo\addons\base\models\ir_ui_menu.py:198 
2025-03-18 17:40:02,252 36580 DEBUG odoo odoo.modules.registry: Invalidating default model caches from unlink C:\odoo\odoo\odoo\addons\base\models\ir_model.py:2291 
2025-03-18 17:40:02,256 36580 INFO odoo odoo.models.unlink: User #1 deleted ir.model.data records with IDs: [23933] 
2025-03-18 17:40:02,256 36580 INFO odoo odoo.models.unlink: User #1 deleted ir.ui.menu records with IDs: [156] 
2025-03-18 17:40:02,256 36580 DEBUG odoo odoo.modules.registry: Invalidating templates model caches from unlink C:\odoo\odoo\odoo\addons\base\models\ir_ui_view.py:556 
2025-03-18 17:40:02,256 36580 INFO odoo odoo.addons.base.models.ir_model: Deleting ir.model.fields.selection(1164, 1163, 1162) 
2025-03-18 17:40:02,256 36580 DEBUG odoo odoo.modules.registry: Invalidating default model caches from unlink C:\odoo\odoo\odoo\addons\base\models\ir_model.py:2291 
2025-03-18 17:40:02,256 36580 DEBUG odoo odoo.modules.registry: Invalidating default model caches from unlink C:\odoo\odoo\odoo\addons\base\models\ir_model.py:2291 
2025-03-18 17:40:02,270 36580 INFO odoo odoo.models.unlink: User #1 deleted ir.model.data records with IDs: [23932, 23931, 23930] 
2025-03-18 17:40:02,270 36580 INFO odoo odoo.models.unlink: User #1 deleted ir.model.fields.selection records with IDs: [1164, 1163, 1162] 
2025-03-18 17:40:02,277 36580 INFO odoo odoo.addons.base.models.ir_model: Deleting ir.model.fields(3994, 3992, 3991, 3990, 3989, 3988, 3983, 3981, 3980, 3975, 3973, 3972, 3971, 3970, 3969) 
2025-03-18 17:40:02,277 36580 DEBUG odoo odoo.modules.registry: Invalidating default model caches from unlink C:\odoo\odoo\odoo\addons\base\models\ir_model.py:2291 
2025-03-18 17:40:02,378 36580 DEBUG odoo odoo.modules.registry: Invalidating default model caches from unlink C:\odoo\odoo\odoo\addons\base\models\ir_model.py:2291 
2025-03-18 17:40:02,388 36580 INFO odoo odoo.models.unlink: User #1 deleted ir.model.data records with IDs: [23914, 23912, 23911, 23921, 23925, 23923, 23919, 23920, 23922, 23906, 23900, 23904, 23903, 23902, 23901] 
2025-03-18 17:40:02,388 36580 INFO odoo odoo.models.unlink: User #1 deleted ir.model.fields records with IDs: [3994, 3992, 3991, 3990, 3989, 3988, 3983, 3981, 3980, 3975, 3973, 3972, 3971, 3970, 3969] 
2025-03-18 17:40:02,391 36580 INFO odoo odoo.addons.base.models.ir_model: Deleting ir.model(434, 433, 432) 
2025-03-18 17:40:02,391 36580 DEBUG odoo odoo.modules.registry: Invalidating default model caches from unlink C:\odoo\odoo\odoo\addons\base\models\ir_model.py:2291 
2025-03-18 17:40:02,474 36580 DEBUG odoo odoo.modules.registry: Invalidating default model caches from unlink C:\odoo\odoo\odoo\addons\base\models\ir_model.py:2291 
2025-03-18 17:40:02,479 36580 INFO odoo odoo.models.unlink: User #1 deleted ir.model.data records with IDs: [23898, 23899, 23897] 
2025-03-18 17:40:02,479 36580 INFO odoo odoo.models.unlink: User #1 deleted ir.model records with IDs: [434, 433, 432] 
2025-03-18 17:40:02,479 36580 INFO odoo odoo.addons.base.models.ir_model: ir.model.data could not be deleted ([]) 
2025-03-18 17:40:02,479 36580 DEBUG odoo odoo.modules.registry: Invalidating default model caches from unlink C:\odoo\odoo\odoo\addons\base\models\ir_model.py:2291 
2025-03-18 17:40:02,489 36580 INFO odoo odoo.models.unlink: User #1 deleted ir.model.data records with IDs: [23941, 23940, 23939, 23938, 23937, 23936, 23935, 23934, 23933, 23932, 23931, 23930, 23929, 23928, 23927, 23926, 23925, 23924, 23923, 23922, 23921, 23920, 23919, 23918, 23917, 23916, 23915, 23914, 23913, 23912, 23911, 23910, 23909, 23908, 23907, 23906, 23905, 23904, 23903, 23902, 23901, 23900, 23899, 23898, 23897] 
2025-03-18 17:40:02,527 36580 INFO odoo odoo.modules.loading: Reloading registry once more after uninstalling modules 
2025-03-18 17:40:02,539 36580 DEBUG odoo odoo.modules.registry: Multiprocess load registry signaling: [Registry: 71] [Cache default: 2] [Cache assets: 1] [Cache templates: 1] [Cache routing: 1] [Cache groups: 1] 
2025-03-18 17:40:02,550 36580 INFO odoo odoo.modules.loading: loading 1 modules... 
2025-03-18 17:40:02,550 36580 DEBUG odoo odoo.modules.loading: Loading module base (1/1) 
2025-03-18 17:40:02,565 36580 DEBUG odoo odoo.modules.loading: Module base loaded in 0.02s, 0 queries 
2025-03-18 17:40:02,565 36580 INFO odoo odoo.modules.loading: 1 modules loaded in 0.02s, 0 queries (+0 extra) 
2025-03-18 17:40:02,631 36580 INFO odoo odoo.modules.loading: updating modules list 
2025-03-18 17:40:02,641 36580 INFO odoo odoo.addons.base.models.ir_module: ALLOW access to module.update_list on [] to user __system__ #1 via 127.0.0.1 
2025-03-18 17:40:03,297 36580 DEBUG odoo odoo.modules.loading: Updating graph with 35 more modules 
2025-03-18 17:40:03,298 36580 INFO odoo odoo.modules.loading: loading 36 modules... 
2025-03-18 17:40:03,298 36580 DEBUG odoo odoo.modules.loading: Loading module estate (2/36) 
2025-03-18 17:40:03,298 36580 DEBUG odoo odoo.modules.loading: Module estate loaded in 0.00s, 0 queries 
2025-03-18 17:40:03,298 36580 DEBUG odoo odoo.modules.loading: Loading module web (3/36) 
2025-03-18 17:40:03,299 36580 DEBUG odoo odoo.modules.loading: Module web loaded in 0.00s, 0 queries 
2025-03-18 17:40:03,299 36580 DEBUG odoo odoo.modules.loading: Loading module auth_totp (4/36) 
2025-03-18 17:40:03,300 36580 DEBUG odoo odoo.modules.loading: Module auth_totp loaded in 0.00s, 0 queries 
2025-03-18 17:40:03,300 36580 DEBUG odoo odoo.modules.loading: Loading module base_import (5/36) 
2025-03-18 17:40:03,301 36580 DEBUG odoo odoo.modules.loading: Module base_import loaded in 0.00s, 0 queries 
2025-03-18 17:40:03,301 36580 DEBUG odoo odoo.modules.loading: Loading module base_import_module (6/36) 
2025-03-18 17:40:03,301 36580 DEBUG odoo odoo.modules.loading: Module base_import_module loaded in 0.00s, 0 queries 
2025-03-18 17:40:03,301 36580 DEBUG odoo odoo.modules.loading: Loading module base_setup (7/36) 
2025-03-18 17:40:03,301 36580 DEBUG odoo odoo.modules.loading: Module base_setup loaded in 0.00s, 0 queries 
2025-03-18 17:40:03,301 36580 DEBUG odoo odoo.modules.loading: Loading module bus (8/36) 
2025-03-18 17:40:03,301 36580 DEBUG odoo odoo.modules.loading: Module bus loaded in 0.00s, 0 queries 
2025-03-18 17:40:03,301 36580 DEBUG odoo odoo.modules.loading: Loading module http_routing (9/36) 
2025-03-18 17:40:03,301 36580 DEBUG odoo odoo.modules.loading: Module http_routing loaded in 0.00s, 0 queries 
2025-03-18 17:40:03,301 36580 DEBUG odoo odoo.modules.loading: Loading module resource (10/36) 
2025-03-18 17:40:03,302 36580 DEBUG odoo odoo.modules.loading: Module resource loaded in 0.00s, 0 queries 
2025-03-18 17:40:03,302 36580 DEBUG odoo odoo.modules.loading: Loading module web_hierarchy (11/36) 
2025-03-18 17:40:03,304 36580 DEBUG odoo odoo.modules.loading: Module web_hierarchy loaded in 0.00s, 0 queries 
2025-03-18 17:40:03,304 36580 DEBUG odoo odoo.modules.loading: Loading module web_tour (12/36) 
2025-03-18 17:40:03,304 36580 DEBUG odoo odoo.modules.loading: Module web_tour loaded in 0.00s, 0 queries 
2025-03-18 17:40:03,304 36580 DEBUG odoo odoo.modules.loading: Loading module html_editor (13/36) 
2025-03-18 17:40:03,304 36580 DEBUG odoo odoo.modules.loading: Module html_editor loaded in 0.00s, 0 queries 
2025-03-18 17:40:03,304 36580 DEBUG odoo odoo.modules.loading: Loading module iap (14/36) 
2025-03-18 17:40:03,304 36580 DEBUG odoo odoo.modules.loading: Module iap loaded in 0.00s, 0 queries 
2025-03-18 17:40:03,304 36580 DEBUG odoo odoo.modules.loading: Loading module mail (15/36) 
2025-03-18 17:40:03,308 36580 DEBUG odoo odoo.modules.loading: Module mail loaded in 0.00s, 0 queries 
2025-03-18 17:40:03,308 36580 DEBUG odoo odoo.modules.loading: Loading module web_editor (16/36) 
2025-03-18 17:40:03,311 36580 DEBUG odoo odoo.modules.loading: Module web_editor loaded in 0.00s, 0 queries 
2025-03-18 17:40:03,311 36580 DEBUG odoo odoo.modules.loading: Loading module auth_signup (17/36) 
2025-03-18 17:40:03,311 36580 DEBUG odoo odoo.modules.loading: Module auth_signup loaded in 0.00s, 0 queries 
2025-03-18 17:40:03,311 36580 DEBUG odoo odoo.modules.loading: Loading module auth_totp_mail (18/36) 
2025-03-18 17:40:03,312 36580 DEBUG odoo odoo.modules.loading: Module auth_totp_mail loaded in 0.00s, 0 queries 
2025-03-18 17:40:03,312 36580 DEBUG odoo odoo.modules.loading: Loading module base_install_request (19/36) 
2025-03-18 17:40:03,312 36580 DEBUG odoo odoo.modules.loading: Module base_install_request loaded in 0.00s, 0 queries 
2025-03-18 17:40:03,312 36580 DEBUG odoo odoo.modules.loading: Loading module google_gmail (20/36) 
2025-03-18 17:40:03,312 36580 DEBUG odoo odoo.modules.loading: Module google_gmail loaded in 0.00s, 0 queries 
2025-03-18 17:40:03,312 36580 DEBUG odoo odoo.modules.loading: Loading module iap_mail (21/36) 
2025-03-18 17:40:03,312 36580 DEBUG odoo odoo.modules.loading: Module iap_mail loaded in 0.00s, 0 queries 
2025-03-18 17:40:03,312 36580 DEBUG odoo odoo.modules.loading: Loading module mail_bot (22/36) 
2025-03-18 17:40:03,313 36580 DEBUG odoo odoo.modules.loading: Module mail_bot loaded in 0.00s, 0 queries 
2025-03-18 17:40:03,313 36580 DEBUG odoo odoo.modules.loading: Loading module phone_validation (23/36) 
2025-03-18 17:40:03,315 36580 DEBUG odoo odoo.modules.loading: Module phone_validation loaded in 0.00s, 0 queries 
2025-03-18 17:40:03,315 36580 DEBUG odoo odoo.modules.loading: Loading module privacy_lookup (24/36) 
2025-03-18 17:40:03,316 36580 DEBUG odoo odoo.modules.loading: Module privacy_lookup loaded in 0.00s, 0 queries 
2025-03-18 17:40:03,316 36580 DEBUG odoo odoo.modules.loading: Loading module resource_mail (25/36) 
2025-03-18 17:40:03,316 36580 DEBUG odoo odoo.modules.loading: Module resource_mail loaded in 0.00s, 0 queries 
2025-03-18 17:40:03,316 36580 DEBUG odoo odoo.modules.loading: Loading module web_unsplash (26/36) 
2025-03-18 17:40:03,316 36580 DEBUG odoo odoo.modules.loading: Module web_unsplash loaded in 0.00s, 0 queries 
2025-03-18 17:40:03,316 36580 DEBUG odoo odoo.modules.loading: Loading module partner_autocomplete (27/36) 
2025-03-18 17:40:03,316 36580 DEBUG odoo odoo.modules.loading: Module partner_autocomplete loaded in 0.00s, 0 queries 
2025-03-18 17:40:03,316 36580 DEBUG odoo odoo.modules.loading: Loading module portal (28/36) 
2025-03-18 17:40:03,316 36580 DEBUG odoo odoo.modules.loading: Module portal loaded in 0.00s, 0 queries 
2025-03-18 17:40:03,316 36580 DEBUG odoo odoo.modules.loading: Loading module sms (29/36) 
2025-03-18 17:40:03,316 36580 DEBUG odoo odoo.modules.loading: Module sms loaded in 0.00s, 0 queries 
2025-03-18 17:40:03,316 36580 DEBUG odoo odoo.modules.loading: Loading module snailmail (30/36) 
2025-03-18 17:40:03,316 36580 DEBUG odoo odoo.modules.loading: Module snailmail loaded in 0.00s, 0 queries 
2025-03-18 17:40:03,316 36580 DEBUG odoo odoo.modules.loading: Loading module auth_totp_portal (31/36) 
2025-03-18 17:40:03,316 36580 DEBUG odoo odoo.modules.loading: Module auth_totp_portal loaded in 0.00s, 0 queries 
2025-03-18 17:40:03,316 36580 DEBUG odoo odoo.modules.loading: Loading module digest (32/36) 
2025-03-18 17:40:03,316 36580 DEBUG odoo odoo.modules.loading: Module digest loaded in 0.00s, 0 queries 
2025-03-18 17:40:03,316 36580 DEBUG odoo odoo.modules.loading: Loading module hr (33/36) 
2025-03-18 17:40:03,322 36580 DEBUG odoo odoo.modules.loading: Module hr loaded in 0.01s, 0 queries 
2025-03-18 17:40:03,322 36580 DEBUG odoo odoo.modules.loading: Loading module hr_org_chart (34/36) 
2025-03-18 17:40:03,322 36580 DEBUG odoo odoo.modules.loading: Module hr_org_chart loaded in 0.00s, 0 queries 
2025-03-18 17:40:03,322 36580 DEBUG odoo odoo.modules.loading: Loading module hr_skills (35/36) 
2025-03-18 17:40:03,323 36580 DEBUG odoo odoo.modules.loading: Module hr_skills loaded in 0.00s, 0 queries 
2025-03-18 17:40:03,323 36580 DEBUG odoo odoo.modules.loading: Loading module mail_bot_hr (36/36) 
2025-03-18 17:40:03,323 36580 DEBUG odoo odoo.modules.loading: Module mail_bot_hr loaded in 0.00s, 0 queries 
2025-03-18 17:40:03,323 36580 INFO odoo odoo.modules.loading: 36 modules loaded in 0.03s, 0 queries (+0 extra) 
2025-03-18 17:40:03,721 36580 DEBUG odoo odoo.modules.registry: Invalidating templates model caches from write C:\odoo\odoo\odoo\addons\base\models\ir_ui_view.py:533 
2025-03-18 17:40:03,730 36580 DEBUG odoo odoo.modules.registry: Invalidating templates model caches from write C:\odoo\odoo\odoo\addons\base\models\ir_ui_view.py:533 
2025-03-18 17:40:04,429 36580 INFO odoo odoo.modules.loading: Modules loaded. 
2025-03-18 17:40:04,435 36580 INFO odoo odoo.modules.registry: Registry changed, signaling through the database 
2025-03-18 17:40:04,436 36580 INFO odoo odoo.modules.registry: Registry loaded in 1.908s 
2025-03-18 17:40:04,440 36580 INFO odoo odoo.modules.registry: Registry changed, signaling through the database 
2025-03-18 17:40:04,442 36580 INFO odoo odoo.modules.registry: Registry loaded in 3.355s 
2025-03-18 17:40:04,442 36580 INFO odoo odoo.addons.base.models.ir_module: getting next ir.actions.todo() 
2025-03-18 17:40:04,448 36580 INFO odoo werkzeug: 127.0.0.1 - - [18/Mar/2025 17:40:04] "POST /web/dataset/call_button/base.module.uninstall/action_uninstall HTTP/1.1" 200 - 3924 1.539 1.855
2025-03-18 17:40:04,475 36580 INFO odoo odoo.addons.base.models.ir_http: Generating routing map for key None 
2025-03-18 17:40:05,496 36580 INFO odoo werkzeug: 127.0.0.1 - - [18/Mar/2025 17:40:05] "GET /odoo HTTP/1.1" 200 - 91 0.041 0.984
2025-03-18 17:40:05,851 36580 INFO odoo werkzeug: 127.0.0.1 - - [18/Mar/2025 17:40:05] "GET /web/image?model=res.users&field=avatar_128&id=2 HTTP/1.1" 304 - 17 0.010 0.049
2025-03-18 17:40:06,142 36580 INFO odoo werkzeug: 127.0.0.1 - - [18/Mar/2025 17:40:06] "POST /web/action/load HTTP/1.1" 200 - 7 0.016 0.024
2025-03-18 17:40:06,215 36580 INFO odoo werkzeug: 127.0.0.1 - - [18/Mar/2025 17:40:06] "POST /mail/data HTTP/1.1" 200 - 34 0.039 0.075
2025-03-18 17:40:06,358 36580 INFO odoo werkzeug: 127.0.0.1 - - [18/Mar/2025 17:40:06] "POST /mail/data HTTP/1.1" 200 - 63 0.047 0.113
2025-03-18 17:40:06,525 36580 INFO odoo werkzeug: 127.0.0.1 - - [18/Mar/2025 17:40:06] "POST /mail/inbox/messages HTTP/1.1" 200 - 5 0.005 0.013
2025-03-18 17:40:06,752 36580 INFO odoo werkzeug: 127.0.0.1 - - [18/Mar/2025 17:40:06] "GET /web/manifest.webmanifest HTTP/1.1" 200 - 9 0.008 0.016
2025-03-18 17:40:08,299 36580 INFO odoo werkzeug: 127.0.0.1 - - [18/Mar/2025 17:40:08] "GET /web/service-worker.js HTTP/1.1" 200 - 1 0.002 0.005
2025-03-18 17:40:09,669 36580 INFO odoo werkzeug: 127.0.0.1 - - [18/Mar/2025 17:40:09] "POST /web/action/load HTTP/1.1" 200 - 10 0.007 0.024
2025-03-18 17:40:09,997 36580 DEBUG odoo odoo.api: call ir.module.module().get_views(options={'action_id': 39, 'embedded_action_id': False, 'embedded_parent_res_id': False, 'load_filters': True, 'toolbar': True}, views=[[False, 'kanban'], [False, 'list'], [False, 'form'], [95, 'search']]) 
2025-03-18 17:40:10,104 36580 INFO odoo werkzeug: 127.0.0.1 - - [18/Mar/2025 17:40:10] "POST /web/dataset/call_kw/ir.module.module/get_views HTTP/1.1" 200 - 56 0.029 0.084
2025-03-18 17:40:10,252 36580 DEBUG odoo odoo.api: call ir.module.module().search_panel_select_range('module_type', category_domain=[], enable_counters=False, expand=True, filter_domain=[], hierarchize=True, limit=200, search_domain=[['application', '=', True]]) 
2025-03-18 17:40:10,252 36580 INFO odoo werkzeug: 127.0.0.1 - - [18/Mar/2025 17:40:10] "POST /web/dataset/call_kw/ir.module.module/search_panel_select_range HTTP/1.1" 200 - 1 0.000 0.005
2025-03-18 17:40:10,428 36580 DEBUG odoo odoo.api: call ir.module.module().search_panel_select_range('category_id', category_domain=[], enable_counters=True, expand=False, filter_domain=[], hierarchize=True, limit=200, search_domain=[['application', '=', True]]) 
2025-03-18 17:40:10,431 36580 DEBUG odoo odoo.api: call ir.module.module().web_search_read(count_limit=10001, domain=[['application', '=', True]], limit=80, offset=0, order='', specification={'to_buy': {}, 'name': {}, 'state': {}, 'summary': {}, 'website': {}, 'application': {}, 'module_type': {}, 'icon': {}, 'icon_flag': {}, 'shortdesc': {}}) 
2025-03-18 17:40:10,489 36580 INFO odoo werkzeug: 127.0.0.1 - - [18/Mar/2025 17:40:10] "POST /web/dataset/call_kw/ir.module.module/search_panel_select_range HTTP/1.1" 200 - 56 0.030 0.037
2025-03-18 17:40:10,515 36580 INFO odoo werkzeug: 127.0.0.1 - - [18/Mar/2025 17:40:10] "POST /web/dataset/call_kw/ir.module.module/web_search_read HTTP/1.1" 200 - 4 0.006 0.085
2025-03-18 17:40:12,364 36580 DEBUG odoo odoo.api: call ir.module.module().search_panel_select_range('category_id', category_domain=[], enable_counters=True, expand=False, filter_domain=[], hierarchize=True, limit=200, search_domain=[]) 
2025-03-18 17:40:12,421 36580 INFO odoo werkzeug: 127.0.0.1 - - [18/Mar/2025 17:40:12] "POST /web/dataset/call_kw/ir.module.module/search_panel_select_range HTTP/1.1" 200 - 54 0.021 0.040
2025-03-18 17:40:12,670 36580 DEBUG odoo odoo.api: call ir.module.module().web_search_read(count_limit=10001, domain=[], limit=80, offset=0, order='', specification={'to_buy': {}, 'name': {}, 'state': {}, 'summary': {}, 'website': {}, 'application': {}, 'module_type': {}, 'icon': {}, 'icon_flag': {}, 'shortdesc': {}}) 
2025-03-18 17:40:12,745 36580 INFO odoo werkzeug: 127.0.0.1 - - [18/Mar/2025 17:40:12] "POST /web/dataset/call_kw/ir.module.module/web_search_read HTTP/1.1" 200 - 4 0.010 0.072
2025-03-18 17:40:18,108 36580 DEBUG odoo odoo.api: call ir.module.module().search_panel_select_range('category_id', category_domain=[], enable_counters=True, expand=False, filter_domain=[], hierarchize=True, limit=200, search_domain=['|', '|', ['summary', 'ilike', 'Plant Nursery'], ['shortdesc', 'ilike', 'Plant Nursery'], ['name', 'ilike', 'Plant Nursery']]) 
2025-03-18 17:40:18,221 36580 INFO odoo werkzeug: 127.0.0.1 - - [18/Mar/2025 17:40:18] "POST /web/dataset/call_kw/ir.module.module/search_panel_select_range HTTP/1.1" 200 - 54 0.074 0.045
2025-03-18 17:40:18,365 36580 DEBUG odoo odoo.api: call ir.module.module().web_search_read(count_limit=10001, domain=['|', '|', ['summary', 'ilike', 'Plant Nursery'], ['shortdesc', 'ilike', 'Plant Nursery'], ['name', 'ilike', 'Plant Nursery']], limit=80, offset=0, order='', specification={'to_buy': {}, 'name': {}, 'state': {}, 'summary': {}, 'website': {}, 'application': {}, 'module_type': {}, 'icon': {}, 'icon_flag': {}, 'shortdesc': {}}) 
2025-03-18 17:40:18,375 36580 INFO odoo werkzeug: 127.0.0.1 - - [18/Mar/2025 17:40:18] "POST /web/dataset/call_kw/ir.module.module/web_search_read HTTP/1.1" 200 - 3 0.005 0.010
2025-03-18 17:40:28,362 36580 DEBUG odoo odoo.api: call ir.module.module().web_search_read(count_limit=10001, domain=['|', '|', ['summary', 'ilike', 'Plant Nursery'], ['shortdesc', 'ilike', 'Plant Nursery'], ['name', 'ilike', 'Plant Nursery']], limit=80, offset=0, order='', specification={'shortdesc': {}, 'name': {}, 'author': {}, 'website': {}, 'installed_version': {}, 'module_type': {}, 'state': {}}) 
2025-03-18 17:40:28,373 36580 INFO odoo werkzeug: 127.0.0.1 - - [18/Mar/2025 17:40:28] "POST /web/dataset/call_kw/ir.module.module/web_search_read HTTP/1.1" 200 - 3 0.005 0.010
2025-03-18 17:40:28,674 36580 DEBUG odoo odoo.api: call res.users(2,).has_group('base.group_allow_export') 
2025-03-18 17:40:28,674 36580 INFO odoo werkzeug: 127.0.0.1 - - [18/Mar/2025 17:40:28] "POST /web/dataset/call_kw/res.users/has_group HTTP/1.1" 200 - 1 0.002 0.002
2025-03-18 17:40:31,125 36580 DEBUG odoo odoo.api: call ir.module.module(631,).web_read(specification={'icon_image': {}, 'write_date': {}, 'shortdesc': {}, 'summary': {}, 'author': {}, 'website': {}, 'category_id': {'fields': {'display_name': {}}}, 'name': {}, 'license': {}, 'installed_version': {}, 'demo': {}, 'application': {}, 'state': {}, 'dependencies_id': {'fields': {'name': {}, 'state': {}}, 'limit': 40, 'order': ''}, 'exclusion_ids': {'fields': {'name': {}, 'state': {}}, 'limit': 40, 'order': ''}, 'menus_by_module': {}, 'views_by_module': {}, 'reports_by_module': {}, 'description_html': {}, 'to_buy': {}, 'module_type': {}, 'has_iap': {}, 'display_name': {}}) 
2025-03-18 17:40:31,164 36580 INFO odoo werkzeug: 127.0.0.1 - - [18/Mar/2025 17:40:31] "POST /web/dataset/call_kw/ir.module.module/web_read HTTP/1.1" 200 - 13 0.018 0.025
2025-03-18 17:40:31,396 36580 INFO ? werkzeug: 127.0.0.1 - - [18/Mar/2025 17:40:31] "GET /base/static/src/css/description.css HTTP/1.1" 200 - 0 0.000 0.025
2025-03-18 17:40:31,538 36580 INFO odoo werkzeug: 127.0.0.1 - - [18/Mar/2025 17:40:31] "GET /web/image/ir.module.module/631/icon_image?unique=1742319058000 HTTP/1.1" 200 - 3 0.003 0.026
2025-03-18 17:40:36,415 36580 DEBUG odoo odoo.api: call ir.module.module(631,).unlink() 
2025-03-18 17:40:36,416 36580 DEBUG odoo odoo.modules.registry: Invalidating default model caches from unlink C:\odoo\odoo\odoo\addons\base\models\ir_module.py:341 
2025-03-18 17:40:36,451 36580 DEBUG odoo odoo.modules.registry: Invalidating default model caches from unlink C:\odoo\odoo\odoo\addons\base\models\ir_model.py:2291 
2025-03-18 17:40:36,462 36580 INFO odoo odoo.models.unlink: User #2 deleted ir.model.data records with IDs: [22800] 
2025-03-18 17:40:36,462 36580 INFO odoo odoo.models.unlink: User #2 deleted ir.module.module records with IDs: [631] 
2025-03-18 17:40:36,465 36580 INFO odoo odoo.modules.registry: Caches invalidated, signaling through the database: ['default'] 
2025-03-18 17:40:36,466 36580 INFO odoo werkzeug: 127.0.0.1 - - [18/Mar/2025 17:40:36] "POST /web/dataset/call_kw/ir.module.module/unlink HTTP/1.1" 200 - 18 0.027 0.030
2025-03-18 17:40:36,791 36580 DEBUG odoo odoo.api: call ir.module.module(632,).web_read(specification={'icon_image': {}, 'write_date': {}, 'shortdesc': {}, 'summary': {}, 'author': {}, 'website': {}, 'category_id': {'fields': {'display_name': {}}}, 'name': {}, 'license': {}, 'installed_version': {}, 'demo': {}, 'application': {}, 'state': {}, 'dependencies_id': {'fields': {'name': {}, 'state': {}}, 'limit': 40, 'order': ''}, 'exclusion_ids': {'fields': {'name': {}, 'state': {}}, 'limit': 40, 'order': ''}, 'menus_by_module': {}, 'views_by_module': {}, 'reports_by_module': {}, 'description_html': {}, 'to_buy': {}, 'module_type': {}, 'has_iap': {}, 'display_name': {}}) 
2025-03-18 17:40:36,840 36580 INFO odoo werkzeug: 127.0.0.1 - - [18/Mar/2025 17:40:36] "POST /web/dataset/call_kw/ir.module.module/web_read HTTP/1.1" 200 - 21 0.010 0.054
2025-03-18 17:40:37,078 36580 INFO odoo werkzeug: 127.0.0.1 - - [18/Mar/2025 17:40:37] "GET /web/image/ir.module.module/632/icon_image?unique=1742319559000 HTTP/1.1" 200 - 4 0.006 0.020
2025-03-18 17:40:37,588 36580 DEBUG ? odoo.service.server: cron0 polling for jobs 
2025-03-18 17:40:40,482 36580 DEBUG ? odoo.service.server: cron1 polling for jobs 
2025-03-18 17:40:41,665 36580 DEBUG odoo odoo.api: call ir.module.module(632,).unlink() 
2025-03-18 17:40:41,665 36580 DEBUG odoo odoo.modules.registry: Invalidating default model caches from unlink C:\odoo\odoo\odoo\addons\base\models\ir_module.py:341 
2025-03-18 17:40:41,688 36580 DEBUG odoo odoo.modules.registry: Invalidating default model caches from unlink C:\odoo\odoo\odoo\addons\base\models\ir_model.py:2291 
2025-03-18 17:40:41,696 36580 INFO odoo odoo.models.unlink: User #2 deleted ir.model.data records with IDs: [23760] 
2025-03-18 17:40:41,696 36580 INFO odoo odoo.models.unlink: User #2 deleted ir.module.module records with IDs: [632] 
2025-03-18 17:40:41,697 36580 INFO odoo odoo.modules.registry: Caches invalidated, signaling through the database: ['default'] 
2025-03-18 17:40:41,698 36580 INFO odoo werkzeug: 127.0.0.1 - - [18/Mar/2025 17:40:41] "POST /web/dataset/call_kw/ir.module.module/unlink HTTP/1.1" 200 - 18 0.014 0.025
2025-03-18 17:40:42,022 36580 DEBUG odoo odoo.api: call ir.module.module(633,).web_read(specification={'icon_image': {}, 'write_date': {}, 'shortdesc': {}, 'summary': {}, 'author': {}, 'website': {}, 'category_id': {'fields': {'display_name': {}}}, 'name': {}, 'license': {}, 'installed_version': {}, 'demo': {}, 'application': {}, 'state': {}, 'dependencies_id': {'fields': {'name': {}, 'state': {}}, 'limit': 40, 'order': ''}, 'exclusion_ids': {'fields': {'name': {}, 'state': {}}, 'limit': 40, 'order': ''}, 'menus_by_module': {}, 'views_by_module': {}, 'reports_by_module': {}, 'description_html': {}, 'to_buy': {}, 'module_type': {}, 'has_iap': {}, 'display_name': {}}) 
2025-03-18 17:40:42,074 36580 INFO odoo werkzeug: 127.0.0.1 - - [18/Mar/2025 17:40:42] "POST /web/dataset/call_kw/ir.module.module/web_read HTTP/1.1" 200 - 21 0.030 0.035
2025-03-18 17:40:42,298 36580 INFO odoo werkzeug: 127.0.0.1 - - [18/Mar/2025 17:40:42] "GET /web/image/ir.module.module/633/icon_image?unique=1742319601000 HTTP/1.1" 200 - 4 0.004 0.023
2025-03-18 17:41:00,148 36580 INFO odoo werkzeug: 127.0.0.1 - - [18/Mar/2025 17:41:00] "POST /web/action/load HTTP/1.1" 200 - 11 0.009 0.024
2025-03-18 17:41:00,479 36580 DEBUG odoo odoo.api: call ir.module.module(632,).web_read(specification={'icon_image': {}, 'write_date': {}, 'shortdesc': {}, 'summary': {}, 'author': {}, 'website': {}, 'category_id': {'fields': {'display_name': {}}}, 'name': {}, 'license': {}, 'installed_version': {}, 'demo': {}, 'application': {}, 'state': {}, 'dependencies_id': {'fields': {'name': {}, 'state': {}}, 'limit': 40, 'order': ''}, 'exclusion_ids': {'fields': {'name': {}, 'state': {}}, 'limit': 40, 'order': ''}, 'menus_by_module': {}, 'views_by_module': {}, 'reports_by_module': {}, 'description_html': {}, 'to_buy': {}, 'module_type': {}, 'has_iap': {}, 'display_name': {}}) 
2025-03-18 17:41:00,497 36580 INFO odoo werkzeug: 127.0.0.1 - - [18/Mar/2025 17:41:00] "POST /web/dataset/call_kw/ir.module.module/web_read HTTP/1.1" 200 - 7 0.003 0.020
2025-03-18 17:41:00,738 36580 DEBUG odoo odoo.api: call ir.module.module().search_panel_select_range('module_type', category_domain=[], enable_counters=False, expand=True, filter_domain=[], hierarchize=True, limit=200, search_domain=[['application', '=', True]]) 
2025-03-18 17:41:00,769 36580 INFO odoo werkzeug: 127.0.0.1 - - [18/Mar/2025 17:41:00] "POST /web/dataset/call_kw/ir.module.module/search_panel_select_range HTTP/1.1" 200 - 6 0.007 0.033
2025-03-18 17:41:00,835 36580 DEBUG odoo odoo.api: call ir.module.module().web_search_read(count_limit=10001, domain=[['application', '=', True]], limit=80, offset=0, order='', specification={'shortdesc': {}, 'name': {}, 'author': {}, 'website': {}, 'installed_version': {}, 'module_type': {}, 'state': {}}) 
2025-03-18 17:41:00,836 36580 DEBUG odoo odoo.api: call ir.module.module().search_panel_select_range('category_id', category_domain=[], enable_counters=True, expand=False, filter_domain=[], hierarchize=True, limit=200, search_domain=[['application', '=', True]]) 
2025-03-18 17:41:00,849 36580 DEBUG odoo odoo.api: call ir.module.module(631,).web_read(specification={'icon_image': {}, 'write_date': {}, 'shortdesc': {}, 'summary': {}, 'author': {}, 'website': {}, 'category_id': {'fields': {'display_name': {}}}, 'name': {}, 'license': {}, 'installed_version': {}, 'demo': {}, 'application': {}, 'state': {}, 'dependencies_id': {'fields': {'name': {}, 'state': {}}, 'limit': 40, 'order': ''}, 'exclusion_ids': {'fields': {'name': {}, 'state': {}}, 'limit': 40, 'order': ''}, 'menus_by_module': {}, 'views_by_module': {}, 'reports_by_module': {}, 'description_html': {}, 'to_buy': {}, 'module_type': {}, 'has_iap': {}, 'display_name': {}}) 
2025-03-18 17:41:00,860 36580 INFO odoo werkzeug: 127.0.0.1 - - [18/Mar/2025 17:41:00] "POST /web/dataset/call_kw/ir.module.module/web_search_read HTTP/1.1" 200 - 3 0.007 0.027
2025-03-18 17:41:00,885 36580 INFO odoo werkzeug: 127.0.0.1 - - [18/Mar/2025 17:41:00] "POST /web/dataset/call_kw/ir.module.module/web_read HTTP/1.1" 200 - 7 0.017 0.041
2025-03-18 17:41:00,928 36580 INFO odoo werkzeug: 127.0.0.1 - - [18/Mar/2025 17:41:00] "POST /web/dataset/call_kw/ir.module.module/search_panel_select_range HTTP/1.1" 200 - 56 0.064 0.041
2025-03-18 17:41:00,998 36580 DEBUG odoo odoo.api: call ir.module.module().search_panel_select_range('module_type', category_domain=[], enable_counters=False, expand=True, filter_domain=[], hierarchize=True, limit=200, search_domain=[['application', '=', True]]) 
2025-03-18 17:41:01,000 36580 INFO odoo werkzeug: 127.0.0.1 - - [18/Mar/2025 17:41:00] "POST /web/dataset/call_kw/ir.module.module/search_panel_select_range HTTP/1.1" 200 - 1 0.003 0.007
2025-03-18 17:41:01,201 36580 DEBUG odoo odoo.api: call ir.module.module().search_panel_select_range('category_id', category_domain=[], enable_counters=True, expand=False, filter_domain=[], hierarchize=True, limit=200, search_domain=[['application', '=', True]]) 
2025-03-18 17:41:01,203 36580 DEBUG odoo odoo.api: call ir.module.module().web_search_read(count_limit=10001, domain=[['application', '=', True]], limit=80, offset=0, order='', specification={'shortdesc': {}, 'name': {}, 'author': {}, 'website': {}, 'installed_version': {}, 'module_type': {}, 'state': {}}) 
2025-03-18 17:41:01,225 36580 INFO odoo werkzeug: 127.0.0.1 - - [18/Mar/2025 17:41:01] "POST /web/dataset/call_kw/ir.module.module/web_search_read HTTP/1.1" 200 - 3 0.007 0.024
2025-03-18 17:41:01,291 36580 INFO odoo werkzeug: 127.0.0.1 - - [18/Mar/2025 17:41:01] "POST /web/dataset/call_kw/ir.module.module/search_panel_select_range HTTP/1.1" 200 - 54 0.043 0.057
2025-03-18 17:41:06,669 36580 DEBUG odoo odoo.api: call ir.module.module().search_panel_select_range('category_id', category_domain=[], enable_counters=True, expand=False, filter_domain=[], hierarchize=True, limit=200, search_domain=[]) 
2025-03-18 17:41:06,709 36580 INFO odoo werkzeug: 127.0.0.1 - - [18/Mar/2025 17:41:06] "POST /web/dataset/call_kw/ir.module.module/search_panel_select_range HTTP/1.1" 200 - 54 0.016 0.027
2025-03-18 17:41:06,992 36580 DEBUG odoo odoo.api: call ir.module.module().web_search_read(count_limit=10001, domain=[], limit=80, offset=0, order='', specification={'shortdesc': {}, 'name': {}, 'author': {}, 'website': {}, 'installed_version': {}, 'module_type': {}, 'state': {}}) 
2025-03-18 17:41:07,009 36580 INFO odoo werkzeug: 127.0.0.1 - - [18/Mar/2025 17:41:07] "POST /web/dataset/call_kw/ir.module.module/web_search_read HTTP/1.1" 200 - 4 0.004 0.016
2025-03-18 17:41:12,411 36580 DEBUG odoo odoo.api: call ir.module.module().search_panel_select_range('category_id', category_domain=[], enable_counters=True, expand=False, filter_domain=[], hierarchize=True, limit=200, search_domain=['|', '|', ['summary', 'ilike', 'Plant Nursery'], ['shortdesc', 'ilike', 'Plant Nursery'], ['name', 'ilike', 'Plant Nursery']]) 
2025-03-18 17:41:12,540 36580 INFO odoo werkzeug: 127.0.0.1 - - [18/Mar/2025 17:41:12] "POST /web/dataset/call_kw/ir.module.module/search_panel_select_range HTTP/1.1" 200 - 54 0.084 0.051
2025-03-18 17:41:12,680 36580 DEBUG odoo odoo.api: call ir.module.module().web_search_read(count_limit=10001, domain=['|', '|', ['summary', 'ilike', 'Plant Nursery'], ['shortdesc', 'ilike', 'Plant Nursery'], ['name', 'ilike', 'Plant Nursery']], limit=80, offset=0, order='', specification={'shortdesc': {}, 'name': {}, 'author': {}, 'website': {}, 'installed_version': {}, 'module_type': {}, 'state': {}}) 
2025-03-18 17:41:12,704 36580 INFO odoo werkzeug: 127.0.0.1 - - [18/Mar/2025 17:41:12] "POST /web/dataset/call_kw/ir.module.module/web_search_read HTTP/1.1" 200 - 3 0.011 0.024
2025-03-18 17:41:16,873 36580 DEBUG odoo odoo.api: call ir.module.module(633,).web_read(specification={'icon_image': {}, 'write_date': {}, 'shortdesc': {}, 'summary': {}, 'author': {}, 'website': {}, 'category_id': {'fields': {'display_name': {}}}, 'name': {}, 'license': {}, 'installed_version': {}, 'demo': {}, 'application': {}, 'state': {}, 'dependencies_id': {'fields': {'name': {}, 'state': {}}, 'limit': 40, 'order': ''}, 'exclusion_ids': {'fields': {'name': {}, 'state': {}}, 'limit': 40, 'order': ''}, 'menus_by_module': {}, 'views_by_module': {}, 'reports_by_module': {}, 'description_html': {}, 'to_buy': {}, 'module_type': {}, 'has_iap': {}, 'display_name': {}}) 
2025-03-18 17:41:16,917 36580 INFO odoo werkzeug: 127.0.0.1 - - [18/Mar/2025 17:41:16] "POST /web/dataset/call_kw/ir.module.module/web_read HTTP/1.1" 200 - 11 0.008 0.041
2025-03-18 17:41:23,229 36580 DEBUG odoo odoo.api: call ir.module.module(633,).unlink() 
2025-03-18 17:41:23,229 36580 DEBUG odoo odoo.modules.registry: Invalidating default model caches from unlink C:\odoo\odoo\odoo\addons\base\models\ir_module.py:341 
2025-03-18 17:41:23,257 36580 DEBUG odoo odoo.modules.registry: Invalidating default model caches from unlink C:\odoo\odoo\odoo\addons\base\models\ir_model.py:2291 
2025-03-18 17:41:23,264 36580 INFO odoo odoo.models.unlink: User #2 deleted ir.model.data records with IDs: [23896] 
2025-03-18 17:41:23,264 36580 INFO odoo odoo.models.unlink: User #2 deleted ir.module.module records with IDs: [633] 
2025-03-18 17:41:23,270 36580 INFO odoo odoo.modules.registry: Caches invalidated, signaling through the database: ['default'] 
2025-03-18 17:41:23,271 36580 INFO odoo werkzeug: 127.0.0.1 - - [18/Mar/2025 17:41:23] "POST /web/dataset/call_kw/ir.module.module/unlink HTTP/1.1" 200 - 18 0.016 0.033
2025-03-18 17:41:23,496 36580 DEBUG odoo odoo.api: call ir.module.module().web_search_read(count_limit=10001, domain=['|', '|', ['summary', 'ilike', 'Plant Nursery'], ['shortdesc', 'ilike', 'Plant Nursery'], ['name', 'ilike', 'Plant Nursery']], limit=80, offset=0, order='', specification={'shortdesc': {}, 'name': {}, 'author': {}, 'website': {}, 'installed_version': {}, 'module_type': {}, 'state': {}}) 
2025-03-18 17:41:23,503 36580 INFO odoo werkzeug: 127.0.0.1 - - [18/Mar/2025 17:41:23] "POST /web/dataset/call_kw/ir.module.module/web_search_read HTTP/1.1" 200 - 10 0.006 0.010
2025-03-18 17:41:37,500 32724 DEBUG ? odoo.netsvc: logger level set: "odoo.http.rpc.request:INFO" 
2025-03-18 17:41:37,500 32724 DEBUG ? odoo.netsvc: logger level set: "odoo.http.rpc.response:INFO" 
2025-03-18 17:41:37,500 32724 DEBUG ? odoo.netsvc: logger level set: ":INFO" 
2025-03-18 17:41:37,500 32724 DEBUG ? odoo.netsvc: logger level set: "odoo:DEBUG" 
2025-03-18 17:41:37,500 32724 DEBUG ? odoo.netsvc: logger level set: "odoo.sql_db:INFO" 
2025-03-18 17:41:37,500 32724 DEBUG ? odoo.netsvc: logger level set: ":INFO" 
2025-03-18 17:41:37,500 32724 INFO ? odoo: Odoo version 18.0 
2025-03-18 17:41:37,500 32724 INFO ? odoo: Using configuration file at C:\odoo\odoo\odoo.conf 
2025-03-18 17:41:37,500 32724 INFO ? odoo: addons paths: ['C:\\odoo\\odoo\\odoo\\addons', 'c:\\users\\georg\\appdata\\local\\openerp s.a\\odoo\\addons\\18.0', 'c:\\odoo\\odoo\\addons_extra', 'c:\\odoo\\odoo\\addons', 'c:\\odoo\\odoo\\odoo\\addons'] 
2025-03-18 17:41:37,500 32724 INFO ? odoo: database: odoo@default:default 
2025-03-18 17:41:37,778 32724 INFO ? odoo.addons.base.models.ir_actions_report: You need Wkhtmltopdf to print a pdf version of the reports. 
2025-03-18 17:41:37,782 32724 INFO ? odoo.addons.base.models.ir_actions_report: You need Wkhtmltoimage to generate images from html. 
2025-03-18 17:41:38,127 32724 DEBUG ? odoo.service.server: Setting signal handlers 
2025-03-18 17:41:38,129 32724 INFO ? odoo.service.server: HTTP service (werkzeug) running on GLO:8069 
2025-03-18 17:41:38,187 32724 DEBUG odoo odoo.modules.registry: Multiprocess load registry signaling: [Registry: 73] [Cache default: 5] [Cache assets: 1] [Cache templates: 1] [Cache routing: 1] [Cache groups: 1] 
2025-03-18 17:41:38,195 32724 INFO odoo odoo.modules.loading: loading 1 modules... 
2025-03-18 17:41:38,195 32724 DEBUG odoo odoo.modules.loading: Loading module base (1/1) 
2025-03-18 17:41:38,199 32724 DEBUG odoo odoo.modules.loading: Module base loaded in 0.00s, 0 queries 
2025-03-18 17:41:38,199 32724 INFO odoo odoo.modules.loading: 1 modules loaded in 0.00s, 0 queries (+0 extra) 
2025-03-18 17:41:38,222 32724 INFO odoo odoo.modules.loading: updating modules list 
2025-03-18 17:41:38,238 32724 INFO odoo odoo.addons.base.models.ir_module: ALLOW access to module.update_list on [] to user __system__ #1 via n/a 
2025-03-18 17:41:39,129 32724 WARNING odoo odoo.modules.module: Missing `license` key in manifest for 'plant_nursery2', defaulting to LGPL-3 
2025-03-18 17:41:39,561 32724 WARNING odoo odoo.modules.loading: invalid module names, ignored:  Plant Nursery2 
2025-03-18 17:41:39,574 32724 DEBUG odoo odoo.modules.loading: Updating graph with 35 more modules 
2025-03-18 17:41:39,574 32724 INFO odoo odoo.modules.loading: loading 36 modules... 
2025-03-18 17:41:39,574 32724 DEBUG odoo odoo.modules.loading: Loading module estate (2/36) 
2025-03-18 17:41:39,574 32724 DEBUG odoo odoo.modules.loading: Module estate loaded in 0.00s, 0 queries 
2025-03-18 17:41:39,574 32724 DEBUG odoo odoo.modules.loading: Loading module web (3/36) 
2025-03-18 17:41:39,574 32724 DEBUG odoo odoo.modules.loading: Module web loaded in 0.00s, 0 queries 
2025-03-18 17:41:39,574 32724 DEBUG odoo odoo.modules.loading: Loading module auth_totp (4/36) 
2025-03-18 17:41:39,608 32724 DEBUG odoo odoo.modules.loading: Module auth_totp loaded in 0.03s, 0 queries 
2025-03-18 17:41:39,608 32724 DEBUG odoo odoo.modules.loading: Loading module base_import (5/36) 
2025-03-18 17:41:39,904 32724 DEBUG odoo odoo.modules.loading: Module base_import loaded in 0.30s, 0 queries 
2025-03-18 17:41:39,904 32724 DEBUG odoo odoo.modules.loading: Loading module base_import_module (6/36) 
2025-03-18 17:41:39,913 32724 DEBUG odoo odoo.modules.loading: Module base_import_module loaded in 0.01s, 0 queries 
2025-03-18 17:41:39,913 32724 DEBUG odoo odoo.modules.loading: Loading module base_setup (7/36) 
2025-03-18 17:41:39,918 32724 DEBUG odoo odoo.modules.loading: Module base_setup loaded in 0.01s, 0 queries 
2025-03-18 17:41:39,918 32724 DEBUG odoo odoo.modules.loading: Loading module bus (8/36) 
2025-03-18 17:41:39,938 32724 DEBUG odoo odoo.modules.loading: Module bus loaded in 0.02s, 0 queries 
2025-03-18 17:41:39,938 32724 DEBUG odoo odoo.modules.loading: Loading module http_routing (9/36) 
2025-03-18 17:41:39,947 32724 DEBUG odoo odoo.modules.loading: Module http_routing loaded in 0.01s, 0 queries 
2025-03-18 17:41:39,947 32724 DEBUG odoo odoo.modules.loading: Loading module resource (10/36) 
2025-03-18 17:41:39,965 32724 DEBUG odoo odoo.modules.loading: Module resource loaded in 0.02s, 0 queries 
2025-03-18 17:41:39,965 32724 DEBUG odoo odoo.modules.loading: Loading module web_hierarchy (11/36) 
2025-03-18 17:41:39,970 32724 DEBUG odoo odoo.modules.loading: Module web_hierarchy loaded in 0.00s, 0 queries 
2025-03-18 17:41:39,970 32724 DEBUG odoo odoo.modules.loading: Loading module web_tour (12/36) 
2025-03-18 17:41:39,974 32724 DEBUG odoo odoo.modules.loading: Module web_tour loaded in 0.00s, 0 queries 
2025-03-18 17:41:39,974 32724 DEBUG odoo odoo.modules.loading: Loading module html_editor (13/36) 
2025-03-18 17:41:40,157 32724 DEBUG odoo odoo.modules.loading: Module html_editor loaded in 0.18s, 0 queries 
2025-03-18 17:41:40,157 32724 DEBUG odoo odoo.modules.loading: Loading module iap (14/36) 
2025-03-18 17:41:40,157 32724 DEBUG odoo odoo.modules.loading: Module iap loaded in 0.00s, 0 queries 
2025-03-18 17:41:40,157 32724 DEBUG odoo odoo.modules.loading: Loading module mail (15/36) 
2025-03-18 17:41:40,163 32724 DEBUG odoo odoo.modules.loading: Module mail loaded in 0.01s, 0 queries 
2025-03-18 17:41:40,164 32724 DEBUG odoo odoo.modules.loading: Loading module web_editor (16/36) 
2025-03-18 17:41:40,181 32724 DEBUG odoo odoo.modules.loading: Module web_editor loaded in 0.02s, 0 queries 
2025-03-18 17:41:40,181 32724 DEBUG odoo odoo.modules.loading: Loading module auth_signup (17/36) 
2025-03-18 17:41:40,203 32724 DEBUG odoo odoo.modules.loading: Module auth_signup loaded in 0.02s, 0 queries 
2025-03-18 17:41:40,203 32724 DEBUG odoo odoo.modules.loading: Loading module auth_totp_mail (18/36) 
2025-03-18 17:41:40,206 32724 DEBUG odoo odoo.modules.loading: Module auth_totp_mail loaded in 0.00s, 0 queries 
2025-03-18 17:41:40,206 32724 DEBUG odoo odoo.modules.loading: Loading module base_install_request (19/36) 
2025-03-18 17:41:40,212 32724 DEBUG odoo odoo.modules.loading: Module base_install_request loaded in 0.01s, 0 queries 
2025-03-18 17:41:40,212 32724 DEBUG odoo odoo.modules.loading: Loading module google_gmail (20/36) 
2025-03-18 17:41:40,218 32724 DEBUG odoo odoo.modules.loading: Module google_gmail loaded in 0.01s, 0 queries 
2025-03-18 17:41:40,218 32724 DEBUG odoo odoo.modules.loading: Loading module iap_mail (21/36) 
2025-03-18 17:41:40,220 32724 DEBUG odoo odoo.modules.loading: Module iap_mail loaded in 0.00s, 0 queries 
2025-03-18 17:41:40,220 32724 DEBUG odoo odoo.modules.loading: Loading module mail_bot (22/36) 
2025-03-18 17:41:40,225 32724 DEBUG odoo odoo.modules.loading: Module mail_bot loaded in 0.00s, 0 queries 
2025-03-18 17:41:40,225 32724 DEBUG odoo odoo.modules.loading: Loading module phone_validation (23/36) 
2025-03-18 17:41:40,239 32724 DEBUG odoo odoo.modules.loading: Module phone_validation loaded in 0.01s, 0 queries 
2025-03-18 17:41:40,239 32724 DEBUG odoo odoo.modules.loading: Loading module privacy_lookup (24/36) 
2025-03-18 17:41:40,245 32724 DEBUG odoo odoo.modules.loading: Module privacy_lookup loaded in 0.01s, 0 queries 
2025-03-18 17:41:40,245 32724 DEBUG odoo odoo.modules.loading: Loading module resource_mail (25/36) 
2025-03-18 17:41:40,248 32724 DEBUG odoo odoo.modules.loading: Module resource_mail loaded in 0.00s, 0 queries 
2025-03-18 17:41:40,248 32724 DEBUG odoo odoo.modules.loading: Loading module web_unsplash (26/36) 
2025-03-18 17:41:40,253 32724 DEBUG odoo odoo.modules.loading: Module web_unsplash loaded in 0.01s, 0 queries 
2025-03-18 17:41:40,253 32724 DEBUG odoo odoo.modules.loading: Loading module partner_autocomplete (27/36) 
2025-03-18 17:41:40,262 32724 DEBUG odoo odoo.modules.loading: Module partner_autocomplete loaded in 0.01s, 0 queries 
2025-03-18 17:41:40,262 32724 DEBUG odoo odoo.modules.loading: Loading module portal (28/36) 
2025-03-18 17:41:40,280 32724 DEBUG odoo odoo.modules.loading: Module portal loaded in 0.02s, 0 queries 
2025-03-18 17:41:40,280 32724 DEBUG odoo odoo.modules.loading: Loading module sms (29/36) 
2025-03-18 17:41:40,301 32724 DEBUG odoo odoo.modules.loading: Module sms loaded in 0.02s, 0 queries 
2025-03-18 17:41:40,302 32724 DEBUG odoo odoo.modules.loading: Loading module snailmail (30/36) 
2025-03-18 17:41:40,315 32724 DEBUG odoo odoo.modules.loading: Module snailmail loaded in 0.01s, 0 queries 
2025-03-18 17:41:40,315 32724 DEBUG odoo odoo.modules.loading: Loading module auth_totp_portal (31/36) 
2025-03-18 17:41:40,318 32724 DEBUG odoo odoo.modules.loading: Module auth_totp_portal loaded in 0.00s, 0 queries 
2025-03-18 17:41:40,318 32724 DEBUG odoo odoo.modules.loading: Loading module digest (32/36) 
2025-03-18 17:41:40,326 32724 DEBUG odoo odoo.modules.loading: Module digest loaded in 0.01s, 0 queries 
2025-03-18 17:41:40,326 32724 DEBUG odoo odoo.modules.loading: Loading module hr (33/36) 
2025-03-18 17:41:40,353 32724 DEBUG odoo odoo.modules.loading: Module hr loaded in 0.03s, 0 queries 
2025-03-18 17:41:40,353 32724 DEBUG odoo odoo.modules.loading: Loading module hr_org_chart (34/36) 
2025-03-18 17:41:40,360 32724 DEBUG odoo odoo.modules.loading: Module hr_org_chart loaded in 0.01s, 0 queries 
2025-03-18 17:41:40,360 32724 DEBUG odoo odoo.modules.loading: Loading module hr_skills (35/36) 
2025-03-18 17:41:40,382 32724 DEBUG odoo odoo.modules.loading: Module hr_skills loaded in 0.02s, 0 queries 
2025-03-18 17:41:40,382 32724 DEBUG odoo odoo.modules.loading: Loading module mail_bot_hr (36/36) 
2025-03-18 17:41:40,383 32724 DEBUG odoo odoo.modules.loading: Module mail_bot_hr loaded in 0.00s, 0 queries 
2025-03-18 17:41:40,383 32724 INFO odoo odoo.modules.loading: 36 modules loaded in 0.81s, 0 queries (+0 extra) 
2025-03-18 17:41:40,628 32724 DEBUG odoo odoo.modules.registry: Invalidating templates model caches from write C:\odoo\odoo\odoo\addons\base\models\ir_ui_view.py:533 
2025-03-18 17:41:40,637 32724 DEBUG odoo odoo.modules.registry: Invalidating templates model caches from write C:\odoo\odoo\odoo\addons\base\models\ir_ui_view.py:533 
2025-03-18 17:41:41,082 32724 INFO odoo odoo.modules.loading: Modules loaded. 
2025-03-18 17:41:41,094 32724 INFO odoo odoo.modules.registry: Registry changed, signaling through the database 
2025-03-18 17:41:41,095 32724 INFO odoo odoo.modules.registry: Registry loaded in 2.963s 
2025-03-18 17:41:41,097 32724 DEBUG odoo odoo.service.server: cron0 started! 
2025-03-18 17:41:41,098 32724 DEBUG odoo odoo.service.server: cron1 started! 
2025-03-18 17:41:43,531 32724 DEBUG ? odoo.http: HTTP sessions stored in: c:\users\georg\appdata\local\openerp s.a\odoo\sessions 
2025-03-18 17:41:43,534 32724 INFO odoo odoo.addons.base.models.ir_http: Generating routing map for key None 
2025-03-18 17:41:43,563 32724 INFO odoo werkzeug: 127.0.0.1 - - [18/Mar/2025 17:41:43] "GET /websocket?version=18.0-3 HTTP/1.1" 101 - 6 0.006 0.027
2025-03-18 17:41:43,782 32724 DEBUG ? odoo.modules.module: module __init__.py: no manifest file found ('__manifest__.py', '__openerp__.py') 
2025-03-18 17:41:43,782 32724 DEBUG ? odoo.modules.module: module __init__.py: no manifest file found ('__manifest__.py', '__openerp__.py') 
2025-03-18 17:41:43,782 32724 DEBUG ? odoo.modules.module: module __init__.py: no manifest file found ('__manifest__.py', '__openerp__.py') 
2025-03-18 17:41:43,782 32724 DEBUG ? odoo.modules.module: module __pycache__: no manifest file found ('__manifest__.py', '__openerp__.py') 
2025-03-18 17:41:43,782 32724 DEBUG ? odoo.modules.module: module __pycache__: no manifest file found ('__manifest__.py', '__openerp__.py') 
2025-03-18 17:41:43,782 32724 DEBUG ? odoo.modules.module: module __pycache__: no manifest file found ('__manifest__.py', '__openerp__.py') 
2025-03-18 17:41:43,893 32724 DEBUG ? odoo.modules.module: module website_twitter: no manifest file found ('__manifest__.py', '__openerp__.py') 
2025-03-18 17:41:43,893 32724 DEBUG ? odoo.modules.module: module website_twitter: no manifest file found ('__manifest__.py', '__openerp__.py') 
2025-03-18 17:41:43,895 32724 DEBUG ? odoo.modules.module: module website_twitter: no manifest file found ('__manifest__.py', '__openerp__.py') 
2025-03-18 17:41:43,934 32724 INFO ? odoo.addons.bus.models.bus: Bus.loop listen imbus on db postgres 
2025-03-18 17:41:44,114 32724 DEBUG odoo odoo.api: call ir.module.module().web_search_read(count_limit=10001, domain=[['application', '=', True]], limit=80, offset=0, order='', specification={'to_buy': {}, 'name': {}, 'state': {}, 'summary': {}, 'website': {}, 'application': {}, 'module_type': {}, 'icon': {}, 'icon_flag': {}, 'shortdesc': {}}) 
2025-03-18 17:41:44,114 32724 DEBUG odoo odoo.api: call ir.module.module().search_panel_select_range('category_id', category_domain=[], enable_counters=True, expand=False, filter_domain=[], hierarchize=True, limit=200, search_domain=[['application', '=', True]]) 
2025-03-18 17:41:44,119 32724 DEBUG odoo odoo.api: call ir.module.module().search_panel_select_range('module_type', category_domain=[], enable_counters=False, expand=True, filter_domain=[], hierarchize=True, limit=200, search_domain=[['application', '=', True]]) 
2025-03-18 17:41:44,127 32724 DEBUG odoo odoo.modules.module: module mrp_workorder: no manifest file found ('__manifest__.py', '__openerp__.py') 
2025-03-18 17:41:44,138 32724 INFO odoo werkzeug: 127.0.0.1 - - [18/Mar/2025 17:41:44] "POST /web/dataset/call_kw/ir.module.module/search_panel_select_range HTTP/1.1" 200 - 7 0.016 0.346
2025-03-18 17:41:44,138 32724 DEBUG odoo odoo.modules.module: module accountant: no manifest file found ('__manifest__.py', '__openerp__.py') 
2025-03-18 17:41:44,142 32724 DEBUG odoo odoo.modules.module: module knowledge: no manifest file found ('__manifest__.py', '__openerp__.py') 
2025-03-18 17:41:44,149 32724 DEBUG odoo odoo.modules.module: module timesheet_grid: no manifest file found ('__manifest__.py', '__openerp__.py') 
2025-03-18 17:41:44,152 32724 DEBUG odoo odoo.modules.module: module web_studio: no manifest file found ('__manifest__.py', '__openerp__.py') 
2025-03-18 17:41:44,157 32724 DEBUG odoo odoo.modules.module: module industry_fsm: no manifest file found ('__manifest__.py', '__openerp__.py') 
2025-03-18 17:41:44,165 32724 DEBUG odoo odoo.modules.module: module sign: no manifest file found ('__manifest__.py', '__openerp__.py') 
2025-03-18 17:41:44,166 32724 DEBUG odoo odoo.modules.module: module helpdesk: no manifest file found ('__manifest__.py', '__openerp__.py') 
2025-03-18 17:41:44,169 32724 DEBUG odoo odoo.modules.module: module sale_subscription: no manifest file found ('__manifest__.py', '__openerp__.py') 
2025-03-18 17:41:44,171 32724 DEBUG odoo odoo.modules.module: module quality_control: no manifest file found ('__manifest__.py', '__openerp__.py') 
2025-03-18 17:41:44,174 32724 DEBUG odoo odoo.modules.module: module planning: no manifest file found ('__manifest__.py', '__openerp__.py') 
2025-03-18 17:41:44,175 32724 INFO odoo werkzeug: 127.0.0.1 - - [18/Mar/2025 17:41:44] "POST /web/dataset/call_kw/ir.module.module/search_panel_select_range HTTP/1.1" 200 - 56 0.037 0.362
2025-03-18 17:41:44,179 32724 DEBUG odoo odoo.modules.module: module mrp_plm: no manifest file found ('__manifest__.py', '__openerp__.py') 
2025-03-18 17:41:44,182 32724 DEBUG odoo odoo.modules.module: module social: no manifest file found ('__manifest__.py', '__openerp__.py') 
2025-03-18 17:41:44,184 32724 DEBUG odoo odoo.modules.module: module hr_appraisal: no manifest file found ('__manifest__.py', '__openerp__.py') 
2025-03-18 17:41:44,186 32724 DEBUG odoo odoo.modules.module: module marketing_automation: no manifest file found ('__manifest__.py', '__openerp__.py') 
2025-03-18 17:41:44,188 32724 DEBUG odoo odoo.modules.module: module appointment: no manifest file found ('__manifest__.py', '__openerp__.py') 
2025-03-18 17:41:44,189 32724 DEBUG odoo odoo.modules.module: module web_mobile: no manifest file found ('__manifest__.py', '__openerp__.py') 
2025-03-18 17:41:44,191 32724 DEBUG odoo odoo.modules.module: module stock_barcode: no manifest file found ('__manifest__.py', '__openerp__.py') 
2025-03-18 17:41:44,193 32724 DEBUG odoo odoo.modules.module: module voip: no manifest file found ('__manifest__.py', '__openerp__.py') 
2025-03-18 17:41:44,195 32724 DEBUG odoo odoo.modules.module: module sale_amazon: no manifest file found ('__manifest__.py', '__openerp__.py') 
2025-03-18 17:41:44,201 32724 INFO odoo werkzeug: 127.0.0.1 - - [18/Mar/2025 17:41:44] "POST /web/dataset/call_kw/ir.module.module/web_search_read HTTP/1.1" 200 - 5 0.010 0.415
2025-03-18 17:41:45,924 32724 DEBUG odoo odoo.api: call ir.module.module().search_panel_select_range('category_id', category_domain=[], enable_counters=True, expand=False, filter_domain=[], hierarchize=True, limit=200, search_domain=[]) 
2025-03-18 17:41:45,987 32724 INFO odoo werkzeug: 127.0.0.1 - - [18/Mar/2025 17:41:45] "POST /web/dataset/call_kw/ir.module.module/search_panel_select_range HTTP/1.1" 200 - 54 0.027 0.042
2025-03-18 17:41:46,236 32724 DEBUG odoo odoo.api: call ir.module.module().web_search_read(count_limit=10001, domain=[], limit=80, offset=0, order='', specification={'to_buy': {}, 'name': {}, 'state': {}, 'summary': {}, 'website': {}, 'application': {}, 'module_type': {}, 'icon': {}, 'icon_flag': {}, 'shortdesc': {}}) 
2025-03-18 17:41:46,288 32724 INFO odoo werkzeug: 127.0.0.1 - - [18/Mar/2025 17:41:46] "POST /web/dataset/call_kw/ir.module.module/web_search_read HTTP/1.1" 200 - 4 0.003 0.058
2025-03-18 17:41:51,260 32724 DEBUG odoo odoo.api: call ir.module.module().search_panel_select_range('category_id', category_domain=[], enable_counters=True, expand=False, filter_domain=[], hierarchize=True, limit=200, search_domain=['|', '|', ['summary', 'ilike', 'Plant Nursery'], ['shortdesc', 'ilike', 'Plant Nursery'], ['name', 'ilike', 'Plant Nursery']]) 
2025-03-18 17:41:51,373 32724 INFO odoo werkzeug: 127.0.0.1 - - [18/Mar/2025 17:41:51] "POST /web/dataset/call_kw/ir.module.module/search_panel_select_range HTTP/1.1" 200 - 54 0.082 0.036
2025-03-18 17:41:51,517 32724 DEBUG odoo odoo.api: call ir.module.module().web_search_read(count_limit=10001, domain=['|', '|', ['summary', 'ilike', 'Plant Nursery'], ['shortdesc', 'ilike', 'Plant Nursery'], ['name', 'ilike', 'Plant Nursery']], limit=80, offset=0, order='', specification={'to_buy': {}, 'name': {}, 'state': {}, 'summary': {}, 'website': {}, 'application': {}, 'module_type': {}, 'icon': {}, 'icon_flag': {}, 'shortdesc': {}}) 
2025-03-18 17:41:51,531 32724 INFO odoo werkzeug: 127.0.0.1 - - [18/Mar/2025 17:41:51] "POST /web/dataset/call_kw/ir.module.module/web_search_read HTTP/1.1" 200 - 3 0.006 0.015
2025-03-18 17:41:56,085 32724 DEBUG odoo odoo.api: call ir.module.module(634,).button_immediate_install() 
2025-03-18 17:41:56,093 32724 INFO odoo odoo.addons.base.models.ir_module: ALLOW access to module.button_immediate_install on ['Plant Nursery2'] to user admin #2 via 127.0.0.1 
2025-03-18 17:41:56,093 32724 INFO odoo odoo.addons.base.models.ir_module: User #2 triggered module installation 
2025-03-18 17:41:56,093 32724 INFO odoo odoo.addons.base.models.ir_module: ALLOW access to module.button_install on ['Plant Nursery2'] to user admin #2 via 127.0.0.1 
2025-03-18 17:41:56,204 32724 DEBUG odoo odoo.modules.registry: Multiprocess load registry signaling: [Registry: 74] [Cache default: 5] [Cache assets: 1] [Cache templates: 1] [Cache routing: 1] [Cache groups: 1] 
2025-03-18 17:41:56,211 32724 INFO odoo odoo.modules.loading: loading 1 modules... 
2025-03-18 17:41:56,212 32724 DEBUG odoo odoo.modules.loading: Loading module base (1/1) 
2025-03-18 17:41:56,217 32724 DEBUG odoo odoo.modules.loading: Module base loaded in 0.01s, 0 queries 
2025-03-18 17:41:56,217 32724 INFO odoo odoo.modules.loading: 1 modules loaded in 0.01s, 0 queries (+0 extra) 
2025-03-18 17:41:56,291 32724 INFO odoo odoo.modules.loading: updating modules list 
2025-03-18 17:41:56,296 32724 INFO odoo odoo.addons.base.models.ir_module: ALLOW access to module.update_list on [] to user __system__ #1 via 127.0.0.1 
2025-03-18 17:41:57,090 32724 DEBUG odoo odoo.modules.loading: Updating graph with 35 more modules 
2025-03-18 17:41:57,090 32724 INFO odoo odoo.modules.loading: loading 36 modules... 
2025-03-18 17:41:57,090 32724 DEBUG odoo odoo.modules.loading: Loading module estate (2/36) 
2025-03-18 17:41:57,090 32724 DEBUG odoo odoo.modules.loading: Module estate loaded in 0.00s, 0 queries 
2025-03-18 17:41:57,090 32724 DEBUG odoo odoo.modules.loading: Loading module web (3/36) 
2025-03-18 17:41:57,102 32724 DEBUG odoo odoo.modules.loading: Module web loaded in 0.01s, 0 queries 
2025-03-18 17:41:57,102 32724 DEBUG odoo odoo.modules.loading: Loading module auth_totp (4/36) 
2025-03-18 17:41:57,102 32724 DEBUG odoo odoo.modules.loading: Module auth_totp loaded in 0.00s, 0 queries 
2025-03-18 17:41:57,102 32724 DEBUG odoo odoo.modules.loading: Loading module base_import (5/36) 
2025-03-18 17:41:57,102 32724 DEBUG odoo odoo.modules.loading: Module base_import loaded in 0.00s, 0 queries 
2025-03-18 17:41:57,102 32724 DEBUG odoo odoo.modules.loading: Loading module base_import_module (6/36) 
2025-03-18 17:41:57,102 32724 DEBUG odoo odoo.modules.loading: Module base_import_module loaded in 0.00s, 0 queries 
2025-03-18 17:41:57,102 32724 DEBUG odoo odoo.modules.loading: Loading module base_setup (7/36) 
2025-03-18 17:41:57,102 32724 DEBUG odoo odoo.modules.loading: Module base_setup loaded in 0.00s, 0 queries 
2025-03-18 17:41:57,102 32724 DEBUG odoo odoo.modules.loading: Loading module bus (8/36) 
2025-03-18 17:41:57,102 32724 DEBUG odoo odoo.modules.loading: Module bus loaded in 0.00s, 0 queries 
2025-03-18 17:41:57,102 32724 DEBUG odoo odoo.modules.loading: Loading module http_routing (9/36) 
2025-03-18 17:41:57,102 32724 DEBUG odoo odoo.modules.loading: Module http_routing loaded in 0.00s, 0 queries 
2025-03-18 17:41:57,102 32724 DEBUG odoo odoo.modules.loading: Loading module resource (10/36) 
2025-03-18 17:41:57,102 32724 DEBUG odoo odoo.modules.loading: Module resource loaded in 0.00s, 0 queries 
2025-03-18 17:41:57,102 32724 DEBUG odoo odoo.modules.loading: Loading module web_hierarchy (11/36) 
2025-03-18 17:41:57,102 32724 DEBUG odoo odoo.modules.loading: Module web_hierarchy loaded in 0.00s, 0 queries 
2025-03-18 17:41:57,102 32724 DEBUG odoo odoo.modules.loading: Loading module web_tour (12/36) 
2025-03-18 17:41:57,102 32724 DEBUG odoo odoo.modules.loading: Module web_tour loaded in 0.00s, 0 queries 
2025-03-18 17:41:57,102 32724 DEBUG odoo odoo.modules.loading: Loading module html_editor (13/36) 
2025-03-18 17:41:57,102 32724 DEBUG odoo odoo.modules.loading: Module html_editor loaded in 0.00s, 0 queries 
2025-03-18 17:41:57,102 32724 DEBUG odoo odoo.modules.loading: Loading module iap (14/36) 
2025-03-18 17:41:57,102 32724 DEBUG odoo odoo.modules.loading: Module iap loaded in 0.00s, 0 queries 
2025-03-18 17:41:57,102 32724 DEBUG odoo odoo.modules.loading: Loading module mail (15/36) 
2025-03-18 17:41:57,102 32724 DEBUG odoo odoo.modules.loading: Module mail loaded in 0.00s, 0 queries 
2025-03-18 17:41:57,102 32724 DEBUG odoo odoo.modules.loading: Loading module web_editor (16/36) 
2025-03-18 17:41:57,102 32724 DEBUG odoo odoo.modules.loading: Module web_editor loaded in 0.00s, 0 queries 
2025-03-18 17:41:57,102 32724 DEBUG odoo odoo.modules.loading: Loading module auth_signup (17/36) 
2025-03-18 17:41:57,102 32724 DEBUG odoo odoo.modules.loading: Module auth_signup loaded in 0.00s, 0 queries 
2025-03-18 17:41:57,102 32724 DEBUG odoo odoo.modules.loading: Loading module auth_totp_mail (18/36) 
2025-03-18 17:41:57,102 32724 DEBUG odoo odoo.modules.loading: Module auth_totp_mail loaded in 0.00s, 0 queries 
2025-03-18 17:41:57,102 32724 DEBUG odoo odoo.modules.loading: Loading module base_install_request (19/36) 
2025-03-18 17:41:57,102 32724 DEBUG odoo odoo.modules.loading: Module base_install_request loaded in 0.00s, 0 queries 
2025-03-18 17:41:57,102 32724 DEBUG odoo odoo.modules.loading: Loading module google_gmail (20/36) 
2025-03-18 17:41:57,102 32724 DEBUG odoo odoo.modules.loading: Module google_gmail loaded in 0.00s, 0 queries 
2025-03-18 17:41:57,102 32724 DEBUG odoo odoo.modules.loading: Loading module iap_mail (21/36) 
2025-03-18 17:41:57,102 32724 DEBUG odoo odoo.modules.loading: Module iap_mail loaded in 0.00s, 0 queries 
2025-03-18 17:41:57,102 32724 DEBUG odoo odoo.modules.loading: Loading module mail_bot (22/36) 
2025-03-18 17:41:57,102 32724 DEBUG odoo odoo.modules.loading: Module mail_bot loaded in 0.00s, 0 queries 
2025-03-18 17:41:57,102 32724 DEBUG odoo odoo.modules.loading: Loading module phone_validation (23/36) 
2025-03-18 17:41:57,102 32724 DEBUG odoo odoo.modules.loading: Module phone_validation loaded in 0.00s, 0 queries 
2025-03-18 17:41:57,102 32724 DEBUG odoo odoo.modules.loading: Loading module privacy_lookup (24/36) 
2025-03-18 17:41:57,102 32724 DEBUG odoo odoo.modules.loading: Module privacy_lookup loaded in 0.00s, 0 queries 
2025-03-18 17:41:57,102 32724 DEBUG odoo odoo.modules.loading: Loading module resource_mail (25/36) 
2025-03-18 17:41:57,102 32724 DEBUG odoo odoo.modules.loading: Module resource_mail loaded in 0.00s, 0 queries 
2025-03-18 17:41:57,102 32724 DEBUG odoo odoo.modules.loading: Loading module web_unsplash (26/36) 
2025-03-18 17:41:57,102 32724 DEBUG odoo odoo.modules.loading: Module web_unsplash loaded in 0.00s, 0 queries 
2025-03-18 17:41:57,102 32724 DEBUG odoo odoo.modules.loading: Loading module partner_autocomplete (27/36) 
2025-03-18 17:41:57,102 32724 DEBUG odoo odoo.modules.loading: Module partner_autocomplete loaded in 0.00s, 0 queries 
2025-03-18 17:41:57,102 32724 DEBUG odoo odoo.modules.loading: Loading module portal (28/36) 
2025-03-18 17:41:57,118 32724 DEBUG odoo odoo.modules.loading: Module portal loaded in 0.02s, 0 queries 
2025-03-18 17:41:57,118 32724 DEBUG odoo odoo.modules.loading: Loading module sms (29/36) 
2025-03-18 17:41:57,118 32724 DEBUG odoo odoo.modules.loading: Module sms loaded in 0.00s, 0 queries 
2025-03-18 17:41:57,118 32724 DEBUG odoo odoo.modules.loading: Loading module snailmail (30/36) 
2025-03-18 17:41:57,120 32724 DEBUG odoo odoo.modules.loading: Module snailmail loaded in 0.00s, 0 queries 
2025-03-18 17:41:57,120 32724 DEBUG odoo odoo.modules.loading: Loading module auth_totp_portal (31/36) 
2025-03-18 17:41:57,120 32724 DEBUG odoo odoo.modules.loading: Module auth_totp_portal loaded in 0.00s, 0 queries 
2025-03-18 17:41:57,120 32724 DEBUG odoo odoo.modules.loading: Loading module digest (32/36) 
2025-03-18 17:41:57,120 32724 DEBUG odoo odoo.modules.loading: Module digest loaded in 0.00s, 0 queries 
2025-03-18 17:41:57,120 32724 DEBUG odoo odoo.modules.loading: Loading module hr (33/36) 
2025-03-18 17:41:57,123 32724 DEBUG odoo odoo.modules.loading: Module hr loaded in 0.00s, 0 queries 
2025-03-18 17:41:57,123 32724 DEBUG odoo odoo.modules.loading: Loading module hr_org_chart (34/36) 
2025-03-18 17:41:57,123 32724 DEBUG odoo odoo.modules.loading: Module hr_org_chart loaded in 0.00s, 0 queries 
2025-03-18 17:41:57,123 32724 DEBUG odoo odoo.modules.loading: Loading module hr_skills (35/36) 
2025-03-18 17:41:57,124 32724 DEBUG odoo odoo.modules.loading: Module hr_skills loaded in 0.00s, 0 queries 
2025-03-18 17:41:57,124 32724 DEBUG odoo odoo.modules.loading: Loading module mail_bot_hr (36/36) 
2025-03-18 17:41:57,124 32724 DEBUG odoo odoo.modules.loading: Module mail_bot_hr loaded in 0.00s, 0 queries 
2025-03-18 17:41:57,124 32724 INFO odoo odoo.modules.loading: 36 modules loaded in 0.03s, 0 queries (+0 extra) 
2025-03-18 17:41:57,125 32724 DEBUG odoo odoo.modules.loading: Updating graph with 1 more modules 
2025-03-18 17:41:57,125 32724 INFO odoo odoo.modules.loading: loading 37 modules... 
2025-03-18 17:41:57,125 32724 INFO odoo odoo.modules.loading: Loading module plant_nursery2 (10/37) 
2025-03-18 17:41:57,130 32724 WARNING odoo odoo.models: The model nursery.plant has no _description 
2025-03-18 17:41:57,130 32724 WARNING odoo odoo.models: The model nursery.customer has no _description 
2025-03-18 17:41:57,130 32724 WARNING odoo odoo.models: The model nursery.order has no _description 
2025-03-18 17:41:57,173 32724 DEBUG odoo odoo.models: Patching res.config.settings.report_footer with translate=True 
2025-03-18 17:41:57,196 32724 DEBUG odoo odoo.models: Patching base.document.layout.report_header with translate=True 
2025-03-18 17:41:57,196 32724 DEBUG odoo odoo.models: Patching base.document.layout.report_footer with translate=True 
2025-03-18 17:41:57,196 32724 DEBUG odoo odoo.models: Patching base.document.layout.company_details with translate=True 
2025-03-18 17:41:57,201 32724 DEBUG odoo odoo.models: Patching iap.account.description with translate=True 
2025-03-18 17:41:57,273 32724 INFO odoo odoo.modules.registry: module plant_nursery2: creating or updating database tables 
2025-03-18 17:41:57,288 32724 DEBUG odoo odoo.schema: Table 'nursery_plant': created 
2025-03-18 17:41:57,300 32724 DEBUG odoo odoo.schema: Table 'nursery_customer': created 
2025-03-18 17:41:57,307 32724 DEBUG odoo odoo.schema: Table 'nursery_order': created 
2025-03-18 17:41:57,364 32724 DEBUG odoo odoo.schema: Table 'nursery_plant': added foreign key 'create_uid' references 'res_users'('id') ON DELETE set null 
2025-03-18 17:41:57,377 32724 DEBUG odoo odoo.schema: Table 'nursery_plant': added foreign key 'write_uid' references 'res_users'('id') ON DELETE set null 
2025-03-18 17:41:57,380 32724 DEBUG odoo odoo.schema: Table 'nursery_customer': added foreign key 'create_uid' references 'res_users'('id') ON DELETE set null 
2025-03-18 17:41:57,380 32724 DEBUG odoo odoo.schema: Table 'nursery_customer': added foreign key 'write_uid' references 'res_users'('id') ON DELETE set null 
2025-03-18 17:41:57,392 32724 DEBUG odoo odoo.schema: Table 'nursery_order': added foreign key 'plant_id' references 'nursery_plant'('id') ON DELETE restrict 
2025-03-18 17:41:57,392 32724 DEBUG odoo odoo.schema: Table 'nursery_order': added foreign key 'customer_id' references 'nursery_customer'('id') ON DELETE set null 
2025-03-18 17:41:57,401 32724 DEBUG odoo odoo.schema: Table 'nursery_order': added foreign key 'create_uid' references 'res_users'('id') ON DELETE set null 
2025-03-18 17:41:57,408 32724 DEBUG odoo odoo.schema: Table 'nursery_order': added foreign key 'write_uid' references 'res_users'('id') ON DELETE set null 
2025-03-18 17:41:57,504 32724 INFO odoo odoo.modules.loading: loading plant_nursery2/data/actions.xml 
2025-03-18 17:41:57,508 32724 DEBUG odoo odoo.modules.registry: Invalidating default model caches from create C:\odoo\odoo\odoo\addons\base\models\ir_ui_menu.py:166 
2025-03-18 17:41:57,522 32724 DEBUG odoo odoo.modules.registry: Invalidating default model caches from create C:\odoo\odoo\odoo\addons\base\models\ir_actions.py:352 
2025-03-18 17:41:57,526 32724 DEBUG odoo odoo.modules.registry: Invalidating default model caches from create C:\odoo\odoo\odoo\addons\base\models\ir_actions.py:108 
2025-03-18 17:41:57,527 32724 DEBUG odoo odoo.modules.registry: Invalidating default model caches from create C:\odoo\odoo\odoo\addons\base\models\ir_actions.py:352 
2025-03-18 17:41:57,529 32724 DEBUG odoo odoo.modules.registry: Invalidating default model caches from create C:\odoo\odoo\odoo\addons\base\models\ir_actions.py:108 
2025-03-18 17:41:57,530 32724 DEBUG odoo odoo.modules.registry: Invalidating default model caches from create C:\odoo\odoo\odoo\addons\base\models\ir_actions.py:352 
2025-03-18 17:41:57,532 32724 DEBUG odoo odoo.modules.registry: Invalidating default model caches from create C:\odoo\odoo\odoo\addons\base\models\ir_actions.py:108 
2025-03-18 17:41:57,535 32724 DEBUG odoo odoo.modules.registry: Invalidating default model caches from create C:\odoo\odoo\odoo\addons\base\models\ir_ui_menu.py:166 
2025-03-18 17:41:57,540 32724 DEBUG odoo odoo.modules.registry: Invalidating default model caches from create C:\odoo\odoo\odoo\addons\base\models\ir_ui_menu.py:166 
2025-03-18 17:41:57,547 32724 DEBUG odoo odoo.modules.registry: Invalidating default model caches from create C:\odoo\odoo\odoo\addons\base\models\ir_ui_menu.py:166 
2025-03-18 17:41:57,552 32724 INFO odoo odoo.modules.loading: loading plant_nursery2/data/plant_views.xml 
2025-03-18 17:41:57,559 32724 DEBUG odoo odoo.modules.registry: Invalidating templates model caches from create C:\odoo\odoo\odoo\addons\base\models\ir_ui_view.py:517 
2025-03-18 17:41:57,579 32724 INFO odoo odoo.modules.loading: loading plant_nursery2/data/order_views.xml 
2025-03-18 17:41:57,581 32724 DEBUG odoo odoo.modules.registry: Invalidating templates model caches from create C:\odoo\odoo\odoo\addons\base\models\ir_ui_view.py:517 
2025-03-18 17:41:57,602 32724 WARNING odoo odoo.modules.loading: The models ['nursery.plant', 'nursery.customer', 'nursery.order'] have no access rules in module plant_nursery2, consider adding some, like:
id,name,model_id:id,group_id:id,perm_read,perm_write,perm_create,perm_unlink
plant_nursery2.access_nursery_plant,access_nursery_plant,plant_nursery2.model_nursery_plant,base.group_user,1,0,0,0
plant_nursery2.access_nursery_customer,access_nursery_customer,plant_nursery2.model_nursery_customer,base.group_user,1,0,0,0
plant_nursery2.access_nursery_order,access_nursery_order,plant_nursery2.model_nursery_order,base.group_user,1,0,0,0 
2025-03-18 17:41:57,610 32724 INFO odoo odoo.modules.loading: Module plant_nursery2 loaded in 0.49s, 145 queries (+145 other) 
2025-03-18 17:41:57,610 32724 INFO odoo odoo.modules.loading: 37 modules loaded in 0.49s, 145 queries (+145 extra) 
2025-03-18 17:41:57,824 32724 DEBUG odoo odoo.models: column index is in the table auth_totp_device but not in the corresponding object auth_totp.device 
2025-03-18 17:41:57,824 32724 DEBUG odoo odoo.models: column key is in the table auth_totp_device but not in the corresponding object auth_totp.device 
2025-03-18 17:41:57,871 32724 DEBUG odoo odoo.models: column web is in the table ir_module_module but not in the corresponding object ir.module.module 
2025-03-18 17:41:57,907 32724 DEBUG odoo odoo.models: column password is in the table res_users but not in the corresponding object res.users 
2025-03-18 17:41:57,908 32724 DEBUG odoo odoo.models: column totp_secret is in the table res_users but not in the corresponding object res.users 
2025-03-18 17:41:57,908 32724 DEBUG odoo odoo.models: column index is in the table res_users_apikeys but not in the corresponding object res.users.apikeys 
2025-03-18 17:41:57,908 32724 DEBUG odoo odoo.models: column key is in the table res_users_apikeys but not in the corresponding object res.users.apikeys 
2025-03-18 17:41:57,962 32724 DEBUG odoo odoo.modules.registry: Invalidating templates model caches from write C:\odoo\odoo\odoo\addons\base\models\ir_ui_view.py:533 
2025-03-18 17:41:57,968 32724 DEBUG odoo odoo.modules.registry: Invalidating templates model caches from write C:\odoo\odoo\odoo\addons\base\models\ir_ui_view.py:533 
2025-03-18 17:41:58,703 32724 INFO odoo odoo.modules.loading: Modules loaded. 
2025-03-18 17:41:58,707 32724 INFO odoo odoo.modules.registry: Registry changed, signaling through the database 
2025-03-18 17:41:58,707 32724 INFO odoo odoo.modules.registry: Registry loaded in 2.514s 
2025-03-18 17:41:58,707 32724 INFO odoo odoo.addons.base.models.ir_module: getting next ir.actions.todo() 
2025-03-18 17:41:58,723 32724 INFO odoo werkzeug: 127.0.0.1 - - [18/Mar/2025 17:41:58] "POST /web/dataset/call_button/ir.module.module/button_immediate_install HTTP/1.1" 200 - 2505 1.483 1.160
2025-03-18 17:41:59,081 32724 INFO odoo odoo.addons.base.models.ir_http: Generating routing map for key None 
2025-03-18 17:41:59,424 32724 WARNING odoo odoo.modules.module: Missing `license` key in manifest for 'plant_nursery2', defaulting to LGPL-3 
2025-03-18 17:42:00,261 32724 INFO odoo werkzeug: 127.0.0.1 - - [18/Mar/2025 17:42:00] "GET /odoo HTTP/1.1" 200 - 91 0.056 1.129
2025-03-18 17:42:00,646 32724 INFO odoo werkzeug: 127.0.0.1 - - [18/Mar/2025 17:42:00] "POST /web/action/load HTTP/1.1" 200 - 7 0.012 0.024
2025-03-18 17:42:00,700 32724 INFO odoo werkzeug: 127.0.0.1 - - [18/Mar/2025 17:42:00] "GET /web/image?model=res.users&field=avatar_128&id=2 HTTP/1.1" 304 - 17 0.035 0.054
2025-03-18 17:42:01,032 32724 INFO odoo werkzeug: 127.0.0.1 - - [18/Mar/2025 17:42:01] "POST /mail/data HTTP/1.1" 200 - 34 0.057 0.061
2025-03-18 17:42:01,079 32724 INFO odoo werkzeug: 127.0.0.1 - - [18/Mar/2025 17:42:01] "GET /web/manifest.webmanifest HTTP/1.1" 200 - 9 0.020 0.023
2025-03-18 17:42:01,195 32724 INFO odoo werkzeug: 127.0.0.1 - - [18/Mar/2025 17:42:01] "POST /mail/data HTTP/1.1" 200 - 63 0.067 0.124
2025-03-18 17:42:01,579 32724 INFO odoo werkzeug: 127.0.0.1 - - [18/Mar/2025 17:42:01] "POST /mail/inbox/messages HTTP/1.1" 200 - 5 0.002 0.011
2025-03-18 17:42:02,852 32724 INFO odoo werkzeug: 127.0.0.1 - - [18/Mar/2025 17:42:02] "GET /web/service-worker.js HTTP/1.1" 200 - 1 0.001 0.006
2025-03-18 17:42:41,158 32724 DEBUG ? odoo.service.server: cron0 polling for jobs 
2025-03-18 17:42:42,223 32724 DEBUG ? odoo.service.server: cron1 polling for jobs 
2025-03-18 17:42:59,619 32724 INFO odoo werkzeug: 127.0.0.1 - - [18/Mar/2025 17:42:59] "POST /web/action/load HTTP/1.1" 200 - 10 0.011 0.019
2025-03-18 17:42:59,835 32724 DEBUG odoo odoo.api: call ir.module.module().get_views(options={'action_id': 39, 'embedded_action_id': False, 'embedded_parent_res_id': False, 'load_filters': True, 'toolbar': True}, views=[[False, 'kanban'], [False, 'list'], [False, 'form'], [95, 'search']]) 
2025-03-18 17:42:59,981 32724 INFO odoo werkzeug: 127.0.0.1 - - [18/Mar/2025 17:42:59] "POST /web/dataset/call_kw/ir.module.module/get_views HTTP/1.1" 200 - 56 0.032 0.114
2025-03-18 17:42:59,996 32724 DEBUG odoo odoo.api: call ir.module.module().search_panel_select_range('module_type', category_domain=[], enable_counters=False, expand=True, filter_domain=[], hierarchize=True, limit=200, search_domain=[['application', '=', True]]) 
2025-03-18 17:42:59,996 32724 INFO odoo werkzeug: 127.0.0.1 - - [18/Mar/2025 17:42:59] "POST /web/dataset/call_kw/ir.module.module/search_panel_select_range HTTP/1.1" 200 - 1 0.001 0.005
2025-03-18 17:43:00,304 32724 DEBUG odoo odoo.api: call ir.module.module().search_panel_select_range('category_id', category_domain=[], enable_counters=True, expand=False, filter_domain=[], hierarchize=True, limit=200, search_domain=[['application', '=', True]]) 
2025-03-18 17:43:00,307 32724 DEBUG odoo odoo.api: call ir.module.module().web_search_read(count_limit=10001, domain=[['application', '=', True]], limit=80, offset=0, order='', specification={'to_buy': {}, 'name': {}, 'state': {}, 'summary': {}, 'website': {}, 'application': {}, 'module_type': {}, 'icon': {}, 'icon_flag': {}, 'shortdesc': {}}) 
2025-03-18 17:43:00,393 32724 INFO odoo werkzeug: 127.0.0.1 - - [18/Mar/2025 17:43:00] "POST /web/dataset/call_kw/ir.module.module/search_panel_select_range HTTP/1.1" 200 - 56 0.043 0.057
2025-03-18 17:43:00,410 32724 INFO odoo werkzeug: 127.0.0.1 - - [18/Mar/2025 17:43:00] "POST /web/dataset/call_kw/ir.module.module/web_search_read HTTP/1.1" 200 - 4 0.019 0.098
2025-03-18 17:43:02,183 32724 DEBUG odoo odoo.api: call ir.module.module().search_panel_select_range('category_id', category_domain=[], enable_counters=True, expand=False, filter_domain=[], hierarchize=True, limit=200, search_domain=[]) 
2025-03-18 17:43:02,190 32724 DEBUG odoo odoo.api: call ir.module.module().web_search_read(count_limit=10001, domain=[], limit=80, offset=0, order='', specification={'to_buy': {}, 'name': {}, 'state': {}, 'summary': {}, 'website': {}, 'application': {}, 'module_type': {}, 'icon': {}, 'icon_flag': {}, 'shortdesc': {}}) 
2025-03-18 17:43:02,251 32724 INFO odoo werkzeug: 127.0.0.1 - - [18/Mar/2025 17:43:02] "POST /web/dataset/call_kw/ir.module.module/search_panel_select_range HTTP/1.1" 200 - 54 0.029 0.047
2025-03-18 17:43:02,275 32724 INFO odoo werkzeug: 127.0.0.1 - - [18/Mar/2025 17:43:02] "POST /web/dataset/call_kw/ir.module.module/web_search_read HTTP/1.1" 200 - 4 0.006 0.093
2025-03-18 17:43:07,768 32724 DEBUG odoo odoo.api: call ir.module.module().search_panel_select_range('category_id', category_domain=[], enable_counters=True, expand=False, filter_domain=[], hierarchize=True, limit=200, search_domain=['|', '|', ['summary', 'ilike', 'Plant Nursery'], ['shortdesc', 'ilike', 'Plant Nursery'], ['name', 'ilike', 'Plant Nursery']]) 
2025-03-18 17:43:07,848 32724 INFO odoo werkzeug: 127.0.0.1 - - [18/Mar/2025 17:43:07] "POST /web/dataset/call_kw/ir.module.module/search_panel_select_range HTTP/1.1" 200 - 54 0.056 0.027
2025-03-18 17:43:08,176 32724 DEBUG odoo odoo.api: call ir.module.module().web_search_read(count_limit=10001, domain=['|', '|', ['summary', 'ilike', 'Plant Nursery'], ['shortdesc', 'ilike', 'Plant Nursery'], ['name', 'ilike', 'Plant Nursery']], limit=80, offset=0, order='', specification={'to_buy': {}, 'name': {}, 'state': {}, 'summary': {}, 'website': {}, 'application': {}, 'module_type': {}, 'icon': {}, 'icon_flag': {}, 'shortdesc': {}}) 
2025-03-18 17:43:08,189 32724 INFO odoo werkzeug: 127.0.0.1 - - [18/Mar/2025 17:43:08] "POST /web/dataset/call_kw/ir.module.module/web_search_read HTTP/1.1" 200 - 3 0.006 0.013
2025-03-18 17:43:11,814 32724 DEBUG odoo odoo.api: call ir.module.module(634,).button_immediate_upgrade() 
2025-03-18 17:43:11,824 32724 INFO odoo odoo.addons.base.models.ir_module: ALLOW access to module.button_immediate_upgrade on ['Plant Nursery2'] to user admin #2 via 127.0.0.1 
2025-03-18 17:43:11,825 32724 INFO odoo odoo.addons.base.models.ir_module: ALLOW access to module.button_upgrade on ['Plant Nursery2'] to user admin #2 via 127.0.0.1 
2025-03-18 17:43:11,826 32724 INFO odoo odoo.addons.base.models.ir_module: ALLOW access to module.update_list on ['Plant Nursery2'] to user admin #2 via 127.0.0.1 
2025-03-18 17:43:12,797 32724 INFO odoo odoo.addons.base.models.ir_module: ALLOW access to module.button_install on [] to user admin #2 via 127.0.0.1 
2025-03-18 17:43:12,848 32724 DEBUG odoo odoo.modules.registry: Multiprocess load registry signaling: [Registry: 75] [Cache default: 5] [Cache assets: 1] [Cache templates: 1] [Cache routing: 1] [Cache groups: 1] 
2025-03-18 17:43:12,858 32724 INFO odoo odoo.modules.loading: loading 1 modules... 
2025-03-18 17:43:12,858 32724 DEBUG odoo odoo.modules.loading: Loading module base (1/1) 
2025-03-18 17:43:12,858 32724 DEBUG odoo odoo.modules.loading: Module base loaded in 0.00s, 0 queries 
2025-03-18 17:43:12,858 32724 INFO odoo odoo.modules.loading: 1 modules loaded in 0.00s, 0 queries (+0 extra) 
2025-03-18 17:43:12,902 32724 INFO odoo odoo.modules.loading: updating modules list 
2025-03-18 17:43:12,902 32724 INFO odoo odoo.addons.base.models.ir_module: ALLOW access to module.update_list on [] to user __system__ #1 via 127.0.0.1 
2025-03-18 17:43:13,602 32724 DEBUG odoo odoo.modules.loading: Updating graph with 36 more modules 
2025-03-18 17:43:13,602 32724 INFO odoo odoo.modules.loading: loading 37 modules... 
2025-03-18 17:43:13,603 32724 DEBUG odoo odoo.modules.loading: Loading module estate (2/37) 
2025-03-18 17:43:13,603 32724 DEBUG odoo odoo.modules.loading: Module estate loaded in 0.00s, 0 queries 
2025-03-18 17:43:13,603 32724 DEBUG odoo odoo.modules.loading: Loading module web (3/37) 
2025-03-18 17:43:13,604 32724 DEBUG odoo odoo.modules.loading: Module web loaded in 0.00s, 0 queries 
2025-03-18 17:43:13,604 32724 DEBUG odoo odoo.modules.loading: Loading module auth_totp (4/37) 
2025-03-18 17:43:13,604 32724 DEBUG odoo odoo.modules.loading: Module auth_totp loaded in 0.00s, 0 queries 
2025-03-18 17:43:13,604 32724 DEBUG odoo odoo.modules.loading: Loading module base_import (5/37) 
2025-03-18 17:43:13,605 32724 DEBUG odoo odoo.modules.loading: Module base_import loaded in 0.00s, 0 queries 
2025-03-18 17:43:13,606 32724 DEBUG odoo odoo.modules.loading: Loading module base_import_module (6/37) 
2025-03-18 17:43:13,606 32724 DEBUG odoo odoo.modules.loading: Module base_import_module loaded in 0.00s, 0 queries 
2025-03-18 17:43:13,606 32724 DEBUG odoo odoo.modules.loading: Loading module base_setup (7/37) 
2025-03-18 17:43:13,606 32724 DEBUG odoo odoo.modules.loading: Module base_setup loaded in 0.00s, 0 queries 
2025-03-18 17:43:13,606 32724 DEBUG odoo odoo.modules.loading: Loading module bus (8/37) 
2025-03-18 17:43:13,607 32724 DEBUG odoo odoo.modules.loading: Module bus loaded in 0.00s, 0 queries 
2025-03-18 17:43:13,607 32724 DEBUG odoo odoo.modules.loading: Loading module http_routing (9/37) 
2025-03-18 17:43:13,607 32724 DEBUG odoo odoo.modules.loading: Module http_routing loaded in 0.00s, 0 queries 
2025-03-18 17:43:13,607 32724 INFO odoo odoo.modules.loading: Loading module plant_nursery2 (10/37) 
2025-03-18 17:43:13,638 32724 DEBUG odoo odoo.models: Patching res.config.settings.report_footer with translate=True 
2025-03-18 17:43:13,638 32724 DEBUG odoo odoo.models: Patching base.document.layout.report_header with translate=True 
2025-03-18 17:43:13,638 32724 DEBUG odoo odoo.models: Patching base.document.layout.report_footer with translate=True 
2025-03-18 17:43:13,638 32724 DEBUG odoo odoo.models: Patching base.document.layout.company_details with translate=True 
2025-03-18 17:43:13,658 32724 WARNING odoo odoo.models: The model nursery.plant has no _description 
2025-03-18 17:43:13,658 32724 WARNING odoo odoo.models: The model nursery.customer has no _description 
2025-03-18 17:43:13,660 32724 WARNING odoo odoo.models: The model nursery.order has no _description 
2025-03-18 17:43:13,682 32724 DEBUG odoo odoo.models: Patching res.config.settings.report_footer with translate=True 
2025-03-18 17:43:13,687 32724 DEBUG odoo odoo.models: Patching base.document.layout.report_header with translate=True 
2025-03-18 17:43:13,687 32724 DEBUG odoo odoo.models: Patching base.document.layout.report_footer with translate=True 
2025-03-18 17:43:13,687 32724 DEBUG odoo odoo.models: Patching base.document.layout.company_details with translate=True 
2025-03-18 17:43:13,687 32724 INFO odoo odoo.modules.registry: module plant_nursery2: creating or updating database tables 
2025-03-18 17:43:13,737 32724 INFO odoo odoo.modules.loading: loading plant_nursery2/data/actions.xml 
2025-03-18 17:43:13,752 32724 DEBUG odoo odoo.modules.registry: Invalidating default model caches from write C:\odoo\odoo\odoo\addons\base\models\ir_ui_menu.py:173 
2025-03-18 17:43:13,764 32724 DEBUG odoo odoo.modules.registry: Invalidating default model caches from write C:\odoo\odoo\odoo\addons\base\models\ir_actions.py:114 
2025-03-18 17:43:13,771 32724 DEBUG odoo odoo.modules.registry: Invalidating default model caches from write C:\odoo\odoo\odoo\addons\base\models\ir_actions.py:114 
2025-03-18 17:43:13,771 32724 DEBUG odoo odoo.modules.registry: Invalidating default model caches from write C:\odoo\odoo\odoo\addons\base\models\ir_actions.py:114 
2025-03-18 17:43:13,771 32724 DEBUG odoo odoo.modules.registry: Invalidating default model caches from write C:\odoo\odoo\odoo\addons\base\models\ir_ui_menu.py:173 
2025-03-18 17:43:13,795 32724 DEBUG odoo odoo.modules.registry: Invalidating default model caches from write C:\odoo\odoo\odoo\addons\base\models\ir_ui_menu.py:173 
2025-03-18 17:43:13,804 32724 DEBUG odoo odoo.modules.registry: Invalidating default model caches from write C:\odoo\odoo\odoo\addons\base\models\ir_ui_menu.py:173 
2025-03-18 17:43:13,805 32724 INFO odoo odoo.modules.loading: loading plant_nursery2/data/plant_views.xml 
2025-03-18 17:43:13,821 32724 DEBUG odoo odoo.modules.registry: Invalidating templates model caches from write C:\odoo\odoo\odoo\addons\base\models\ir_ui_view.py:533 
2025-03-18 17:43:13,821 32724 DEBUG odoo odoo.modules.registry: Invalidating templates model caches from write C:\odoo\odoo\odoo\addons\base\models\ir_ui_view.py:533 
2025-03-18 17:43:13,842 32724 INFO odoo odoo.modules.loading: loading plant_nursery2/data/order_views.xml 
2025-03-18 17:43:13,846 32724 DEBUG odoo odoo.modules.registry: Invalidating templates model caches from write C:\odoo\odoo\odoo\addons\base\models\ir_ui_view.py:533 
2025-03-18 17:43:13,846 32724 DEBUG odoo odoo.modules.registry: Invalidating templates model caches from write C:\odoo\odoo\odoo\addons\base\models\ir_ui_view.py:533 
2025-03-18 17:43:13,882 32724 WARNING odoo odoo.modules.loading: The models ['nursery.plant', 'nursery.customer', 'nursery.order'] have no access rules in module plant_nursery2, consider adding some, like:
id,name,model_id:id,group_id:id,perm_read,perm_write,perm_create,perm_unlink
plant_nursery2.access_nursery_plant,access_nursery_plant,plant_nursery2.model_nursery_plant,base.group_user,1,0,0,0
plant_nursery2.access_nursery_customer,access_nursery_customer,plant_nursery2.model_nursery_customer,base.group_user,1,0,0,0
plant_nursery2.access_nursery_order,access_nursery_order,plant_nursery2.model_nursery_order,base.group_user,1,0,0,0 
2025-03-18 17:43:13,901 32724 INFO odoo odoo.modules.loading: Module plant_nursery2 loaded in 0.29s, 110 queries (+110 other) 
2025-03-18 17:43:13,901 32724 DEBUG odoo odoo.modules.loading: Loading module resource (11/37) 
2025-03-18 17:43:13,901 32724 DEBUG odoo odoo.modules.loading: Module resource loaded in 0.00s, 0 queries 
2025-03-18 17:43:13,901 32724 DEBUG odoo odoo.modules.loading: Loading module web_hierarchy (12/37) 
2025-03-18 17:43:13,901 32724 WARNING odoo odoo.models: The model nursery.plant has no _description 
2025-03-18 17:43:13,901 32724 WARNING odoo odoo.models: The model nursery.customer has no _description 
2025-03-18 17:43:13,901 32724 WARNING odoo odoo.models: The model nursery.order has no _description 
2025-03-18 17:43:13,901 32724 DEBUG odoo odoo.modules.loading: Module web_hierarchy loaded in 0.00s, 0 queries 
2025-03-18 17:43:13,901 32724 DEBUG odoo odoo.modules.loading: Loading module web_tour (13/37) 
2025-03-18 17:43:13,911 32724 DEBUG odoo odoo.modules.loading: Module web_tour loaded in 0.01s, 0 queries 
2025-03-18 17:43:13,912 32724 DEBUG odoo odoo.modules.loading: Loading module html_editor (14/37) 
2025-03-18 17:43:13,912 32724 DEBUG odoo odoo.modules.loading: Module html_editor loaded in 0.00s, 0 queries 
2025-03-18 17:43:13,912 32724 DEBUG odoo odoo.modules.loading: Loading module iap (15/37) 
2025-03-18 17:43:13,912 32724 DEBUG odoo odoo.modules.loading: Module iap loaded in 0.00s, 0 queries 
2025-03-18 17:43:13,912 32724 DEBUG odoo odoo.modules.loading: Loading module mail (16/37) 
2025-03-18 17:43:13,913 32724 WARNING odoo odoo.models: The model nursery.plant has no _description 
2025-03-18 17:43:13,913 32724 WARNING odoo odoo.models: The model nursery.customer has no _description 
2025-03-18 17:43:13,913 32724 WARNING odoo odoo.models: The model nursery.order has no _description 
2025-03-18 17:43:13,916 32724 DEBUG odoo odoo.modules.loading: Module mail loaded in 0.00s, 0 queries 
2025-03-18 17:43:13,916 32724 DEBUG odoo odoo.modules.loading: Loading module web_editor (17/37) 
2025-03-18 17:43:13,916 32724 WARNING odoo odoo.models: The model nursery.plant has no _description 
2025-03-18 17:43:13,916 32724 WARNING odoo odoo.models: The model nursery.customer has no _description 
2025-03-18 17:43:13,916 32724 WARNING odoo odoo.models: The model nursery.order has no _description 
2025-03-18 17:43:13,916 32724 WARNING odoo odoo.models: The model nursery.plant has no _description 
2025-03-18 17:43:13,916 32724 WARNING odoo odoo.models: The model nursery.customer has no _description 
2025-03-18 17:43:13,916 32724 WARNING odoo odoo.models: The model nursery.order has no _description 
2025-03-18 17:43:13,923 32724 DEBUG odoo odoo.modules.loading: Module web_editor loaded in 0.01s, 0 queries 
2025-03-18 17:43:13,923 32724 DEBUG odoo odoo.modules.loading: Loading module auth_signup (18/37) 
2025-03-18 17:43:13,924 32724 DEBUG odoo odoo.modules.loading: Module auth_signup loaded in 0.00s, 0 queries 
2025-03-18 17:43:13,924 32724 DEBUG odoo odoo.modules.loading: Loading module auth_totp_mail (19/37) 
2025-03-18 17:43:13,924 32724 DEBUG odoo odoo.modules.loading: Module auth_totp_mail loaded in 0.00s, 0 queries 
2025-03-18 17:43:13,924 32724 DEBUG odoo odoo.modules.loading: Loading module base_install_request (20/37) 
2025-03-18 17:43:13,924 32724 DEBUG odoo odoo.modules.loading: Module base_install_request loaded in 0.00s, 0 queries 
2025-03-18 17:43:13,924 32724 DEBUG odoo odoo.modules.loading: Loading module google_gmail (21/37) 
2025-03-18 17:43:13,925 32724 DEBUG odoo odoo.modules.loading: Module google_gmail loaded in 0.00s, 0 queries 
2025-03-18 17:43:13,925 32724 DEBUG odoo odoo.modules.loading: Loading module iap_mail (22/37) 
2025-03-18 17:43:13,925 32724 DEBUG odoo odoo.modules.loading: Module iap_mail loaded in 0.00s, 0 queries 
2025-03-18 17:43:13,925 32724 DEBUG odoo odoo.modules.loading: Loading module mail_bot (23/37) 
2025-03-18 17:43:13,925 32724 DEBUG odoo odoo.modules.loading: Module mail_bot loaded in 0.00s, 0 queries 
2025-03-18 17:43:13,925 32724 DEBUG odoo odoo.modules.loading: Loading module phone_validation (24/37) 
2025-03-18 17:43:13,927 32724 WARNING odoo odoo.models: The model nursery.plant has no _description 
2025-03-18 17:43:13,927 32724 WARNING odoo odoo.models: The model nursery.customer has no _description 
2025-03-18 17:43:13,928 32724 WARNING odoo odoo.models: The model nursery.order has no _description 
2025-03-18 17:43:13,929 32724 DEBUG odoo odoo.modules.loading: Module phone_validation loaded in 0.00s, 0 queries 
2025-03-18 17:43:13,929 32724 DEBUG odoo odoo.modules.loading: Loading module privacy_lookup (25/37) 
2025-03-18 17:43:13,929 32724 DEBUG odoo odoo.modules.loading: Module privacy_lookup loaded in 0.00s, 0 queries 
2025-03-18 17:43:13,930 32724 DEBUG odoo odoo.modules.loading: Loading module resource_mail (26/37) 
2025-03-18 17:43:13,930 32724 DEBUG odoo odoo.modules.loading: Module resource_mail loaded in 0.00s, 0 queries 
2025-03-18 17:43:13,930 32724 DEBUG odoo odoo.modules.loading: Loading module web_unsplash (27/37) 
2025-03-18 17:43:13,930 32724 DEBUG odoo odoo.modules.loading: Module web_unsplash loaded in 0.00s, 0 queries 
2025-03-18 17:43:13,931 32724 DEBUG odoo odoo.modules.loading: Loading module partner_autocomplete (28/37) 
2025-03-18 17:43:13,931 32724 DEBUG odoo odoo.modules.loading: Module partner_autocomplete loaded in 0.00s, 0 queries 
2025-03-18 17:43:13,931 32724 DEBUG odoo odoo.modules.loading: Loading module portal (29/37) 
2025-03-18 17:43:13,932 32724 DEBUG odoo odoo.modules.loading: Module portal loaded in 0.00s, 0 queries 
2025-03-18 17:43:13,932 32724 DEBUG odoo odoo.modules.loading: Loading module sms (30/37) 
2025-03-18 17:43:13,934 32724 DEBUG odoo odoo.modules.loading: Module sms loaded in 0.00s, 0 queries 
2025-03-18 17:43:13,934 32724 DEBUG odoo odoo.modules.loading: Loading module snailmail (31/37) 
2025-03-18 17:43:13,935 32724 DEBUG odoo odoo.modules.loading: Module snailmail loaded in 0.00s, 0 queries 
2025-03-18 17:43:13,935 32724 DEBUG odoo odoo.modules.loading: Loading module auth_totp_portal (32/37) 
2025-03-18 17:43:13,935 32724 DEBUG odoo odoo.modules.loading: Module auth_totp_portal loaded in 0.00s, 0 queries 
2025-03-18 17:43:13,935 32724 DEBUG odoo odoo.modules.loading: Loading module digest (33/37) 
2025-03-18 17:43:13,936 32724 DEBUG odoo odoo.modules.loading: Module digest loaded in 0.00s, 0 queries 
2025-03-18 17:43:13,936 32724 DEBUG odoo odoo.modules.loading: Loading module hr (34/37) 
2025-03-18 17:43:13,937 32724 WARNING odoo odoo.models: The model nursery.plant has no _description 
2025-03-18 17:43:13,937 32724 WARNING odoo odoo.models: The model nursery.customer has no _description 
2025-03-18 17:43:13,937 32724 WARNING odoo odoo.models: The model nursery.order has no _description 
2025-03-18 17:43:13,937 32724 DEBUG odoo odoo.modules.loading: Module hr loaded in 0.00s, 0 queries 
2025-03-18 17:43:13,937 32724 DEBUG odoo odoo.modules.loading: Loading module hr_org_chart (35/37) 
2025-03-18 17:43:13,937 32724 DEBUG odoo odoo.modules.loading: Module hr_org_chart loaded in 0.00s, 0 queries 
2025-03-18 17:43:13,937 32724 DEBUG odoo odoo.modules.loading: Loading module hr_skills (36/37) 
2025-03-18 17:43:13,937 32724 DEBUG odoo odoo.modules.loading: Module hr_skills loaded in 0.00s, 0 queries 
2025-03-18 17:43:13,937 32724 DEBUG odoo odoo.modules.loading: Loading module mail_bot_hr (37/37) 
2025-03-18 17:43:13,937 32724 DEBUG odoo odoo.modules.loading: Module mail_bot_hr loaded in 0.00s, 0 queries 
2025-03-18 17:43:13,937 32724 INFO odoo odoo.modules.loading: 37 modules loaded in 0.33s, 110 queries (+110 extra) 
2025-03-18 17:43:14,222 32724 DEBUG odoo odoo.models: column index is in the table auth_totp_device but not in the corresponding object auth_totp.device 
2025-03-18 17:43:14,222 32724 DEBUG odoo odoo.models: column key is in the table auth_totp_device but not in the corresponding object auth_totp.device 
2025-03-18 17:43:14,291 32724 DEBUG odoo odoo.models: column web is in the table ir_module_module but not in the corresponding object ir.module.module 
2025-03-18 17:43:14,333 32724 DEBUG odoo odoo.models: column password is in the table res_users but not in the corresponding object res.users 
2025-03-18 17:43:14,333 32724 DEBUG odoo odoo.models: column totp_secret is in the table res_users but not in the corresponding object res.users 
2025-03-18 17:43:14,333 32724 DEBUG odoo odoo.models: column index is in the table res_users_apikeys but not in the corresponding object res.users.apikeys 
2025-03-18 17:43:14,333 32724 DEBUG odoo odoo.models: column key is in the table res_users_apikeys but not in the corresponding object res.users.apikeys 
2025-03-18 17:43:14,374 32724 INFO odoo odoo.modules.registry: verifying fields for every extended model 
2025-03-18 17:43:14,451 32724 DEBUG odoo odoo.modules.registry: Invalidating templates model caches from write C:\odoo\odoo\odoo\addons\base\models\ir_ui_view.py:533 
2025-03-18 17:43:14,468 32724 DEBUG odoo odoo.modules.registry: Invalidating templates model caches from write C:\odoo\odoo\odoo\addons\base\models\ir_ui_view.py:533 
2025-03-18 17:43:15,090 32724 INFO odoo odoo.modules.loading: Modules loaded. 
2025-03-18 17:43:15,109 32724 INFO odoo odoo.modules.registry: Registry changed, signaling through the database 
2025-03-18 17:43:15,111 32724 INFO odoo odoo.modules.registry: Registry loaded in 2.263s 
2025-03-18 17:43:15,111 32724 INFO odoo odoo.addons.base.models.ir_module: getting next ir.actions.todo() 
2025-03-18 17:43:15,119 32724 INFO odoo werkzeug: 127.0.0.1 - - [18/Mar/2025 17:43:15] "POST /web/dataset/call_button/ir.module.module/button_immediate_upgrade HTTP/1.1" 200 - 4046 1.787 1.523
2025-03-18 17:43:15,472 32724 INFO odoo odoo.addons.base.models.ir_http: Generating routing map for key None 
2025-03-18 17:43:16,333 32724 INFO odoo werkzeug: 127.0.0.1 - - [18/Mar/2025 17:43:16] "GET /odoo HTTP/1.1" 200 - 91 0.063 0.802
2025-03-18 17:43:16,707 32724 INFO odoo werkzeug: 127.0.0.1 - - [18/Mar/2025 17:43:16] "POST /web/action/load HTTP/1.1" 200 - 7 0.014 0.022
2025-03-18 17:43:16,753 32724 INFO odoo werkzeug: 127.0.0.1 - - [18/Mar/2025 17:43:16] "GET /web/image?model=res.users&field=avatar_128&id=2 HTTP/1.1" 304 - 17 0.024 0.056
2025-03-18 17:43:17,042 32724 INFO odoo werkzeug: 127.0.0.1 - - [18/Mar/2025 17:43:17] "POST /mail/data HTTP/1.1" 200 - 34 0.023 0.044
2025-03-18 17:43:17,121 32724 INFO odoo werkzeug: 127.0.0.1 - - [18/Mar/2025 17:43:17] "GET /web/manifest.webmanifest HTTP/1.1" 200 - 9 0.011 0.019
2025-03-18 17:43:17,194 32724 INFO odoo werkzeug: 127.0.0.1 - - [18/Mar/2025 17:43:17] "POST /mail/data HTTP/1.1" 200 - 63 0.050 0.085
2025-03-18 17:43:17,589 32724 INFO odoo werkzeug: 127.0.0.1 - - [18/Mar/2025 17:43:17] "POST /mail/inbox/messages HTTP/1.1" 200 - 5 0.006 0.016
2025-03-18 17:43:18,812 32724 INFO odoo werkzeug: 127.0.0.1 - - [18/Mar/2025 17:43:18] "GET /web/service-worker.js HTTP/1.1" 200 - 1 0.000 0.000
2025-03-18 17:43:41,181 32724 DEBUG ? odoo.service.server: cron0 polling for jobs 
2025-03-18 17:43:43,235 32724 DEBUG ? odoo.service.server: cron1 polling for jobs 
2025-03-18 17:44:41,190 32724 DEBUG ? odoo.service.server: cron0 polling for jobs 
2025-03-18 17:44:44,258 32724 DEBUG ? odoo.service.server: cron1 polling for jobs 
2025-03-18 17:45:41,202 32724 DEBUG ? odoo.service.server: cron0 polling for jobs 
2025-03-18 17:45:45,279 32724 DEBUG ? odoo.service.server: cron1 polling for jobs 
2025-03-18 17:46:41,218 32724 DEBUG ? odoo.service.server: cron0 polling for jobs 
2025-03-18 17:46:46,301 32724 DEBUG ? odoo.service.server: cron1 polling for jobs 
2025-03-18 17:47:41,232 32724 DEBUG ? odoo.service.server: cron0 polling for jobs 
2025-03-18 17:47:47,314 32724 DEBUG ? odoo.service.server: cron1 polling for jobs 
2025-03-18 17:48:41,237 32724 DEBUG ? odoo.service.server: cron0 polling for jobs 
2025-03-18 17:48:48,338 32724 DEBUG ? odoo.service.server: cron1 polling for jobs 
2025-03-18 17:49:14,395 24312 DEBUG ? odoo.netsvc: logger level set: "odoo.http.rpc.request:INFO" 
2025-03-18 17:49:14,395 24312 DEBUG ? odoo.netsvc: logger level set: "odoo.http.rpc.response:INFO" 
2025-03-18 17:49:14,395 24312 DEBUG ? odoo.netsvc: logger level set: ":INFO" 
2025-03-18 17:49:14,395 24312 DEBUG ? odoo.netsvc: logger level set: "odoo:DEBUG" 
2025-03-18 17:49:14,395 24312 DEBUG ? odoo.netsvc: logger level set: "odoo.sql_db:INFO" 
2025-03-18 17:49:14,395 24312 DEBUG ? odoo.netsvc: logger level set: ":INFO" 
2025-03-18 17:49:14,396 24312 INFO ? odoo: Odoo version 18.0 
2025-03-18 17:49:14,396 24312 INFO ? odoo: Using configuration file at C:\odoo\odoo\odoo.conf 
2025-03-18 17:49:14,396 24312 INFO ? odoo: addons paths: ['C:\\odoo\\odoo\\odoo\\addons', 'c:\\users\\georg\\appdata\\local\\openerp s.a\\odoo\\addons\\18.0', 'c:\\odoo\\odoo\\addons_extra', 'c:\\odoo\\odoo\\addons', 'c:\\odoo\\odoo\\odoo\\addons'] 
2025-03-18 17:49:14,396 24312 INFO ? odoo: database: odoo@default:default 
2025-03-18 17:49:14,719 24312 INFO ? odoo.addons.base.models.ir_actions_report: You need Wkhtmltopdf to print a pdf version of the reports. 
2025-03-18 17:49:14,728 24312 INFO ? odoo.addons.base.models.ir_actions_report: You need Wkhtmltoimage to generate images from html. 
2025-03-18 17:49:15,155 24312 DEBUG ? odoo.service.server: Setting signal handlers 
2025-03-18 17:49:15,163 24312 INFO ? odoo.service.server: HTTP service (werkzeug) running on GLO:8069 
2025-03-18 17:49:15,196 24312 DEBUG ? odoo.http: HTTP sessions stored in: c:\users\georg\appdata\local\openerp s.a\odoo\sessions 
2025-03-18 17:49:15,229 24312 DEBUG odoo odoo.modules.registry: Multiprocess load registry signaling: [Registry: 76] [Cache default: 5] [Cache assets: 1] [Cache templates: 1] [Cache routing: 1] [Cache groups: 1] 
2025-03-18 17:49:15,239 24312 INFO odoo odoo.modules.loading: loading 1 modules... 
2025-03-18 17:49:15,239 24312 DEBUG odoo odoo.modules.loading: Loading module base (1/1) 
2025-03-18 17:49:15,244 24312 DEBUG odoo odoo.modules.loading: Module base loaded in 0.00s, 0 queries 
2025-03-18 17:49:15,244 24312 INFO odoo odoo.modules.loading: 1 modules loaded in 0.00s, 0 queries (+0 extra) 
2025-03-18 17:49:15,281 24312 INFO odoo odoo.modules.loading: updating modules list 
2025-03-18 17:49:15,290 24312 INFO odoo odoo.addons.base.models.ir_module: ALLOW access to module.update_list on [] to user __system__ #1 via n/a 
2025-03-18 17:49:16,517 24312 WARNING odoo odoo.modules.module: Missing `license` key in manifest for 'plant_nursery2', defaulting to LGPL-3 
2025-03-18 17:49:17,005 24312 WARNING odoo odoo.modules.loading: invalid module names, ignored:  Plant Nursery2 
2025-03-18 17:49:17,020 24312 DEBUG odoo odoo.modules.loading: Updating graph with 36 more modules 
2025-03-18 17:49:17,020 24312 INFO odoo odoo.modules.loading: loading 37 modules... 
2025-03-18 17:49:17,020 24312 DEBUG odoo odoo.modules.loading: Loading module estate (2/37) 
2025-03-18 17:49:17,021 24312 DEBUG odoo odoo.modules.loading: Module estate loaded in 0.00s, 0 queries 
2025-03-18 17:49:17,021 24312 DEBUG odoo odoo.modules.loading: Loading module web (3/37) 
2025-03-18 17:49:17,021 24312 DEBUG odoo odoo.modules.loading: Module web loaded in 0.00s, 0 queries 
2025-03-18 17:49:17,021 24312 DEBUG odoo odoo.modules.loading: Loading module auth_totp (4/37) 
2025-03-18 17:49:17,053 24312 DEBUG odoo odoo.modules.loading: Module auth_totp loaded in 0.03s, 0 queries 
2025-03-18 17:49:17,053 24312 DEBUG odoo odoo.modules.loading: Loading module base_import (5/37) 
2025-03-18 17:49:17,366 24312 DEBUG odoo odoo.modules.loading: Module base_import loaded in 0.31s, 0 queries 
2025-03-18 17:49:17,366 24312 DEBUG odoo odoo.modules.loading: Loading module base_import_module (6/37) 
2025-03-18 17:49:17,374 24312 DEBUG odoo odoo.modules.loading: Module base_import_module loaded in 0.01s, 0 queries 
2025-03-18 17:49:17,374 24312 DEBUG odoo odoo.modules.loading: Loading module base_setup (7/37) 
2025-03-18 17:49:17,380 24312 DEBUG odoo odoo.modules.loading: Module base_setup loaded in 0.01s, 0 queries 
2025-03-18 17:49:17,380 24312 DEBUG odoo odoo.modules.loading: Loading module bus (8/37) 
2025-03-18 17:49:17,400 24312 DEBUG odoo odoo.modules.loading: Module bus loaded in 0.02s, 0 queries 
2025-03-18 17:49:17,400 24312 DEBUG odoo odoo.modules.loading: Loading module http_routing (9/37) 
2025-03-18 17:49:17,407 24312 DEBUG odoo odoo.modules.loading: Module http_routing loaded in 0.01s, 0 queries 
2025-03-18 17:49:17,407 24312 DEBUG odoo odoo.modules.loading: Loading module plant_nursery2 (10/37) 
2025-03-18 17:49:17,411 24312 WARNING odoo odoo.models: The model nursery.plant has no _description 
2025-03-18 17:49:17,411 24312 WARNING odoo odoo.models: The model nursery.customer has no _description 
2025-03-18 17:49:17,411 24312 WARNING odoo odoo.models: The model nursery.order has no _description 
2025-03-18 17:49:17,411 24312 DEBUG odoo odoo.modules.loading: Module plant_nursery2 loaded in 0.00s, 0 queries 
2025-03-18 17:49:17,411 24312 DEBUG odoo odoo.modules.loading: Loading module resource (11/37) 
2025-03-18 17:49:17,428 24312 DEBUG odoo odoo.modules.loading: Module resource loaded in 0.02s, 0 queries 
2025-03-18 17:49:17,429 24312 DEBUG odoo odoo.modules.loading: Loading module web_hierarchy (12/37) 
2025-03-18 17:49:17,434 24312 WARNING odoo odoo.models: The model nursery.plant has no _description 
2025-03-18 17:49:17,434 24312 WARNING odoo odoo.models: The model nursery.customer has no _description 
2025-03-18 17:49:17,434 24312 WARNING odoo odoo.models: The model nursery.order has no _description 
2025-03-18 17:49:17,434 24312 DEBUG odoo odoo.modules.loading: Module web_hierarchy loaded in 0.01s, 0 queries 
2025-03-18 17:49:17,434 24312 DEBUG odoo odoo.modules.loading: Loading module web_tour (13/37) 
2025-03-18 17:49:17,438 24312 DEBUG odoo odoo.modules.loading: Module web_tour loaded in 0.00s, 0 queries 
2025-03-18 17:49:17,438 24312 DEBUG odoo odoo.modules.loading: Loading module html_editor (14/37) 
2025-03-18 17:49:17,633 24312 DEBUG odoo odoo.modules.loading: Module html_editor loaded in 0.19s, 0 queries 
2025-03-18 17:49:17,633 24312 DEBUG odoo odoo.modules.loading: Loading module iap (15/37) 
2025-03-18 17:49:17,634 24312 DEBUG odoo odoo.modules.loading: Module iap loaded in 0.00s, 0 queries 
2025-03-18 17:49:17,634 24312 DEBUG odoo odoo.modules.loading: Loading module mail (16/37) 
2025-03-18 17:49:17,635 24312 WARNING odoo odoo.models: The model nursery.plant has no _description 
2025-03-18 17:49:17,635 24312 WARNING odoo odoo.models: The model nursery.customer has no _description 
2025-03-18 17:49:17,635 24312 WARNING odoo odoo.models: The model nursery.order has no _description 
2025-03-18 17:49:17,638 24312 DEBUG odoo odoo.modules.loading: Module mail loaded in 0.00s, 0 queries 
2025-03-18 17:49:17,638 24312 DEBUG odoo odoo.modules.loading: Loading module web_editor (17/37) 
2025-03-18 17:49:17,665 24312 WARNING odoo odoo.models: The model nursery.plant has no _description 
2025-03-18 17:49:17,665 24312 WARNING odoo odoo.models: The model nursery.customer has no _description 
2025-03-18 17:49:17,665 24312 WARNING odoo odoo.models: The model nursery.order has no _description 
2025-03-18 17:49:17,666 24312 WARNING odoo odoo.models: The model nursery.plant has no _description 
2025-03-18 17:49:17,666 24312 WARNING odoo odoo.models: The model nursery.customer has no _description 
2025-03-18 17:49:17,666 24312 WARNING odoo odoo.models: The model nursery.order has no _description 
2025-03-18 17:49:17,667 24312 DEBUG odoo odoo.modules.loading: Module web_editor loaded in 0.03s, 0 queries 
2025-03-18 17:49:17,667 24312 DEBUG odoo odoo.modules.loading: Loading module auth_signup (18/37) 
2025-03-18 17:49:17,678 24312 DEBUG odoo odoo.modules.loading: Module auth_signup loaded in 0.01s, 0 queries 
2025-03-18 17:49:17,678 24312 DEBUG odoo odoo.modules.loading: Loading module auth_totp_mail (19/37) 
2025-03-18 17:49:17,684 24312 DEBUG odoo odoo.modules.loading: Module auth_totp_mail loaded in 0.01s, 0 queries 
2025-03-18 17:49:17,684 24312 DEBUG odoo odoo.modules.loading: Loading module base_install_request (20/37) 
2025-03-18 17:49:17,692 24312 DEBUG odoo odoo.modules.loading: Module base_install_request loaded in 0.01s, 0 queries 
2025-03-18 17:49:17,692 24312 DEBUG odoo odoo.modules.loading: Loading module google_gmail (21/37) 
2025-03-18 17:49:17,702 24312 DEBUG odoo odoo.modules.loading: Module google_gmail loaded in 0.01s, 0 queries 
2025-03-18 17:49:17,702 24312 DEBUG odoo odoo.modules.loading: Loading module iap_mail (22/37) 
2025-03-18 17:49:17,707 24312 DEBUG odoo odoo.modules.loading: Module iap_mail loaded in 0.00s, 0 queries 
2025-03-18 17:49:17,708 24312 DEBUG odoo odoo.modules.loading: Loading module mail_bot (23/37) 
2025-03-18 17:49:17,717 24312 DEBUG odoo odoo.modules.loading: Module mail_bot loaded in 0.01s, 0 queries 
2025-03-18 17:49:17,717 24312 DEBUG odoo odoo.modules.loading: Loading module phone_validation (24/37) 
2025-03-18 17:49:17,739 24312 WARNING odoo odoo.models: The model nursery.plant has no _description 
2025-03-18 17:49:17,739 24312 WARNING odoo odoo.models: The model nursery.customer has no _description 
2025-03-18 17:49:17,739 24312 WARNING odoo odoo.models: The model nursery.order has no _description 
2025-03-18 17:49:17,742 24312 DEBUG odoo odoo.modules.loading: Module phone_validation loaded in 0.03s, 0 queries 
2025-03-18 17:49:17,742 24312 DEBUG odoo odoo.modules.loading: Loading module privacy_lookup (25/37) 
2025-03-18 17:49:17,753 24312 DEBUG odoo odoo.modules.loading: Module privacy_lookup loaded in 0.01s, 0 queries 
2025-03-18 17:49:17,754 24312 DEBUG odoo odoo.modules.loading: Loading module resource_mail (26/37) 
2025-03-18 17:49:17,759 24312 DEBUG odoo odoo.modules.loading: Module resource_mail loaded in 0.00s, 0 queries 
2025-03-18 17:49:17,759 24312 DEBUG odoo odoo.modules.loading: Loading module web_unsplash (27/37) 
2025-03-18 17:49:17,771 24312 DEBUG odoo odoo.modules.loading: Module web_unsplash loaded in 0.01s, 0 queries 
2025-03-18 17:49:17,771 24312 DEBUG odoo odoo.modules.loading: Loading module partner_autocomplete (28/37) 
2025-03-18 17:49:17,790 24312 DEBUG odoo odoo.modules.loading: Module partner_autocomplete loaded in 0.02s, 0 queries 
2025-03-18 17:49:17,790 24312 DEBUG odoo odoo.modules.loading: Loading module portal (29/37) 
2025-03-18 17:49:17,827 24312 DEBUG odoo odoo.modules.loading: Module portal loaded in 0.04s, 0 queries 
2025-03-18 17:49:17,827 24312 DEBUG odoo odoo.modules.loading: Loading module sms (30/37) 
2025-03-18 17:49:17,864 24312 DEBUG odoo odoo.modules.loading: Module sms loaded in 0.04s, 0 queries 
2025-03-18 17:49:17,864 24312 DEBUG odoo odoo.modules.loading: Loading module snailmail (31/37) 
2025-03-18 17:49:17,890 24312 DEBUG odoo odoo.modules.loading: Module snailmail loaded in 0.03s, 0 queries 
2025-03-18 17:49:17,891 24312 DEBUG odoo odoo.modules.loading: Loading module auth_totp_portal (32/37) 
2025-03-18 17:49:17,895 24312 DEBUG odoo odoo.modules.loading: Module auth_totp_portal loaded in 0.00s, 0 queries 
2025-03-18 17:49:17,895 24312 DEBUG odoo odoo.modules.loading: Loading module digest (33/37) 
2025-03-18 17:49:17,906 24312 DEBUG odoo odoo.modules.loading: Module digest loaded in 0.01s, 0 queries 
2025-03-18 17:49:17,906 24312 DEBUG odoo odoo.modules.loading: Loading module hr (34/37) 
2025-03-18 17:49:17,945 24312 WARNING odoo odoo.models: The model nursery.plant has no _description 
2025-03-18 17:49:17,945 24312 WARNING odoo odoo.models: The model nursery.customer has no _description 
2025-03-18 17:49:17,945 24312 WARNING odoo odoo.models: The model nursery.order has no _description 
2025-03-18 17:49:17,948 24312 DEBUG odoo odoo.modules.loading: Module hr loaded in 0.04s, 0 queries 
2025-03-18 17:49:17,948 24312 DEBUG odoo odoo.modules.loading: Loading module hr_org_chart (35/37) 
2025-03-18 17:49:17,955 24312 DEBUG odoo odoo.modules.loading: Module hr_org_chart loaded in 0.01s, 0 queries 
2025-03-18 17:49:17,955 24312 DEBUG odoo odoo.modules.loading: Loading module hr_skills (36/37) 
2025-03-18 17:49:17,975 24312 DEBUG odoo odoo.modules.loading: Module hr_skills loaded in 0.02s, 0 queries 
2025-03-18 17:49:17,975 24312 DEBUG odoo odoo.modules.loading: Loading module mail_bot_hr (37/37) 
2025-03-18 17:49:17,976 24312 DEBUG odoo odoo.modules.loading: Module mail_bot_hr loaded in 0.00s, 0 queries 
2025-03-18 17:49:17,976 24312 INFO odoo odoo.modules.loading: 37 modules loaded in 0.96s, 0 queries (+0 extra) 
2025-03-18 17:49:18,207 24312 DEBUG odoo odoo.modules.registry: Invalidating templates model caches from write C:\odoo\odoo\odoo\addons\base\models\ir_ui_view.py:533 
2025-03-18 17:49:18,217 24312 DEBUG odoo odoo.modules.registry: Invalidating templates model caches from write C:\odoo\odoo\odoo\addons\base\models\ir_ui_view.py:533 
2025-03-18 17:49:18,795 24312 INFO odoo odoo.modules.loading: Modules loaded. 
2025-03-18 17:49:18,805 24312 INFO odoo odoo.modules.registry: Registry changed, signaling through the database 
2025-03-18 17:49:18,807 24312 INFO odoo odoo.modules.registry: Registry loaded in 3.641s 
2025-03-18 17:49:18,809 24312 DEBUG odoo odoo.service.server: cron0 started! 
2025-03-18 17:49:18,810 24312 DEBUG odoo odoo.service.server: cron1 started! 
2025-03-18 17:49:18,811 24312 INFO odoo odoo.addons.base.models.ir_http: Generating routing map for key None 
2025-03-18 17:49:19,002 24312 INFO odoo werkzeug: 127.0.0.1 - - [18/Mar/2025 17:49:18] "GET /websocket?version=18.0-3 HTTP/1.1" 101 - 6 0.008 3.798
2025-03-18 17:49:19,230 24312 WARNING odoo odoo.modules.module: Missing `license` key in manifest for 'plant_nursery2', defaulting to LGPL-3 
2025-03-18 17:49:19,403 24312 INFO ? odoo.addons.bus.models.bus: Bus.loop listen imbus on db postgres 
2025-03-18 17:49:20,121 24312 INFO odoo werkzeug: 127.0.0.1 - - [18/Mar/2025 17:49:20] "GET /odoo/discuss HTTP/1.1" 200 - 90 0.113 4.001
2025-03-18 17:49:20,402 24312 DEBUG ? odoo.modules.module: module __init__.py: no manifest file found ('__manifest__.py', '__openerp__.py') 
2025-03-18 17:49:20,410 24312 DEBUG ? odoo.modules.module: module __pycache__: no manifest file found ('__manifest__.py', '__openerp__.py') 
2025-03-18 17:49:20,447 24312 INFO odoo werkzeug: 127.0.0.1 - - [18/Mar/2025 17:49:20] "GET /web/image?model=res.users&field=avatar_128&id=2 HTTP/1.1" 304 - 13 0.015 0.049
2025-03-18 17:49:20,505 24312 DEBUG ? odoo.modules.module: module website_twitter: no manifest file found ('__manifest__.py', '__openerp__.py') 
2025-03-18 17:49:20,535 24312 INFO odoo werkzeug: 127.0.0.1 - - [18/Mar/2025 17:49:20] "POST /web/action/load HTTP/1.1" 200 - 8 0.006 0.145
2025-03-18 17:49:20,896 24312 INFO odoo werkzeug: 127.0.0.1 - - [18/Mar/2025 17:49:20] "POST /mail/data HTTP/1.1" 200 - 34 0.100 0.090
2025-03-18 17:49:20,940 24312 INFO odoo werkzeug: 127.0.0.1 - - [18/Mar/2025 17:49:20] "GET /web/manifest.webmanifest HTTP/1.1" 200 - 9 0.015 0.029
2025-03-18 17:49:21,037 24312 INFO odoo werkzeug: 127.0.0.1 - - [18/Mar/2025 17:49:21] "POST /mail/data HTTP/1.1" 200 - 63 0.140 0.166
2025-03-18 17:49:21,458 24312 INFO odoo werkzeug: 127.0.0.1 - - [18/Mar/2025 17:49:21] "GET /odoo/discuss HTTP/1.1" 200 - 14 0.012 0.040
2025-03-18 17:49:21,715 24312 INFO odoo werkzeug: 127.0.0.1 - - [18/Mar/2025 17:49:21] "POST /web/action/load HTTP/1.1" 200 - 7 0.029 0.022
2025-03-18 17:49:21,719 24312 INFO odoo werkzeug: 127.0.0.1 - - [18/Mar/2025 17:49:21] "GET /web/image?model=res.users&field=avatar_128&id=2 HTTP/1.1" 304 - 9 0.018 0.039
2025-03-18 17:49:22,054 24312 INFO odoo werkzeug: 127.0.0.1 - - [18/Mar/2025 17:49:22] "POST /mail/data HTTP/1.1" 200 - 23 0.012 0.057
2025-03-18 17:49:22,114 24312 INFO odoo werkzeug: 127.0.0.1 - - [18/Mar/2025 17:49:22] "GET /web/manifest.webmanifest HTTP/1.1" 200 - 7 0.023 0.021
2025-03-18 17:49:22,188 24312 INFO odoo werkzeug: 127.0.0.1 - - [18/Mar/2025 17:49:22] "POST /mail/data HTTP/1.1" 200 - 56 0.043 0.090
2025-03-18 17:49:22,570 24312 INFO odoo werkzeug: 127.0.0.1 - - [18/Mar/2025 17:49:22] "POST /mail/inbox/messages HTTP/1.1" 200 - 5 0.002 0.017
2025-03-18 17:49:23,812 24312 INFO odoo werkzeug: 127.0.0.1 - - [18/Mar/2025 17:49:23] "GET /web/service-worker.js HTTP/1.1" 200 - 1 0.001 0.007
2025-03-18 17:49:31,488 24312 INFO odoo werkzeug: 127.0.0.1 - - [18/Mar/2025 17:49:31] "POST /web/action/load HTTP/1.1" 200 - 10 0.004 0.026
2025-03-18 17:49:31,728 24312 DEBUG odoo odoo.api: call ir.module.module().get_views(options={'action_id': 39, 'embedded_action_id': False, 'embedded_parent_res_id': False, 'load_filters': True, 'toolbar': True}, views=[[False, 'kanban'], [False, 'list'], [False, 'form'], [95, 'search']]) 
2025-03-18 17:49:31,837 24312 INFO odoo werkzeug: 127.0.0.1 - - [18/Mar/2025 17:49:31] "POST /web/dataset/call_kw/ir.module.module/get_views HTTP/1.1" 200 - 56 0.020 0.095
2025-03-18 17:49:31,852 24312 DEBUG odoo odoo.api: call ir.module.module().search_panel_select_range('module_type', category_domain=[], enable_counters=False, expand=True, filter_domain=[], hierarchize=True, limit=200, search_domain=[['application', '=', True]]) 
2025-03-18 17:49:31,854 24312 INFO odoo werkzeug: 127.0.0.1 - - [18/Mar/2025 17:49:31] "POST /web/dataset/call_kw/ir.module.module/search_panel_select_range HTTP/1.1" 200 - 1 0.000 0.008
2025-03-18 17:49:32,167 24312 DEBUG odoo odoo.api: call ir.module.module().web_search_read(count_limit=10001, domain=[['application', '=', True]], limit=80, offset=0, order='', specification={'to_buy': {}, 'name': {}, 'state': {}, 'summary': {}, 'website': {}, 'application': {}, 'module_type': {}, 'icon': {}, 'icon_flag': {}, 'shortdesc': {}}) 
2025-03-18 17:49:32,171 24312 DEBUG odoo odoo.api: call ir.module.module().search_panel_select_range('category_id', category_domain=[], enable_counters=True, expand=False, filter_domain=[], hierarchize=True, limit=200, search_domain=[['application', '=', True]]) 
2025-03-18 17:49:32,191 24312 DEBUG odoo odoo.modules.module: module mrp_workorder: no manifest file found ('__manifest__.py', '__openerp__.py') 
2025-03-18 17:49:32,208 24312 DEBUG odoo odoo.modules.module: module accountant: no manifest file found ('__manifest__.py', '__openerp__.py') 
2025-03-18 17:49:32,218 24312 DEBUG odoo odoo.modules.module: module knowledge: no manifest file found ('__manifest__.py', '__openerp__.py') 
2025-03-18 17:49:32,246 24312 DEBUG odoo odoo.modules.module: module timesheet_grid: no manifest file found ('__manifest__.py', '__openerp__.py') 
2025-03-18 17:49:32,258 24312 DEBUG odoo odoo.modules.module: module web_studio: no manifest file found ('__manifest__.py', '__openerp__.py') 
2025-03-18 17:49:32,274 24312 DEBUG odoo odoo.modules.module: module industry_fsm: no manifest file found ('__manifest__.py', '__openerp__.py') 
2025-03-18 17:49:32,275 24312 INFO odoo werkzeug: 127.0.0.1 - - [18/Mar/2025 17:49:32] "POST /web/dataset/call_kw/ir.module.module/search_panel_select_range HTTP/1.1" 200 - 56 0.050 0.071
2025-03-18 17:49:32,287 24312 DEBUG odoo odoo.modules.module: module sign: no manifest file found ('__manifest__.py', '__openerp__.py') 
2025-03-18 17:49:32,287 24312 DEBUG odoo odoo.modules.module: module helpdesk: no manifest file found ('__manifest__.py', '__openerp__.py') 
2025-03-18 17:49:32,288 24312 DEBUG odoo odoo.modules.module: module sale_subscription: no manifest file found ('__manifest__.py', '__openerp__.py') 
2025-03-18 17:49:32,290 24312 DEBUG odoo odoo.modules.module: module quality_control: no manifest file found ('__manifest__.py', '__openerp__.py') 
2025-03-18 17:49:32,293 24312 DEBUG odoo odoo.modules.module: module planning: no manifest file found ('__manifest__.py', '__openerp__.py') 
2025-03-18 17:49:32,296 24312 DEBUG odoo odoo.modules.module: module mrp_plm: no manifest file found ('__manifest__.py', '__openerp__.py') 
2025-03-18 17:49:32,298 24312 DEBUG odoo odoo.modules.module: module social: no manifest file found ('__manifest__.py', '__openerp__.py') 
2025-03-18 17:49:32,299 24312 DEBUG odoo odoo.modules.module: module hr_appraisal: no manifest file found ('__manifest__.py', '__openerp__.py') 
2025-03-18 17:49:32,300 24312 DEBUG odoo odoo.modules.module: module marketing_automation: no manifest file found ('__manifest__.py', '__openerp__.py') 
2025-03-18 17:49:32,301 24312 DEBUG odoo odoo.modules.module: module appointment: no manifest file found ('__manifest__.py', '__openerp__.py') 
2025-03-18 17:49:32,302 24312 DEBUG odoo odoo.modules.module: module web_mobile: no manifest file found ('__manifest__.py', '__openerp__.py') 
2025-03-18 17:49:32,303 24312 DEBUG odoo odoo.modules.module: module stock_barcode: no manifest file found ('__manifest__.py', '__openerp__.py') 
2025-03-18 17:49:32,305 24312 DEBUG odoo odoo.modules.module: module voip: no manifest file found ('__manifest__.py', '__openerp__.py') 
2025-03-18 17:49:32,306 24312 DEBUG odoo odoo.modules.module: module sale_amazon: no manifest file found ('__manifest__.py', '__openerp__.py') 
2025-03-18 17:49:32,312 24312 INFO odoo werkzeug: 127.0.0.1 - - [18/Mar/2025 17:49:32] "POST /web/dataset/call_kw/ir.module.module/web_search_read HTTP/1.1" 200 - 4 0.008 0.146
2025-03-18 17:49:34,237 24312 DEBUG odoo odoo.api: call ir.module.module().web_search_read(count_limit=10001, domain=[], limit=80, offset=0, order='', specification={'to_buy': {}, 'name': {}, 'state': {}, 'summary': {}, 'website': {}, 'application': {}, 'module_type': {}, 'icon': {}, 'icon_flag': {}, 'shortdesc': {}}) 
2025-03-18 17:49:34,244 24312 DEBUG odoo odoo.api: call ir.module.module().search_panel_select_range('category_id', category_domain=[], enable_counters=True, expand=False, filter_domain=[], hierarchize=True, limit=200, search_domain=[]) 
2025-03-18 17:49:34,290 24312 INFO odoo werkzeug: 127.0.0.1 - - [18/Mar/2025 17:49:34] "POST /web/dataset/call_kw/ir.module.module/search_panel_select_range HTTP/1.1" 200 - 54 0.034 0.026
2025-03-18 17:49:34,312 24312 INFO odoo werkzeug: 127.0.0.1 - - [18/Mar/2025 17:49:34] "POST /web/dataset/call_kw/ir.module.module/web_search_read HTTP/1.1" 200 - 4 0.006 0.077
2025-03-18 17:49:39,321 24312 DEBUG odoo odoo.api: call ir.module.module().search_panel_select_range('category_id', category_domain=[], enable_counters=True, expand=False, filter_domain=[], hierarchize=True, limit=200, search_domain=['|', '|', ['summary', 'ilike', 'Plant Nursery'], ['shortdesc', 'ilike', 'Plant Nursery'], ['name', 'ilike', 'Plant Nursery']]) 
2025-03-18 17:49:39,430 24312 INFO odoo werkzeug: 127.0.0.1 - - [18/Mar/2025 17:49:39] "POST /web/dataset/call_kw/ir.module.module/search_panel_select_range HTTP/1.1" 200 - 54 0.073 0.041
2025-03-18 17:49:39,756 24312 DEBUG odoo odoo.api: call ir.module.module().web_search_read(count_limit=10001, domain=['|', '|', ['summary', 'ilike', 'Plant Nursery'], ['shortdesc', 'ilike', 'Plant Nursery'], ['name', 'ilike', 'Plant Nursery']], limit=80, offset=0, order='', specification={'to_buy': {}, 'name': {}, 'state': {}, 'summary': {}, 'website': {}, 'application': {}, 'module_type': {}, 'icon': {}, 'icon_flag': {}, 'shortdesc': {}}) 
2025-03-18 17:49:39,768 24312 INFO odoo werkzeug: 127.0.0.1 - - [18/Mar/2025 17:49:39] "POST /web/dataset/call_kw/ir.module.module/web_search_read HTTP/1.1" 200 - 3 0.006 0.012
2025-03-18 17:49:43,371 24312 DEBUG odoo odoo.api: call ir.module.module(634,).more_info() 
2025-03-18 17:49:43,372 24312 INFO odoo werkzeug: 127.0.0.1 - - [18/Mar/2025 17:49:43] "POST /web/dataset/call_button/ir.module.module/more_info HTTP/1.1" 200 - 1 0.000 0.007
2025-03-18 17:49:43,692 24312 DEBUG odoo odoo.api: call ir.module.module().get_views(options={'action_id': False, 'embedded_action_id': False, 'embedded_parent_res_id': False, 'load_filters': True, 'toolbar': True}, views=[[False, 'form'], [False, 'search']]) 
2025-03-18 17:49:43,706 24312 INFO odoo werkzeug: 127.0.0.1 - - [18/Mar/2025 17:49:43] "POST /web/dataset/call_kw/ir.module.module/get_views HTTP/1.1" 200 - 6 0.000 0.018
2025-03-18 17:49:43,953 24312 DEBUG odoo odoo.api: call ir.module.module(634,).web_read(specification={'icon_image': {}, 'write_date': {}, 'shortdesc': {}, 'summary': {}, 'author': {}, 'website': {}, 'category_id': {'fields': {'display_name': {}}}, 'name': {}, 'license': {}, 'installed_version': {}, 'demo': {}, 'application': {}, 'state': {}, 'dependencies_id': {'fields': {'name': {}, 'state': {}}, 'limit': 40, 'order': ''}, 'exclusion_ids': {'fields': {'name': {}, 'state': {}}, 'limit': 40, 'order': ''}, 'menus_by_module': {}, 'views_by_module': {}, 'reports_by_module': {}, 'description_html': {}, 'module_type': {}, 'to_buy': {}, 'has_iap': {}, 'display_name': {}}) 
2025-03-18 17:49:44,109 24312 INFO odoo werkzeug: 127.0.0.1 - - [18/Mar/2025 17:49:44] "POST /web/dataset/call_kw/ir.module.module/web_read HTTP/1.1" 200 - 13 0.013 0.151
2025-03-18 17:49:44,187 24312 INFO odoo werkzeug: 127.0.0.1 - - [18/Mar/2025 17:49:44] "GET /web/image/ir.module.module/634/icon_image?unique=1742319793000 HTTP/1.1" 200 - 3 0.003 0.021
2025-03-18 17:49:48,792 24312 DEBUG odoo odoo.api: call ir.module.module(634,).button_uninstall_wizard() 
2025-03-18 17:49:48,808 24312 INFO odoo odoo.addons.base.models.ir_module: ALLOW access to module.button_uninstall_wizard on ['Plant Nursery2'] to user admin #2 via 127.0.0.1 
2025-03-18 17:49:48,810 24312 INFO odoo werkzeug: 127.0.0.1 - - [18/Mar/2025 17:49:48] "POST /web/dataset/call_button/ir.module.module/button_uninstall_wizard HTTP/1.1" 200 - 3 0.006 0.021
2025-03-18 17:49:49,035 24312 DEBUG odoo odoo.api: call base.module.uninstall().get_views(options={'action_id': False, 'embedded_action_id': False, 'embedded_parent_res_id': False, 'load_filters': False, 'toolbar': False}, views=[[False, 'form']]) 
2025-03-18 17:49:49,070 24312 INFO odoo werkzeug: 127.0.0.1 - - [18/Mar/2025 17:49:49] "POST /web/dataset/call_kw/base.module.uninstall/get_views HTTP/1.1" 200 - 15 0.010 0.032
2025-03-18 17:49:49,140 24312 DEBUG odoo odoo.api: call base.module.uninstall().onchange({}, [], {'show_all': {}, 'module_ids': {'fields': {'state': {}, 'icon': {}, 'shortdesc': {}, 'name': {}}, 'limit': 40, 'order': ''}, 'model_ids': {'fields': {'name': {}, 'count': {}}, 'limit': 40, 'order': ''}}) 
2025-03-18 17:49:49,166 24312 INFO odoo werkzeug: 127.0.0.1 - - [18/Mar/2025 17:49:49] "POST /web/dataset/call_kw/base.module.uninstall/onchange HTTP/1.1" 200 - 9 0.012 0.018
2025-03-18 17:49:51,101 24312 DEBUG odoo odoo.api: call base.module.uninstall().web_save({'show_all': False}, specification={'show_all': {}, 'module_ids': {'fields': {'state': {}, 'icon': {}, 'shortdesc': {}, 'name': {}}, 'limit': 40, 'order': ''}, 'model_ids': {'fields': {'name': {}, 'count': {}}, 'limit': 40, 'order': ''}}) 
2025-03-18 17:49:51,143 24312 INFO odoo werkzeug: 127.0.0.1 - - [18/Mar/2025 17:49:51] "POST /web/dataset/call_kw/base.module.uninstall/web_save HTTP/1.1" 200 - 11 0.011 0.037
2025-03-18 17:49:51,455 24312 DEBUG odoo odoo.api: call base.module.uninstall(5,).action_uninstall() 
2025-03-18 17:49:51,464 24312 INFO odoo odoo.addons.base.models.ir_module: ALLOW access to module.button_immediate_uninstall on ['Plant Nursery2'] to user admin #2 via 127.0.0.1 
2025-03-18 17:49:51,464 24312 INFO odoo odoo.addons.base.models.ir_module: User #2 triggered module uninstallation 
2025-03-18 17:49:51,464 24312 INFO odoo odoo.addons.base.models.ir_module: ALLOW access to module.button_uninstall on ['Plant Nursery2'] to user admin #2 via 127.0.0.1 
2025-03-18 17:49:51,497 24312 DEBUG odoo odoo.modules.registry: Multiprocess load registry signaling: [Registry: 77] [Cache default: 5] [Cache assets: 1] [Cache templates: 1] [Cache routing: 1] [Cache groups: 1] 
2025-03-18 17:49:51,503 24312 INFO odoo odoo.modules.loading: loading 1 modules... 
2025-03-18 17:49:51,503 24312 DEBUG odoo odoo.modules.loading: Loading module base (1/1) 
2025-03-18 17:49:51,504 24312 DEBUG odoo odoo.modules.loading: Module base loaded in 0.00s, 0 queries 
2025-03-18 17:49:51,504 24312 INFO odoo odoo.modules.loading: 1 modules loaded in 0.00s, 0 queries (+0 extra) 
2025-03-18 17:49:51,564 24312 INFO odoo odoo.modules.loading: updating modules list 
2025-03-18 17:49:51,567 24312 INFO odoo odoo.addons.base.models.ir_module: ALLOW access to module.update_list on [] to user __system__ #1 via 127.0.0.1 
2025-03-18 17:49:52,503 24312 DEBUG odoo odoo.modules.loading: Updating graph with 36 more modules 
2025-03-18 17:49:52,503 24312 INFO odoo odoo.modules.loading: loading 37 modules... 
2025-03-18 17:49:52,503 24312 DEBUG odoo odoo.modules.loading: Loading module estate (2/37) 
2025-03-18 17:49:52,503 24312 DEBUG odoo odoo.modules.loading: Module estate loaded in 0.00s, 0 queries 
2025-03-18 17:49:52,503 24312 DEBUG odoo odoo.modules.loading: Loading module web (3/37) 
2025-03-18 17:49:52,503 24312 DEBUG odoo odoo.modules.loading: Module web loaded in 0.00s, 0 queries 
2025-03-18 17:49:52,503 24312 DEBUG odoo odoo.modules.loading: Loading module auth_totp (4/37) 
2025-03-18 17:49:52,503 24312 DEBUG odoo odoo.modules.loading: Module auth_totp loaded in 0.00s, 0 queries 
2025-03-18 17:49:52,503 24312 DEBUG odoo odoo.modules.loading: Loading module base_import (5/37) 
2025-03-18 17:49:52,503 24312 DEBUG odoo odoo.modules.loading: Module base_import loaded in 0.00s, 0 queries 
2025-03-18 17:49:52,503 24312 DEBUG odoo odoo.modules.loading: Loading module base_import_module (6/37) 
2025-03-18 17:49:52,503 24312 DEBUG odoo odoo.modules.loading: Module base_import_module loaded in 0.00s, 0 queries 
2025-03-18 17:49:52,503 24312 DEBUG odoo odoo.modules.loading: Loading module base_setup (7/37) 
2025-03-18 17:49:52,503 24312 DEBUG odoo odoo.modules.loading: Module base_setup loaded in 0.00s, 0 queries 
2025-03-18 17:49:52,503 24312 DEBUG odoo odoo.modules.loading: Loading module bus (8/37) 
2025-03-18 17:49:52,503 24312 DEBUG odoo odoo.modules.loading: Module bus loaded in 0.00s, 0 queries 
2025-03-18 17:49:52,503 24312 DEBUG odoo odoo.modules.loading: Loading module http_routing (9/37) 
2025-03-18 17:49:52,503 24312 DEBUG odoo odoo.modules.loading: Module http_routing loaded in 0.00s, 0 queries 
2025-03-18 17:49:52,503 24312 DEBUG odoo odoo.modules.loading: Loading module plant_nursery2 (10/37) 
2025-03-18 17:49:52,503 24312 WARNING odoo odoo.models: The model nursery.plant has no _description 
2025-03-18 17:49:52,503 24312 WARNING odoo odoo.models: The model nursery.customer has no _description 
2025-03-18 17:49:52,503 24312 WARNING odoo odoo.models: The model nursery.order has no _description 
2025-03-18 17:49:52,503 24312 DEBUG odoo odoo.modules.loading: Module plant_nursery2 loaded in 0.00s, 0 queries 
2025-03-18 17:49:52,503 24312 DEBUG odoo odoo.modules.loading: Loading module resource (11/37) 
2025-03-18 17:49:52,519 24312 DEBUG odoo odoo.modules.loading: Module resource loaded in 0.02s, 0 queries 
2025-03-18 17:49:52,519 24312 DEBUG odoo odoo.modules.loading: Loading module web_hierarchy (12/37) 
2025-03-18 17:49:52,519 24312 WARNING odoo odoo.models: The model nursery.plant has no _description 
2025-03-18 17:49:52,519 24312 WARNING odoo odoo.models: The model nursery.customer has no _description 
2025-03-18 17:49:52,519 24312 WARNING odoo odoo.models: The model nursery.order has no _description 
2025-03-18 17:49:52,519 24312 DEBUG odoo odoo.modules.loading: Module web_hierarchy loaded in 0.00s, 0 queries 
2025-03-18 17:49:52,519 24312 DEBUG odoo odoo.modules.loading: Loading module web_tour (13/37) 
2025-03-18 17:49:52,519 24312 DEBUG odoo odoo.modules.loading: Module web_tour loaded in 0.00s, 0 queries 
2025-03-18 17:49:52,519 24312 DEBUG odoo odoo.modules.loading: Loading module html_editor (14/37) 
2025-03-18 17:49:52,519 24312 DEBUG odoo odoo.modules.loading: Module html_editor loaded in 0.00s, 0 queries 
2025-03-18 17:49:52,519 24312 DEBUG odoo odoo.modules.loading: Loading module iap (15/37) 
2025-03-18 17:49:52,519 24312 DEBUG odoo odoo.modules.loading: Module iap loaded in 0.00s, 0 queries 
2025-03-18 17:49:52,519 24312 DEBUG odoo odoo.modules.loading: Loading module mail (16/37) 
2025-03-18 17:49:52,519 24312 WARNING odoo odoo.models: The model nursery.plant has no _description 
2025-03-18 17:49:52,519 24312 WARNING odoo odoo.models: The model nursery.customer has no _description 
2025-03-18 17:49:52,519 24312 WARNING odoo odoo.models: The model nursery.order has no _description 
2025-03-18 17:49:52,524 24312 DEBUG odoo odoo.modules.loading: Module mail loaded in 0.01s, 0 queries 
2025-03-18 17:49:52,524 24312 DEBUG odoo odoo.modules.loading: Loading module web_editor (17/37) 
2025-03-18 17:49:52,526 24312 WARNING odoo odoo.models: The model nursery.plant has no _description 
2025-03-18 17:49:52,526 24312 WARNING odoo odoo.models: The model nursery.customer has no _description 
2025-03-18 17:49:52,526 24312 WARNING odoo odoo.models: The model nursery.order has no _description 
2025-03-18 17:49:52,527 24312 WARNING odoo odoo.models: The model nursery.plant has no _description 
2025-03-18 17:49:52,527 24312 WARNING odoo odoo.models: The model nursery.customer has no _description 
2025-03-18 17:49:52,527 24312 WARNING odoo odoo.models: The model nursery.order has no _description 
2025-03-18 17:49:52,528 24312 DEBUG odoo odoo.modules.loading: Module web_editor loaded in 0.00s, 0 queries 
2025-03-18 17:49:52,528 24312 DEBUG odoo odoo.modules.loading: Loading module auth_signup (18/37) 
2025-03-18 17:49:52,528 24312 DEBUG odoo odoo.modules.loading: Module auth_signup loaded in 0.00s, 0 queries 
2025-03-18 17:49:52,528 24312 DEBUG odoo odoo.modules.loading: Loading module auth_totp_mail (19/37) 
2025-03-18 17:49:52,528 24312 DEBUG odoo odoo.modules.loading: Module auth_totp_mail loaded in 0.00s, 0 queries 
2025-03-18 17:49:52,528 24312 DEBUG odoo odoo.modules.loading: Loading module base_install_request (20/37) 
2025-03-18 17:49:52,528 24312 DEBUG odoo odoo.modules.loading: Module base_install_request loaded in 0.00s, 0 queries 
2025-03-18 17:49:52,528 24312 DEBUG odoo odoo.modules.loading: Loading module google_gmail (21/37) 
2025-03-18 17:49:52,529 24312 DEBUG odoo odoo.modules.loading: Module google_gmail loaded in 0.00s, 0 queries 
2025-03-18 17:49:52,529 24312 DEBUG odoo odoo.modules.loading: Loading module iap_mail (22/37) 
2025-03-18 17:49:52,529 24312 DEBUG odoo odoo.modules.loading: Module iap_mail loaded in 0.00s, 0 queries 
2025-03-18 17:49:52,529 24312 DEBUG odoo odoo.modules.loading: Loading module mail_bot (23/37) 
2025-03-18 17:49:52,529 24312 DEBUG odoo odoo.modules.loading: Module mail_bot loaded in 0.00s, 0 queries 
2025-03-18 17:49:52,529 24312 DEBUG odoo odoo.modules.loading: Loading module phone_validation (24/37) 
2025-03-18 17:49:52,530 24312 WARNING odoo odoo.models: The model nursery.plant has no _description 
2025-03-18 17:49:52,530 24312 WARNING odoo odoo.models: The model nursery.customer has no _description 
2025-03-18 17:49:52,530 24312 WARNING odoo odoo.models: The model nursery.order has no _description 
2025-03-18 17:49:52,531 24312 DEBUG odoo odoo.modules.loading: Module phone_validation loaded in 0.00s, 0 queries 
2025-03-18 17:49:52,531 24312 DEBUG odoo odoo.modules.loading: Loading module privacy_lookup (25/37) 
2025-03-18 17:49:52,531 24312 DEBUG odoo odoo.modules.loading: Module privacy_lookup loaded in 0.00s, 0 queries 
2025-03-18 17:49:52,531 24312 DEBUG odoo odoo.modules.loading: Loading module resource_mail (26/37) 
2025-03-18 17:49:52,531 24312 DEBUG odoo odoo.modules.loading: Module resource_mail loaded in 0.00s, 0 queries 
2025-03-18 17:49:52,531 24312 DEBUG odoo odoo.modules.loading: Loading module web_unsplash (27/37) 
2025-03-18 17:49:52,531 24312 DEBUG odoo odoo.modules.loading: Module web_unsplash loaded in 0.00s, 0 queries 
2025-03-18 17:49:52,531 24312 DEBUG odoo odoo.modules.loading: Loading module partner_autocomplete (28/37) 
2025-03-18 17:49:52,532 24312 DEBUG odoo odoo.modules.loading: Module partner_autocomplete loaded in 0.00s, 0 queries 
2025-03-18 17:49:52,532 24312 DEBUG odoo odoo.modules.loading: Loading module portal (29/37) 
2025-03-18 17:49:52,532 24312 DEBUG odoo odoo.modules.loading: Module portal loaded in 0.00s, 0 queries 
2025-03-18 17:49:52,532 24312 DEBUG odoo odoo.modules.loading: Loading module sms (30/37) 
2025-03-18 17:49:52,533 24312 DEBUG odoo odoo.modules.loading: Module sms loaded in 0.00s, 0 queries 
2025-03-18 17:49:52,533 24312 DEBUG odoo odoo.modules.loading: Loading module snailmail (31/37) 
2025-03-18 17:49:52,534 24312 DEBUG odoo odoo.modules.loading: Module snailmail loaded in 0.00s, 0 queries 
2025-03-18 17:49:52,534 24312 DEBUG odoo odoo.modules.loading: Loading module auth_totp_portal (32/37) 
2025-03-18 17:49:52,534 24312 DEBUG odoo odoo.modules.loading: Module auth_totp_portal loaded in 0.00s, 0 queries 
2025-03-18 17:49:52,534 24312 DEBUG odoo odoo.modules.loading: Loading module digest (33/37) 
2025-03-18 17:49:52,534 24312 DEBUG odoo odoo.modules.loading: Module digest loaded in 0.00s, 0 queries 
2025-03-18 17:49:52,534 24312 DEBUG odoo odoo.modules.loading: Loading module hr (34/37) 
2025-03-18 17:49:52,537 24312 WARNING odoo odoo.models: The model nursery.plant has no _description 
2025-03-18 17:49:52,537 24312 WARNING odoo odoo.models: The model nursery.customer has no _description 
2025-03-18 17:49:52,537 24312 WARNING odoo odoo.models: The model nursery.order has no _description 
2025-03-18 17:49:52,538 24312 DEBUG odoo odoo.modules.loading: Module hr loaded in 0.00s, 0 queries 
2025-03-18 17:49:52,538 24312 DEBUG odoo odoo.modules.loading: Loading module hr_org_chart (35/37) 
2025-03-18 17:49:52,538 24312 DEBUG odoo odoo.modules.loading: Module hr_org_chart loaded in 0.00s, 0 queries 
2025-03-18 17:49:52,538 24312 DEBUG odoo odoo.modules.loading: Loading module hr_skills (36/37) 
2025-03-18 17:49:52,538 24312 DEBUG odoo odoo.modules.loading: Module hr_skills loaded in 0.00s, 0 queries 
2025-03-18 17:49:52,538 24312 DEBUG odoo odoo.modules.loading: Loading module mail_bot_hr (37/37) 
2025-03-18 17:49:52,538 24312 DEBUG odoo odoo.modules.loading: Module mail_bot_hr loaded in 0.00s, 0 queries 
2025-03-18 17:49:52,538 24312 INFO odoo odoo.modules.loading: 37 modules loaded in 0.03s, 0 queries (+0 extra) 
2025-03-18 17:49:52,990 24312 INFO odoo odoo.addons.base.models.ir_module: ALLOW access to module.module_uninstall on ['Plant Nursery2'] to user __system__ #1 via 127.0.0.1 
2025-03-18 17:49:53,003 24312 INFO odoo odoo.addons.base.models.ir_model: Deleting ir.ui.view(599, 598) 
2025-03-18 17:49:53,003 24312 DEBUG odoo odoo.modules.registry: Invalidating default model caches from unlink C:\odoo\odoo\odoo\addons\base\models\ir_model.py:2291 
2025-03-18 17:49:53,003 24312 DEBUG odoo odoo.modules.registry: Invalidating templates model caches from unlink C:\odoo\odoo\odoo\addons\base\models\ir_ui_view.py:556 
2025-03-18 17:49:53,052 24312 DEBUG odoo odoo.modules.registry: Invalidating default model caches from unlink C:\odoo\odoo\odoo\addons\base\models\ir_model.py:2291 
2025-03-18 17:49:53,069 24312 INFO odoo odoo.models.unlink: User #1 deleted ir.model.data records with IDs: [23987, 23986] 
2025-03-18 17:49:53,069 24312 INFO odoo odoo.models.unlink: User #1 deleted ir.ui.view records with IDs: [599, 598] 
2025-03-18 17:49:53,072 24312 INFO odoo odoo.addons.base.models.ir_model: Deleting ir.ui.menu(163, 162, 161) 
2025-03-18 17:49:53,073 24312 DEBUG odoo odoo.modules.registry: Invalidating default model caches from unlink C:\odoo\odoo\odoo\addons\base\models\ir_model.py:2291 
2025-03-18 17:49:53,073 24312 DEBUG odoo odoo.modules.registry: Invalidating default model caches from write C:\odoo\odoo\odoo\addons\base\models\ir_ui_menu.py:173 
2025-03-18 17:49:53,073 24312 DEBUG odoo odoo.modules.registry: Invalidating default model caches from unlink C:\odoo\odoo\odoo\addons\base\models\ir_ui_menu.py:198 
2025-03-18 17:49:53,083 24312 DEBUG odoo odoo.modules.registry: Invalidating default model caches from unlink C:\odoo\odoo\odoo\addons\base\models\ir_model.py:2291 
2025-03-18 17:49:53,089 24312 INFO odoo odoo.models.unlink: User #1 deleted ir.model.data records with IDs: [23984, 23985, 23983] 
2025-03-18 17:49:53,089 24312 INFO odoo odoo.models.unlink: User #1 deleted ir.ui.menu records with IDs: [163, 162, 161] 
2025-03-18 17:49:53,091 24312 INFO odoo odoo.addons.base.models.ir_model: Deleting ir.actions.act_window(220, 219, 218) 
2025-03-18 17:49:53,091 24312 DEBUG odoo odoo.modules.registry: Invalidating default model caches from unlink C:\odoo\odoo\odoo\addons\base\models\ir_model.py:2291 
2025-03-18 17:49:53,091 24312 DEBUG odoo odoo.modules.registry: Invalidating default model caches from unlink C:\odoo\odoo\odoo\addons\base\models\ir_actions.py:359 
2025-03-18 17:49:53,120 24312 DEBUG odoo odoo.modules.registry: Invalidating default model caches from unlink C:\odoo\odoo\odoo\addons\base\models\ir_model.py:2291 
2025-03-18 17:49:53,127 24312 INFO odoo odoo.models.unlink: User #1 deleted ir.model.data records with IDs: [23981, 23982, 23980] 
2025-03-18 17:49:53,127 24312 INFO odoo odoo.models.unlink: User #1 deleted ir.actions.act_window records with IDs: [220, 219, 218] 
2025-03-18 17:49:53,127 24312 DEBUG odoo odoo.modules.registry: Invalidating default model caches from unlink C:\odoo\odoo\odoo\addons\base\models\ir_actions.py:126 
2025-03-18 17:49:53,129 24312 INFO odoo odoo.addons.base.models.ir_model: Deleting ir.ui.menu(160,) 
2025-03-18 17:49:53,129 24312 DEBUG odoo odoo.modules.registry: Invalidating default model caches from unlink C:\odoo\odoo\odoo\addons\base\models\ir_model.py:2291 
2025-03-18 17:49:53,129 24312 DEBUG odoo odoo.modules.registry: Invalidating default model caches from write C:\odoo\odoo\odoo\addons\base\models\ir_ui_menu.py:173 
2025-03-18 17:49:53,129 24312 DEBUG odoo odoo.modules.registry: Invalidating default model caches from unlink C:\odoo\odoo\odoo\addons\base\models\ir_ui_menu.py:198 
2025-03-18 17:49:53,129 24312 DEBUG odoo odoo.modules.registry: Invalidating default model caches from unlink C:\odoo\odoo\odoo\addons\base\models\ir_model.py:2291 
2025-03-18 17:49:53,146 24312 INFO odoo odoo.models.unlink: User #1 deleted ir.model.data records with IDs: [23979] 
2025-03-18 17:49:53,147 24312 INFO odoo odoo.models.unlink: User #1 deleted ir.ui.menu records with IDs: [160] 
2025-03-18 17:49:53,149 24312 DEBUG odoo odoo.modules.registry: Invalidating templates model caches from unlink C:\odoo\odoo\odoo\addons\base\models\ir_ui_view.py:556 
2025-03-18 17:49:53,149 24312 INFO odoo odoo.addons.base.models.ir_model: Deleting ir.model.fields.selection(1167, 1166, 1165) 
2025-03-18 17:49:53,149 24312 DEBUG odoo odoo.modules.registry: Invalidating default model caches from unlink C:\odoo\odoo\odoo\addons\base\models\ir_model.py:2291 
2025-03-18 17:49:53,159 24312 DEBUG odoo odoo.modules.registry: Invalidating default model caches from unlink C:\odoo\odoo\odoo\addons\base\models\ir_model.py:2291 
2025-03-18 17:49:53,165 24312 INFO odoo odoo.models.unlink: User #1 deleted ir.model.data records with IDs: [23978, 23977, 23976] 
2025-03-18 17:49:53,165 24312 INFO odoo odoo.models.unlink: User #1 deleted ir.model.fields.selection records with IDs: [1167, 1166, 1165] 
2025-03-18 17:49:53,170 24312 INFO odoo odoo.addons.base.models.ir_model: Deleting ir.model.fields(4024, 4022, 4021, 4020, 4019, 4018, 4013, 4011, 4010, 4005, 4003, 4002, 4001, 4000, 3999) 
2025-03-18 17:49:53,170 24312 DEBUG odoo odoo.modules.registry: Invalidating default model caches from unlink C:\odoo\odoo\odoo\addons\base\models\ir_model.py:2291 
2025-03-18 17:49:53,302 24312 DEBUG odoo odoo.modules.registry: Invalidating default model caches from unlink C:\odoo\odoo\odoo\addons\base\models\ir_model.py:2291 
2025-03-18 17:49:53,303 24312 INFO odoo odoo.models.unlink: User #1 deleted ir.model.data records with IDs: [23960, 23958, 23957, 23967, 23971, 23969, 23965, 23966, 23968, 23952, 23946, 23950, 23949, 23948, 23947] 
2025-03-18 17:49:53,303 24312 INFO odoo odoo.models.unlink: User #1 deleted ir.model.fields records with IDs: [4024, 4022, 4021, 4020, 4019, 4018, 4013, 4011, 4010, 4005, 4003, 4002, 4001, 4000, 3999] 
2025-03-18 17:49:53,303 24312 INFO odoo odoo.addons.base.models.ir_model: Deleting ir.model(437, 436, 435) 
2025-03-18 17:49:53,303 24312 DEBUG odoo odoo.modules.registry: Invalidating default model caches from unlink C:\odoo\odoo\odoo\addons\base\models\ir_model.py:2291 
2025-03-18 17:49:53,393 24312 DEBUG odoo odoo.modules.registry: Invalidating default model caches from unlink C:\odoo\odoo\odoo\addons\base\models\ir_model.py:2291 
2025-03-18 17:49:53,406 24312 INFO odoo odoo.models.unlink: User #1 deleted ir.model.data records with IDs: [23944, 23945, 23943] 
2025-03-18 17:49:53,406 24312 INFO odoo odoo.models.unlink: User #1 deleted ir.model records with IDs: [437, 436, 435] 
2025-03-18 17:49:53,407 24312 INFO odoo odoo.addons.base.models.ir_model: ir.model.data could not be deleted ([]) 
2025-03-18 17:49:53,407 24312 DEBUG odoo odoo.modules.registry: Invalidating default model caches from unlink C:\odoo\odoo\odoo\addons\base\models\ir_model.py:2291 
2025-03-18 17:49:53,416 24312 INFO odoo odoo.models.unlink: User #1 deleted ir.model.data records with IDs: [23987, 23986, 23985, 23984, 23983, 23982, 23981, 23980, 23979, 23978, 23977, 23976, 23975, 23974, 23973, 23972, 23971, 23970, 23969, 23968, 23967, 23966, 23965, 23964, 23963, 23962, 23961, 23960, 23959, 23958, 23957, 23956, 23955, 23954, 23953, 23952, 23951, 23950, 23949, 23948, 23947, 23946, 23945, 23944, 23943] 
2025-03-18 17:49:53,442 24312 INFO odoo odoo.modules.loading: Reloading registry once more after uninstalling modules 
2025-03-18 17:49:53,539 24312 DEBUG odoo odoo.modules.registry: Multiprocess load registry signaling: [Registry: 77] [Cache default: 5] [Cache assets: 1] [Cache templates: 1] [Cache routing: 1] [Cache groups: 1] 
2025-03-18 17:49:53,551 24312 INFO odoo odoo.modules.loading: loading 1 modules... 
2025-03-18 17:49:53,551 24312 DEBUG odoo odoo.modules.loading: Loading module base (1/1) 
2025-03-18 17:49:53,558 24312 DEBUG odoo odoo.modules.loading: Module base loaded in 0.01s, 0 queries 
2025-03-18 17:49:53,558 24312 INFO odoo odoo.modules.loading: 1 modules loaded in 0.01s, 0 queries (+0 extra) 
2025-03-18 17:49:53,612 24312 INFO odoo odoo.modules.loading: updating modules list 
2025-03-18 17:49:53,617 24312 INFO odoo odoo.addons.base.models.ir_module: ALLOW access to module.update_list on [] to user __system__ #1 via 127.0.0.1 
2025-03-18 17:49:54,368 24312 DEBUG odoo odoo.modules.loading: Updating graph with 35 more modules 
2025-03-18 17:49:54,368 24312 INFO odoo odoo.modules.loading: loading 36 modules... 
2025-03-18 17:49:54,368 24312 DEBUG odoo odoo.modules.loading: Loading module estate (2/36) 
2025-03-18 17:49:54,368 24312 DEBUG odoo odoo.modules.loading: Module estate loaded in 0.00s, 0 queries 
2025-03-18 17:49:54,368 24312 DEBUG odoo odoo.modules.loading: Loading module web (3/36) 
2025-03-18 17:49:54,370 24312 DEBUG odoo odoo.modules.loading: Module web loaded in 0.00s, 0 queries 
2025-03-18 17:49:54,370 24312 DEBUG odoo odoo.modules.loading: Loading module auth_totp (4/36) 
2025-03-18 17:49:54,370 24312 DEBUG odoo odoo.modules.loading: Module auth_totp loaded in 0.00s, 0 queries 
2025-03-18 17:49:54,370 24312 DEBUG odoo odoo.modules.loading: Loading module base_import (5/36) 
2025-03-18 17:49:54,371 24312 DEBUG odoo odoo.modules.loading: Module base_import loaded in 0.00s, 0 queries 
2025-03-18 17:49:54,371 24312 DEBUG odoo odoo.modules.loading: Loading module base_import_module (6/36) 
2025-03-18 17:49:54,371 24312 DEBUG odoo odoo.modules.loading: Module base_import_module loaded in 0.00s, 0 queries 
2025-03-18 17:49:54,371 24312 DEBUG odoo odoo.modules.loading: Loading module base_setup (7/36) 
2025-03-18 17:49:54,371 24312 DEBUG odoo odoo.modules.loading: Module base_setup loaded in 0.00s, 0 queries 
2025-03-18 17:49:54,371 24312 DEBUG odoo odoo.modules.loading: Loading module bus (8/36) 
2025-03-18 17:49:54,371 24312 DEBUG odoo odoo.modules.loading: Module bus loaded in 0.00s, 0 queries 
2025-03-18 17:49:54,371 24312 DEBUG odoo odoo.modules.loading: Loading module http_routing (9/36) 
2025-03-18 17:49:54,371 24312 DEBUG odoo odoo.modules.loading: Module http_routing loaded in 0.00s, 0 queries 
2025-03-18 17:49:54,371 24312 DEBUG odoo odoo.modules.loading: Loading module resource (10/36) 
2025-03-18 17:49:54,371 24312 DEBUG odoo odoo.modules.loading: Module resource loaded in 0.00s, 0 queries 
2025-03-18 17:49:54,371 24312 DEBUG odoo odoo.modules.loading: Loading module web_hierarchy (11/36) 
2025-03-18 17:49:54,371 24312 DEBUG odoo odoo.modules.loading: Module web_hierarchy loaded in 0.00s, 0 queries 
2025-03-18 17:49:54,371 24312 DEBUG odoo odoo.modules.loading: Loading module web_tour (12/36) 
2025-03-18 17:49:54,371 24312 DEBUG odoo odoo.modules.loading: Module web_tour loaded in 0.00s, 0 queries 
2025-03-18 17:49:54,371 24312 DEBUG odoo odoo.modules.loading: Loading module html_editor (13/36) 
2025-03-18 17:49:54,371 24312 DEBUG odoo odoo.modules.loading: Module html_editor loaded in 0.00s, 0 queries 
2025-03-18 17:49:54,371 24312 DEBUG odoo odoo.modules.loading: Loading module iap (14/36) 
2025-03-18 17:49:54,371 24312 DEBUG odoo odoo.modules.loading: Module iap loaded in 0.00s, 0 queries 
2025-03-18 17:49:54,371 24312 DEBUG odoo odoo.modules.loading: Loading module mail (15/36) 
2025-03-18 17:49:54,371 24312 DEBUG odoo odoo.modules.loading: Module mail loaded in 0.00s, 0 queries 
2025-03-18 17:49:54,371 24312 DEBUG odoo odoo.modules.loading: Loading module web_editor (16/36) 
2025-03-18 17:49:54,384 24312 DEBUG odoo odoo.modules.loading: Module web_editor loaded in 0.01s, 0 queries 
2025-03-18 17:49:54,384 24312 DEBUG odoo odoo.modules.loading: Loading module auth_signup (17/36) 
2025-03-18 17:49:54,384 24312 DEBUG odoo odoo.modules.loading: Module auth_signup loaded in 0.00s, 0 queries 
2025-03-18 17:49:54,384 24312 DEBUG odoo odoo.modules.loading: Loading module auth_totp_mail (18/36) 
2025-03-18 17:49:54,384 24312 DEBUG odoo odoo.modules.loading: Module auth_totp_mail loaded in 0.00s, 0 queries 
2025-03-18 17:49:54,384 24312 DEBUG odoo odoo.modules.loading: Loading module base_install_request (19/36) 
2025-03-18 17:49:54,384 24312 DEBUG odoo odoo.modules.loading: Module base_install_request loaded in 0.00s, 0 queries 
2025-03-18 17:49:54,384 24312 DEBUG odoo odoo.modules.loading: Loading module google_gmail (20/36) 
2025-03-18 17:49:54,384 24312 DEBUG odoo odoo.modules.loading: Module google_gmail loaded in 0.00s, 0 queries 
2025-03-18 17:49:54,384 24312 DEBUG odoo odoo.modules.loading: Loading module iap_mail (21/36) 
2025-03-18 17:49:54,384 24312 DEBUG odoo odoo.modules.loading: Module iap_mail loaded in 0.00s, 0 queries 
2025-03-18 17:49:54,384 24312 DEBUG odoo odoo.modules.loading: Loading module mail_bot (22/36) 
2025-03-18 17:49:54,384 24312 DEBUG odoo odoo.modules.loading: Module mail_bot loaded in 0.00s, 0 queries 
2025-03-18 17:49:54,384 24312 DEBUG odoo odoo.modules.loading: Loading module phone_validation (23/36) 
2025-03-18 17:49:54,387 24312 DEBUG odoo odoo.modules.loading: Module phone_validation loaded in 0.00s, 0 queries 
2025-03-18 17:49:54,387 24312 DEBUG odoo odoo.modules.loading: Loading module privacy_lookup (24/36) 
2025-03-18 17:49:54,387 24312 DEBUG odoo odoo.modules.loading: Module privacy_lookup loaded in 0.00s, 0 queries 
2025-03-18 17:49:54,387 24312 DEBUG odoo odoo.modules.loading: Loading module resource_mail (25/36) 
2025-03-18 17:49:54,388 24312 DEBUG odoo odoo.modules.loading: Module resource_mail loaded in 0.00s, 0 queries 
2025-03-18 17:49:54,388 24312 DEBUG odoo odoo.modules.loading: Loading module web_unsplash (26/36) 
2025-03-18 17:49:54,388 24312 DEBUG odoo odoo.modules.loading: Module web_unsplash loaded in 0.00s, 0 queries 
2025-03-18 17:49:54,388 24312 DEBUG odoo odoo.modules.loading: Loading module partner_autocomplete (27/36) 
2025-03-18 17:49:54,388 24312 DEBUG odoo odoo.modules.loading: Module partner_autocomplete loaded in 0.00s, 0 queries 
2025-03-18 17:49:54,388 24312 DEBUG odoo odoo.modules.loading: Loading module portal (28/36) 
2025-03-18 17:49:54,388 24312 DEBUG odoo odoo.modules.loading: Module portal loaded in 0.00s, 0 queries 
2025-03-18 17:49:54,388 24312 DEBUG odoo odoo.modules.loading: Loading module sms (29/36) 
2025-03-18 17:49:54,388 24312 DEBUG odoo odoo.modules.loading: Module sms loaded in 0.00s, 0 queries 
2025-03-18 17:49:54,388 24312 DEBUG odoo odoo.modules.loading: Loading module snailmail (30/36) 
2025-03-18 17:49:54,388 24312 DEBUG odoo odoo.modules.loading: Module snailmail loaded in 0.00s, 0 queries 
2025-03-18 17:49:54,388 24312 DEBUG odoo odoo.modules.loading: Loading module auth_totp_portal (31/36) 
2025-03-18 17:49:54,388 24312 DEBUG odoo odoo.modules.loading: Module auth_totp_portal loaded in 0.00s, 0 queries 
2025-03-18 17:49:54,388 24312 DEBUG odoo odoo.modules.loading: Loading module digest (32/36) 
2025-03-18 17:49:54,392 24312 DEBUG odoo odoo.modules.loading: Module digest loaded in 0.00s, 0 queries 
2025-03-18 17:49:54,392 24312 DEBUG odoo odoo.modules.loading: Loading module hr (33/36) 
2025-03-18 17:49:54,395 24312 DEBUG odoo odoo.modules.loading: Module hr loaded in 0.00s, 0 queries 
2025-03-18 17:49:54,395 24312 DEBUG odoo odoo.modules.loading: Loading module hr_org_chart (34/36) 
2025-03-18 17:49:54,395 24312 DEBUG odoo odoo.modules.loading: Module hr_org_chart loaded in 0.00s, 0 queries 
2025-03-18 17:49:54,395 24312 DEBUG odoo odoo.modules.loading: Loading module hr_skills (35/36) 
2025-03-18 17:49:54,396 24312 DEBUG odoo odoo.modules.loading: Module hr_skills loaded in 0.00s, 0 queries 
2025-03-18 17:49:54,396 24312 DEBUG odoo odoo.modules.loading: Loading module mail_bot_hr (36/36) 
2025-03-18 17:49:54,396 24312 DEBUG odoo odoo.modules.loading: Module mail_bot_hr loaded in 0.00s, 0 queries 
2025-03-18 17:49:54,396 24312 INFO odoo odoo.modules.loading: 36 modules loaded in 0.03s, 0 queries (+0 extra) 
2025-03-18 17:49:54,790 24312 DEBUG odoo odoo.modules.registry: Invalidating templates model caches from write C:\odoo\odoo\odoo\addons\base\models\ir_ui_view.py:533 
2025-03-18 17:49:54,800 24312 DEBUG odoo odoo.modules.registry: Invalidating templates model caches from write C:\odoo\odoo\odoo\addons\base\models\ir_ui_view.py:533 
2025-03-18 17:49:55,230 24312 INFO odoo odoo.modules.loading: Modules loaded. 
2025-03-18 17:49:55,232 24312 INFO odoo odoo.modules.registry: Registry changed, signaling through the database 
2025-03-18 17:49:55,232 24312 INFO odoo odoo.modules.registry: Registry loaded in 1.790s 
2025-03-18 17:49:55,240 24312 INFO odoo odoo.modules.registry: Registry changed, signaling through the database 
2025-03-18 17:49:55,240 24312 INFO odoo odoo.modules.registry: Registry loaded in 3.752s 
2025-03-18 17:49:55,241 24312 INFO odoo odoo.addons.base.models.ir_module: getting next ir.actions.todo() 
2025-03-18 17:49:55,246 24312 INFO odoo werkzeug: 127.0.0.1 - - [18/Mar/2025 17:49:55] "POST /web/dataset/call_button/base.module.uninstall/action_uninstall HTTP/1.1" 200 - 3924 1.681 2.113
2025-03-18 17:49:55,268 24312 INFO odoo odoo.addons.base.models.ir_http: Generating routing map for key None 
2025-03-18 17:49:56,343 24312 INFO odoo werkzeug: 127.0.0.1 - - [18/Mar/2025 17:49:56] "GET /odoo HTTP/1.1" 200 - 91 0.058 1.020
2025-03-18 17:49:56,597 24312 INFO odoo werkzeug: 127.0.0.1 - - [18/Mar/2025 17:49:56] "GET /web/image?model=res.users&field=avatar_128&id=2 HTTP/1.1" 304 - 17 0.018 0.035
2025-03-18 17:49:56,885 24312 INFO odoo werkzeug: 127.0.0.1 - - [18/Mar/2025 17:49:56] "POST /web/action/load HTTP/1.1" 200 - 7 0.011 0.015
2025-03-18 17:49:56,946 24312 INFO odoo werkzeug: 127.0.0.1 - - [18/Mar/2025 17:49:56] "POST /mail/data HTTP/1.1" 200 - 34 0.030 0.057
2025-03-18 17:49:57,177 24312 INFO odoo werkzeug: 127.0.0.1 - - [18/Mar/2025 17:49:57] "POST /mail/data HTTP/1.1" 200 - 63 0.059 0.173
2025-03-18 17:49:57,250 24312 INFO odoo werkzeug: 127.0.0.1 - - [18/Mar/2025 17:49:57] "GET /web/manifest.webmanifest HTTP/1.1" 200 - 9 0.002 0.022
2025-03-18 17:49:57,561 24312 INFO odoo werkzeug: 127.0.0.1 - - [18/Mar/2025 17:49:57] "POST /mail/inbox/messages HTTP/1.1" 200 - 5 0.004 0.009
2025-03-18 17:49:59,138 24312 INFO odoo werkzeug: 127.0.0.1 - - [18/Mar/2025 17:49:59] "GET /web/service-worker.js HTTP/1.1" 200 - 1 0.001 0.007
2025-03-18 17:50:00,937 24312 INFO odoo werkzeug: 127.0.0.1 - - [18/Mar/2025 17:50:00] "POST /web/action/load HTTP/1.1" 200 - 10 0.006 0.031
2025-03-18 17:50:01,266 24312 DEBUG odoo odoo.api: call ir.module.module().get_views(options={'action_id': 39, 'embedded_action_id': False, 'embedded_parent_res_id': False, 'load_filters': True, 'toolbar': True}, views=[[False, 'kanban'], [False, 'list'], [False, 'form'], [95, 'search']]) 
2025-03-18 17:50:01,413 24312 INFO odoo werkzeug: 127.0.0.1 - - [18/Mar/2025 17:50:01] "POST /web/dataset/call_kw/ir.module.module/get_views HTTP/1.1" 200 - 56 0.017 0.135
2025-03-18 17:50:01,531 24312 DEBUG odoo odoo.api: call ir.module.module().search_panel_select_range('module_type', category_domain=[], enable_counters=False, expand=True, filter_domain=[], hierarchize=True, limit=200, search_domain=[['application', '=', True]]) 
2025-03-18 17:50:01,531 24312 INFO odoo werkzeug: 127.0.0.1 - - [18/Mar/2025 17:50:01] "POST /web/dataset/call_kw/ir.module.module/search_panel_select_range HTTP/1.1" 200 - 1 0.000 0.004
2025-03-18 17:50:01,739 24312 DEBUG odoo odoo.api: call ir.module.module().search_panel_select_range('category_id', category_domain=[], enable_counters=True, expand=False, filter_domain=[], hierarchize=True, limit=200, search_domain=[['application', '=', True]]) 
2025-03-18 17:50:01,739 24312 DEBUG odoo odoo.api: call ir.module.module().web_search_read(count_limit=10001, domain=[['application', '=', True]], limit=80, offset=0, order='', specification={'to_buy': {}, 'name': {}, 'state': {}, 'summary': {}, 'website': {}, 'application': {}, 'module_type': {}, 'icon': {}, 'icon_flag': {}, 'shortdesc': {}}) 
2025-03-18 17:50:01,822 24312 INFO odoo werkzeug: 127.0.0.1 - - [18/Mar/2025 17:50:01] "POST /web/dataset/call_kw/ir.module.module/search_panel_select_range HTTP/1.1" 200 - 56 0.042 0.051
2025-03-18 17:50:01,849 24312 INFO odoo werkzeug: 127.0.0.1 - - [18/Mar/2025 17:50:01] "POST /web/dataset/call_kw/ir.module.module/web_search_read HTTP/1.1" 200 - 4 0.001 0.117
2025-03-18 17:50:03,737 24312 DEBUG odoo odoo.api: call ir.module.module().search_panel_select_range('category_id', category_domain=[], enable_counters=True, expand=False, filter_domain=[], hierarchize=True, limit=200, search_domain=[]) 
2025-03-18 17:50:03,784 24312 INFO odoo werkzeug: 127.0.0.1 - - [18/Mar/2025 17:50:03] "POST /web/dataset/call_kw/ir.module.module/search_panel_select_range HTTP/1.1" 200 - 54 0.019 0.032
2025-03-18 17:50:04,040 24312 DEBUG odoo odoo.api: call ir.module.module().web_search_read(count_limit=10001, domain=[], limit=80, offset=0, order='', specification={'to_buy': {}, 'name': {}, 'state': {}, 'summary': {}, 'website': {}, 'application': {}, 'module_type': {}, 'icon': {}, 'icon_flag': {}, 'shortdesc': {}}) 
2025-03-18 17:50:04,073 24312 INFO odoo werkzeug: 127.0.0.1 - - [18/Mar/2025 17:50:04] "POST /web/dataset/call_kw/ir.module.module/web_search_read HTTP/1.1" 200 - 4 0.004 0.032
2025-03-18 17:50:09,163 24312 DEBUG odoo odoo.api: call ir.module.module().search_panel_select_range('category_id', category_domain=[], enable_counters=True, expand=False, filter_domain=[], hierarchize=True, limit=200, search_domain=['|', '|', ['summary', 'ilike', 'Plant Nursery'], ['shortdesc', 'ilike', 'Plant Nursery'], ['name', 'ilike', 'Plant Nursery']]) 
2025-03-18 17:50:09,230 24312 INFO odoo werkzeug: 127.0.0.1 - - [18/Mar/2025 17:50:09] "POST /web/dataset/call_kw/ir.module.module/search_panel_select_range HTTP/1.1" 200 - 54 0.039 0.032
2025-03-18 17:50:09,425 24312 DEBUG odoo odoo.api: call ir.module.module().web_search_read(count_limit=10001, domain=['|', '|', ['summary', 'ilike', 'Plant Nursery'], ['shortdesc', 'ilike', 'Plant Nursery'], ['name', 'ilike', 'Plant Nursery']], limit=80, offset=0, order='', specification={'to_buy': {}, 'name': {}, 'state': {}, 'summary': {}, 'website': {}, 'application': {}, 'module_type': {}, 'icon': {}, 'icon_flag': {}, 'shortdesc': {}}) 
2025-03-18 17:50:09,435 24312 INFO odoo werkzeug: 127.0.0.1 - - [18/Mar/2025 17:50:09] "POST /web/dataset/call_kw/ir.module.module/web_search_read HTTP/1.1" 200 - 3 0.002 0.014
2025-03-18 17:50:12,206 24312 DEBUG odoo odoo.api: call ir.module.module().web_search_read(count_limit=10001, domain=['|', '|', ['summary', 'ilike', 'Plant Nursery'], ['shortdesc', 'ilike', 'Plant Nursery'], ['name', 'ilike', 'Plant Nursery']], limit=80, offset=0, order='', specification={'shortdesc': {}, 'name': {}, 'author': {}, 'website': {}, 'installed_version': {}, 'module_type': {}, 'state': {}}) 
2025-03-18 17:50:12,219 24312 INFO odoo werkzeug: 127.0.0.1 - - [18/Mar/2025 17:50:12] "POST /web/dataset/call_kw/ir.module.module/web_search_read HTTP/1.1" 200 - 3 0.006 0.011
2025-03-18 17:50:12,514 24312 DEBUG odoo odoo.api: call res.users(2,).has_group('base.group_allow_export') 
2025-03-18 17:50:12,514 24312 INFO odoo werkzeug: 127.0.0.1 - - [18/Mar/2025 17:50:12] "POST /web/dataset/call_kw/res.users/has_group HTTP/1.1" 200 - 1 0.001 0.003
2025-03-18 17:50:14,652 24312 DEBUG odoo odoo.api: call ir.module.module(634,).web_read(specification={'icon_image': {}, 'write_date': {}, 'shortdesc': {}, 'summary': {}, 'author': {}, 'website': {}, 'category_id': {'fields': {'display_name': {}}}, 'name': {}, 'license': {}, 'installed_version': {}, 'demo': {}, 'application': {}, 'state': {}, 'dependencies_id': {'fields': {'name': {}, 'state': {}}, 'limit': 40, 'order': ''}, 'exclusion_ids': {'fields': {'name': {}, 'state': {}}, 'limit': 40, 'order': ''}, 'menus_by_module': {}, 'views_by_module': {}, 'reports_by_module': {}, 'description_html': {}, 'module_type': {}, 'to_buy': {}, 'has_iap': {}, 'display_name': {}}) 
2025-03-18 17:50:14,693 24312 INFO odoo werkzeug: 127.0.0.1 - - [18/Mar/2025 17:50:14] "POST /web/dataset/call_kw/ir.module.module/web_read HTTP/1.1" 200 - 13 0.009 0.037
2025-03-18 17:50:14,938 24312 INFO odoo werkzeug: 127.0.0.1 - - [18/Mar/2025 17:50:14] "GET /web/image/ir.module.module/634/icon_image?unique=1742320191000 HTTP/1.1" 200 - 3 0.002 0.023
2025-03-18 17:50:18,910 24312 DEBUG ? odoo.service.server: cron0 polling for jobs 
2025-03-18 17:50:19,022 24312 DEBUG odoo odoo.api: call ir.module.module(634,).unlink() 
2025-03-18 17:50:19,022 24312 DEBUG odoo odoo.modules.registry: Invalidating default model caches from unlink C:\odoo\odoo\odoo\addons\base\models\ir_module.py:341 
2025-03-18 17:50:19,056 24312 DEBUG odoo odoo.modules.registry: Invalidating default model caches from unlink C:\odoo\odoo\odoo\addons\base\models\ir_model.py:2291 
2025-03-18 17:50:19,069 24312 INFO odoo odoo.models.unlink: User #2 deleted ir.model.data records with IDs: [23942] 
2025-03-18 17:50:19,070 24312 INFO odoo odoo.models.unlink: User #2 deleted ir.module.module records with IDs: [634] 
2025-03-18 17:50:19,071 24312 INFO odoo odoo.modules.registry: Caches invalidated, signaling through the database: ['default'] 
2025-03-18 17:50:19,071 24312 INFO odoo werkzeug: 127.0.0.1 - - [18/Mar/2025 17:50:19] "POST /web/dataset/call_kw/ir.module.module/unlink HTTP/1.1" 200 - 18 0.017 0.036
2025-03-18 17:50:19,439 24312 DEBUG odoo odoo.api: call ir.module.module().web_search_read(count_limit=10001, domain=['|', '|', ['summary', 'ilike', 'Plant Nursery'], ['shortdesc', 'ilike', 'Plant Nursery'], ['name', 'ilike', 'Plant Nursery']], limit=80, offset=0, order='', specification={'shortdesc': {}, 'name': {}, 'author': {}, 'website': {}, 'installed_version': {}, 'module_type': {}, 'state': {}}) 
2025-03-18 17:50:19,447 24312 INFO odoo werkzeug: 127.0.0.1 - - [18/Mar/2025 17:50:19] "POST /web/dataset/call_kw/ir.module.module/web_search_read HTTP/1.1" 200 - 10 0.013 0.005
2025-03-18 17:50:19,982 24312 DEBUG ? odoo.service.server: cron1 polling for jobs 
2025-03-18 17:50:31,166 41048 DEBUG ? odoo.netsvc: logger level set: "odoo.http.rpc.request:INFO" 
2025-03-18 17:50:31,166 41048 DEBUG ? odoo.netsvc: logger level set: "odoo.http.rpc.response:INFO" 
2025-03-18 17:50:31,167 41048 DEBUG ? odoo.netsvc: logger level set: ":INFO" 
2025-03-18 17:50:31,167 41048 DEBUG ? odoo.netsvc: logger level set: "odoo:DEBUG" 
2025-03-18 17:50:31,167 41048 DEBUG ? odoo.netsvc: logger level set: "odoo.sql_db:INFO" 
2025-03-18 17:50:31,167 41048 DEBUG ? odoo.netsvc: logger level set: ":INFO" 
2025-03-18 17:50:31,167 41048 INFO ? odoo: Odoo version 18.0 
2025-03-18 17:50:31,167 41048 INFO ? odoo: Using configuration file at C:\odoo\odoo\odoo.conf 
2025-03-18 17:50:31,167 41048 INFO ? odoo: addons paths: ['C:\\odoo\\odoo\\odoo\\addons', 'c:\\users\\georg\\appdata\\local\\openerp s.a\\odoo\\addons\\18.0', 'c:\\odoo\\odoo\\addons_extra', 'c:\\odoo\\odoo\\addons', 'c:\\odoo\\odoo\\odoo\\addons'] 
2025-03-18 17:50:31,167 41048 INFO ? odoo: database: odoo@default:default 
2025-03-18 17:50:31,460 41048 INFO ? odoo.addons.base.models.ir_actions_report: You need Wkhtmltopdf to print a pdf version of the reports. 
2025-03-18 17:50:31,467 41048 INFO ? odoo.addons.base.models.ir_actions_report: You need Wkhtmltoimage to generate images from html. 
2025-03-18 17:50:31,820 41048 DEBUG ? odoo.service.server: Setting signal handlers 
2025-03-18 17:50:31,820 41048 INFO ? odoo.service.server: HTTP service (werkzeug) running on GLO:8069 
2025-03-18 17:50:31,894 41048 DEBUG odoo odoo.modules.registry: Multiprocess load registry signaling: [Registry: 79] [Cache default: 6] [Cache assets: 1] [Cache templates: 1] [Cache routing: 1] [Cache groups: 1] 
2025-03-18 17:50:31,894 41048 INFO odoo odoo.modules.loading: loading 1 modules... 
2025-03-18 17:50:31,894 41048 DEBUG odoo odoo.modules.loading: Loading module base (1/1) 
2025-03-18 17:50:31,894 41048 DEBUG odoo odoo.modules.loading: Module base loaded in 0.00s, 0 queries 
2025-03-18 17:50:31,894 41048 INFO odoo odoo.modules.loading: 1 modules loaded in 0.00s, 0 queries (+0 extra) 
2025-03-18 17:50:31,967 41048 INFO odoo odoo.modules.loading: updating modules list 
2025-03-18 17:50:31,979 41048 INFO odoo odoo.addons.base.models.ir_module: ALLOW access to module.update_list on [] to user __system__ #1 via n/a 
2025-03-18 17:50:32,133 41048 DEBUG ? odoo.http: HTTP sessions stored in: c:\users\georg\appdata\local\openerp s.a\odoo\sessions 
2025-03-18 17:50:32,874 41048 WARNING odoo odoo.modules.module: Missing `license` key in manifest for 'plant_nursery2', defaulting to LGPL-3 
2025-03-18 17:50:33,294 41048 WARNING odoo odoo.modules.loading: invalid module names, ignored:  Plant Nursery2 
2025-03-18 17:50:33,296 41048 DEBUG odoo odoo.modules.loading: Updating graph with 35 more modules 
2025-03-18 17:50:33,296 41048 INFO odoo odoo.modules.loading: loading 36 modules... 
2025-03-18 17:50:33,296 41048 DEBUG odoo odoo.modules.loading: Loading module estate (2/36) 
2025-03-18 17:50:33,315 41048 DEBUG odoo odoo.modules.loading: Module estate loaded in 0.02s, 0 queries 
2025-03-18 17:50:33,315 41048 DEBUG odoo odoo.modules.loading: Loading module web (3/36) 
2025-03-18 17:50:33,317 41048 DEBUG odoo odoo.modules.loading: Module web loaded in 0.00s, 0 queries 
2025-03-18 17:50:33,317 41048 DEBUG odoo odoo.modules.loading: Loading module auth_totp (4/36) 
2025-03-18 17:50:33,340 41048 DEBUG odoo odoo.modules.loading: Module auth_totp loaded in 0.02s, 0 queries 
2025-03-18 17:50:33,340 41048 DEBUG odoo odoo.modules.loading: Loading module base_import (5/36) 
2025-03-18 17:50:33,617 41048 DEBUG odoo odoo.modules.loading: Module base_import loaded in 0.28s, 0 queries 
2025-03-18 17:50:33,617 41048 DEBUG odoo odoo.modules.loading: Loading module base_import_module (6/36) 
2025-03-18 17:50:33,623 41048 DEBUG odoo odoo.modules.loading: Module base_import_module loaded in 0.01s, 0 queries 
2025-03-18 17:50:33,623 41048 DEBUG odoo odoo.modules.loading: Loading module base_setup (7/36) 
2025-03-18 17:50:33,631 41048 DEBUG odoo odoo.modules.loading: Module base_setup loaded in 0.01s, 0 queries 
2025-03-18 17:50:33,631 41048 DEBUG odoo odoo.modules.loading: Loading module bus (8/36) 
2025-03-18 17:50:33,652 41048 DEBUG odoo odoo.modules.loading: Module bus loaded in 0.02s, 0 queries 
2025-03-18 17:50:33,652 41048 DEBUG odoo odoo.modules.loading: Loading module http_routing (9/36) 
2025-03-18 17:50:33,665 41048 DEBUG odoo odoo.modules.loading: Module http_routing loaded in 0.01s, 0 queries 
2025-03-18 17:50:33,665 41048 DEBUG odoo odoo.modules.loading: Loading module resource (10/36) 
2025-03-18 17:50:33,684 41048 DEBUG odoo odoo.modules.loading: Module resource loaded in 0.02s, 0 queries 
2025-03-18 17:50:33,684 41048 DEBUG odoo odoo.modules.loading: Loading module web_hierarchy (11/36) 
2025-03-18 17:50:33,689 41048 DEBUG odoo odoo.modules.loading: Module web_hierarchy loaded in 0.01s, 0 queries 
2025-03-18 17:50:33,690 41048 DEBUG odoo odoo.modules.loading: Loading module web_tour (12/36) 
2025-03-18 17:50:33,693 41048 DEBUG odoo odoo.modules.loading: Module web_tour loaded in 0.00s, 0 queries 
2025-03-18 17:50:33,693 41048 DEBUG odoo odoo.modules.loading: Loading module html_editor (13/36) 
2025-03-18 17:50:33,873 41048 DEBUG odoo odoo.modules.loading: Module html_editor loaded in 0.18s, 0 queries 
2025-03-18 17:50:33,873 41048 DEBUG odoo odoo.modules.loading: Loading module iap (14/36) 
2025-03-18 17:50:33,873 41048 DEBUG odoo odoo.modules.loading: Module iap loaded in 0.00s, 0 queries 
2025-03-18 17:50:33,873 41048 DEBUG odoo odoo.modules.loading: Loading module mail (15/36) 
2025-03-18 17:50:33,877 41048 DEBUG odoo odoo.modules.loading: Module mail loaded in 0.00s, 0 queries 
2025-03-18 17:50:33,877 41048 DEBUG odoo odoo.modules.loading: Loading module web_editor (16/36) 
2025-03-18 17:50:33,898 41048 DEBUG odoo odoo.modules.loading: Module web_editor loaded in 0.02s, 0 queries 
2025-03-18 17:50:33,898 41048 DEBUG odoo odoo.modules.loading: Loading module auth_signup (17/36) 
2025-03-18 17:50:33,911 41048 DEBUG odoo odoo.modules.loading: Module auth_signup loaded in 0.01s, 0 queries 
2025-03-18 17:50:33,911 41048 DEBUG odoo odoo.modules.loading: Loading module auth_totp_mail (18/36) 
2025-03-18 17:50:33,916 41048 DEBUG odoo odoo.modules.loading: Module auth_totp_mail loaded in 0.01s, 0 queries 
2025-03-18 17:50:33,916 41048 DEBUG odoo odoo.modules.loading: Loading module base_install_request (19/36) 
2025-03-18 17:50:33,922 41048 DEBUG odoo odoo.modules.loading: Module base_install_request loaded in 0.01s, 0 queries 
2025-03-18 17:50:33,922 41048 DEBUG odoo odoo.modules.loading: Loading module google_gmail (20/36) 
2025-03-18 17:50:33,927 41048 DEBUG odoo odoo.modules.loading: Module google_gmail loaded in 0.01s, 0 queries 
2025-03-18 17:50:33,927 41048 DEBUG odoo odoo.modules.loading: Loading module iap_mail (21/36) 
2025-03-18 17:50:33,930 41048 DEBUG odoo odoo.modules.loading: Module iap_mail loaded in 0.00s, 0 queries 
2025-03-18 17:50:33,930 41048 DEBUG odoo odoo.modules.loading: Loading module mail_bot (22/36) 
2025-03-18 17:50:33,935 41048 DEBUG odoo odoo.modules.loading: Module mail_bot loaded in 0.00s, 0 queries 
2025-03-18 17:50:33,935 41048 DEBUG odoo odoo.modules.loading: Loading module phone_validation (23/36) 
2025-03-18 17:50:33,947 41048 DEBUG odoo odoo.modules.loading: Module phone_validation loaded in 0.01s, 0 queries 
2025-03-18 17:50:33,947 41048 DEBUG odoo odoo.modules.loading: Loading module privacy_lookup (24/36) 
2025-03-18 17:50:33,953 41048 DEBUG odoo odoo.modules.loading: Module privacy_lookup loaded in 0.01s, 0 queries 
2025-03-18 17:50:33,953 41048 DEBUG odoo odoo.modules.loading: Loading module resource_mail (25/36) 
2025-03-18 17:50:33,953 41048 DEBUG odoo odoo.modules.loading: Module resource_mail loaded in 0.00s, 0 queries 
2025-03-18 17:50:33,953 41048 DEBUG odoo odoo.modules.loading: Loading module web_unsplash (26/36) 
2025-03-18 17:50:33,960 41048 DEBUG odoo odoo.modules.loading: Module web_unsplash loaded in 0.01s, 0 queries 
2025-03-18 17:50:33,960 41048 DEBUG odoo odoo.modules.loading: Loading module partner_autocomplete (27/36) 
2025-03-18 17:50:33,970 41048 DEBUG odoo odoo.modules.loading: Module partner_autocomplete loaded in 0.01s, 0 queries 
2025-03-18 17:50:33,970 41048 DEBUG odoo odoo.modules.loading: Loading module portal (28/36) 
2025-03-18 17:50:33,976 41048 DEBUG odoo odoo.modules.loading: Module portal loaded in 0.01s, 0 queries 
2025-03-18 17:50:33,976 41048 DEBUG odoo odoo.modules.loading: Loading module sms (29/36) 
2025-03-18 17:50:34,004 41048 DEBUG odoo odoo.modules.loading: Module sms loaded in 0.03s, 0 queries 
2025-03-18 17:50:34,004 41048 DEBUG odoo odoo.modules.loading: Loading module snailmail (30/36) 
2025-03-18 17:50:34,012 41048 DEBUG odoo odoo.modules.loading: Module snailmail loaded in 0.01s, 0 queries 
2025-03-18 17:50:34,012 41048 DEBUG odoo odoo.modules.loading: Loading module auth_totp_portal (31/36) 
2025-03-18 17:50:34,012 41048 DEBUG odoo odoo.modules.loading: Module auth_totp_portal loaded in 0.00s, 0 queries 
2025-03-18 17:50:34,012 41048 DEBUG odoo odoo.modules.loading: Loading module digest (32/36) 
2025-03-18 17:50:34,012 41048 DEBUG odoo odoo.modules.loading: Module digest loaded in 0.00s, 0 queries 
2025-03-18 17:50:34,012 41048 DEBUG odoo odoo.modules.loading: Loading module hr (33/36) 
2025-03-18 17:50:34,048 41048 DEBUG odoo odoo.modules.loading: Module hr loaded in 0.04s, 0 queries 
2025-03-18 17:50:34,049 41048 DEBUG odoo odoo.modules.loading: Loading module hr_org_chart (34/36) 
2025-03-18 17:50:34,052 41048 DEBUG odoo odoo.modules.loading: Module hr_org_chart loaded in 0.00s, 0 queries 
2025-03-18 17:50:34,052 41048 DEBUG odoo odoo.modules.loading: Loading module hr_skills (35/36) 
2025-03-18 17:50:34,054 41048 DEBUG odoo odoo.modules.loading: Module hr_skills loaded in 0.00s, 0 queries 
2025-03-18 17:50:34,054 41048 DEBUG odoo odoo.modules.loading: Loading module mail_bot_hr (36/36) 
2025-03-18 17:50:34,054 41048 DEBUG odoo odoo.modules.loading: Module mail_bot_hr loaded in 0.00s, 0 queries 
2025-03-18 17:50:34,054 41048 INFO odoo odoo.modules.loading: 36 modules loaded in 0.76s, 0 queries (+0 extra) 
2025-03-18 17:50:34,273 41048 DEBUG odoo odoo.modules.registry: Invalidating templates model caches from write C:\odoo\odoo\odoo\addons\base\models\ir_ui_view.py:533 
2025-03-18 17:50:34,287 41048 DEBUG odoo odoo.modules.registry: Invalidating templates model caches from write C:\odoo\odoo\odoo\addons\base\models\ir_ui_view.py:533 
2025-03-18 17:50:34,685 41048 INFO odoo odoo.modules.loading: Modules loaded. 
2025-03-18 17:50:34,685 41048 INFO odoo odoo.modules.registry: Registry changed, signaling through the database 
2025-03-18 17:50:34,685 41048 INFO odoo odoo.modules.registry: Registry loaded in 2.848s 
2025-03-18 17:50:34,685 41048 DEBUG odoo odoo.service.server: cron0 started! 
2025-03-18 17:50:34,685 41048 INFO odoo odoo.addons.base.models.ir_http: Generating routing map for key None 
2025-03-18 17:50:34,718 41048 DEBUG odoo odoo.service.server: cron1 started! 
2025-03-18 17:50:34,831 41048 INFO odoo werkzeug: 127.0.0.1 - - [18/Mar/2025 17:50:34] "GET /websocket?version=18.0-3 HTTP/1.1" 101 - 6 0.001 2.699
2025-03-18 17:50:35,229 41048 INFO ? odoo.addons.bus.models.bus: Bus.loop listen imbus on db postgres 
2025-03-18 17:50:38,883 41048 DEBUG ? odoo.modules.module: module __init__.py: no manifest file found ('__manifest__.py', '__openerp__.py') 
2025-03-18 17:50:38,883 41048 DEBUG ? odoo.modules.module: module __init__.py: no manifest file found ('__manifest__.py', '__openerp__.py') 
2025-03-18 17:50:38,883 41048 DEBUG ? odoo.modules.module: module __init__.py: no manifest file found ('__manifest__.py', '__openerp__.py') 
2025-03-18 17:50:38,884 41048 DEBUG ? odoo.modules.module: module __pycache__: no manifest file found ('__manifest__.py', '__openerp__.py') 
2025-03-18 17:50:38,884 41048 DEBUG ? odoo.modules.module: module __pycache__: no manifest file found ('__manifest__.py', '__openerp__.py') 
2025-03-18 17:50:38,884 41048 DEBUG ? odoo.modules.module: module __pycache__: no manifest file found ('__manifest__.py', '__openerp__.py') 
2025-03-18 17:50:39,000 41048 DEBUG ? odoo.modules.module: module website_twitter: no manifest file found ('__manifest__.py', '__openerp__.py') 
2025-03-18 17:50:39,130 41048 DEBUG odoo odoo.api: call ir.module.module().search_panel_select_range('module_type', category_domain=[], enable_counters=False, expand=True, filter_domain=[], hierarchize=True, limit=200, search_domain=[['application', '=', True]]) 
2025-03-18 17:50:39,136 41048 DEBUG odoo odoo.api: call ir.module.module().web_search_read(count_limit=10001, domain=[['application', '=', True]], limit=80, offset=0, order='', specification={'to_buy': {}, 'name': {}, 'state': {}, 'summary': {}, 'website': {}, 'application': {}, 'module_type': {}, 'icon': {}, 'icon_flag': {}, 'shortdesc': {}}) 
2025-03-18 17:50:39,137 41048 DEBUG odoo odoo.api: call ir.module.module().search_panel_select_range('category_id', category_domain=[], enable_counters=True, expand=False, filter_domain=[], hierarchize=True, limit=200, search_domain=[['application', '=', True]]) 
2025-03-18 17:50:39,146 41048 INFO odoo werkzeug: 127.0.0.1 - - [18/Mar/2025 17:50:39] "POST /web/dataset/call_kw/ir.module.module/search_panel_select_range HTTP/1.1" 200 - 7 0.004 0.274
2025-03-18 17:50:39,153 41048 DEBUG odoo odoo.modules.module: module mrp_workorder: no manifest file found ('__manifest__.py', '__openerp__.py') 
2025-03-18 17:50:39,155 41048 DEBUG odoo odoo.modules.module: module accountant: no manifest file found ('__manifest__.py', '__openerp__.py') 
2025-03-18 17:50:39,158 41048 DEBUG odoo odoo.modules.module: module knowledge: no manifest file found ('__manifest__.py', '__openerp__.py') 
2025-03-18 17:50:39,164 41048 DEBUG odoo odoo.modules.module: module timesheet_grid: no manifest file found ('__manifest__.py', '__openerp__.py') 
2025-03-18 17:50:39,167 41048 DEBUG odoo odoo.modules.module: module web_studio: no manifest file found ('__manifest__.py', '__openerp__.py') 
2025-03-18 17:50:39,173 41048 DEBUG odoo odoo.modules.module: module industry_fsm: no manifest file found ('__manifest__.py', '__openerp__.py') 
2025-03-18 17:50:39,180 41048 DEBUG odoo odoo.modules.module: module sign: no manifest file found ('__manifest__.py', '__openerp__.py') 
2025-03-18 17:50:39,180 41048 DEBUG odoo odoo.modules.module: module helpdesk: no manifest file found ('__manifest__.py', '__openerp__.py') 
2025-03-18 17:50:39,186 41048 DEBUG odoo odoo.modules.module: module sale_subscription: no manifest file found ('__manifest__.py', '__openerp__.py') 
2025-03-18 17:50:39,187 41048 DEBUG odoo odoo.modules.module: module quality_control: no manifest file found ('__manifest__.py', '__openerp__.py') 
2025-03-18 17:50:39,190 41048 DEBUG odoo odoo.modules.module: module planning: no manifest file found ('__manifest__.py', '__openerp__.py') 
2025-03-18 17:50:39,196 41048 DEBUG odoo odoo.modules.module: module mrp_plm: no manifest file found ('__manifest__.py', '__openerp__.py') 
2025-03-18 17:50:39,199 41048 INFO odoo werkzeug: 127.0.0.1 - - [18/Mar/2025 17:50:39] "POST /web/dataset/call_kw/ir.module.module/search_panel_select_range HTTP/1.1" 200 - 57 0.050 0.279
2025-03-18 17:50:39,199 41048 DEBUG odoo odoo.modules.module: module social: no manifest file found ('__manifest__.py', '__openerp__.py') 
2025-03-18 17:50:39,200 41048 DEBUG odoo odoo.modules.module: module hr_appraisal: no manifest file found ('__manifest__.py', '__openerp__.py') 
2025-03-18 17:50:39,202 41048 DEBUG odoo odoo.modules.module: module marketing_automation: no manifest file found ('__manifest__.py', '__openerp__.py') 
2025-03-18 17:50:39,204 41048 DEBUG odoo odoo.modules.module: module appointment: no manifest file found ('__manifest__.py', '__openerp__.py') 
2025-03-18 17:50:39,206 41048 DEBUG odoo odoo.modules.module: module web_mobile: no manifest file found ('__manifest__.py', '__openerp__.py') 
2025-03-18 17:50:39,208 41048 DEBUG odoo odoo.modules.module: module stock_barcode: no manifest file found ('__manifest__.py', '__openerp__.py') 
2025-03-18 17:50:39,210 41048 DEBUG odoo odoo.modules.module: module voip: no manifest file found ('__manifest__.py', '__openerp__.py') 
2025-03-18 17:50:39,211 41048 DEBUG odoo odoo.modules.module: module sale_amazon: no manifest file found ('__manifest__.py', '__openerp__.py') 
2025-03-18 17:50:39,216 41048 INFO odoo werkzeug: 127.0.0.1 - - [18/Mar/2025 17:50:39] "POST /web/dataset/call_kw/ir.module.module/web_search_read HTTP/1.1" 200 - 4 0.016 0.328
2025-03-18 17:50:40,577 41048 DEBUG odoo odoo.api: call ir.module.module().search_panel_select_range('category_id', category_domain=[], enable_counters=True, expand=False, filter_domain=[], hierarchize=True, limit=200, search_domain=[]) 
2025-03-18 17:50:40,616 41048 INFO odoo werkzeug: 127.0.0.1 - - [18/Mar/2025 17:50:40] "POST /web/dataset/call_kw/ir.module.module/search_panel_select_range HTTP/1.1" 200 - 54 0.023 0.021
2025-03-18 17:50:40,882 41048 DEBUG odoo odoo.api: call ir.module.module().web_search_read(count_limit=10001, domain=[], limit=80, offset=0, order='', specification={'to_buy': {}, 'name': {}, 'state': {}, 'summary': {}, 'website': {}, 'application': {}, 'module_type': {}, 'icon': {}, 'icon_flag': {}, 'shortdesc': {}}) 
2025-03-18 17:50:40,940 41048 INFO odoo werkzeug: 127.0.0.1 - - [18/Mar/2025 17:50:40] "POST /web/dataset/call_kw/ir.module.module/web_search_read HTTP/1.1" 200 - 4 0.008 0.055
2025-03-18 17:50:44,777 41048 DEBUG odoo odoo.api: call ir.module.module().web_search_read(count_limit=10001, domain=[], limit=80, offset=0, order='', specification={'to_buy': {}, 'name': {}, 'state': {}, 'summary': {}, 'website': {}, 'application': {}, 'module_type': {}, 'icon': {}, 'icon_flag': {}, 'shortdesc': {}}) 
2025-03-18 17:50:44,817 41048 INFO odoo werkzeug: 127.0.0.1 - - [18/Mar/2025 17:50:44] "POST /web/dataset/call_kw/ir.module.module/web_search_read HTTP/1.1" 200 - 4 0.002 0.042
2025-03-18 17:50:52,532 41048 DEBUG odoo odoo.api: call ir.module.module().search_panel_select_range('category_id', category_domain=[], enable_counters=True, expand=False, filter_domain=[], hierarchize=True, limit=200, search_domain=['|', '|', ['summary', 'ilike', 'Plant Nursery'], ['shortdesc', 'ilike', 'Plant Nursery'], ['name', 'ilike', 'Plant Nursery']]) 
2025-03-18 17:50:52,628 41048 INFO odoo werkzeug: 127.0.0.1 - - [18/Mar/2025 17:50:52] "POST /web/dataset/call_kw/ir.module.module/search_panel_select_range HTTP/1.1" 200 - 54 0.055 0.046
2025-03-18 17:50:52,961 41048 DEBUG odoo odoo.api: call ir.module.module().web_search_read(count_limit=10001, domain=['|', '|', ['summary', 'ilike', 'Plant Nursery'], ['shortdesc', 'ilike', 'Plant Nursery'], ['name', 'ilike', 'Plant Nursery']], limit=80, offset=0, order='', specification={'to_buy': {}, 'name': {}, 'state': {}, 'summary': {}, 'website': {}, 'application': {}, 'module_type': {}, 'icon': {}, 'icon_flag': {}, 'shortdesc': {}}) 
2025-03-18 17:50:52,972 41048 INFO odoo werkzeug: 127.0.0.1 - - [18/Mar/2025 17:50:52] "POST /web/dataset/call_kw/ir.module.module/web_search_read HTTP/1.1" 200 - 3 0.006 0.019
2025-03-18 17:50:54,997 41048 DEBUG odoo odoo.api: call ir.module.module(635,).button_immediate_install() 
2025-03-18 17:50:55,010 41048 INFO odoo odoo.addons.base.models.ir_module: ALLOW access to module.button_immediate_install on ['Plant Nursery2'] to user admin #2 via 127.0.0.1 
2025-03-18 17:50:55,010 41048 INFO odoo odoo.addons.base.models.ir_module: User #2 triggered module installation 
2025-03-18 17:50:55,016 41048 INFO odoo odoo.addons.base.models.ir_module: ALLOW access to module.button_install on ['Plant Nursery2'] to user admin #2 via 127.0.0.1 
2025-03-18 17:50:55,188 41048 DEBUG odoo odoo.modules.registry: Multiprocess load registry signaling: [Registry: 80] [Cache default: 6] [Cache assets: 1] [Cache templates: 1] [Cache routing: 1] [Cache groups: 1] 
2025-03-18 17:50:55,201 41048 INFO odoo odoo.modules.loading: loading 1 modules... 
2025-03-18 17:50:55,201 41048 DEBUG odoo odoo.modules.loading: Loading module base (1/1) 
2025-03-18 17:50:55,208 41048 DEBUG odoo odoo.modules.loading: Module base loaded in 0.01s, 0 queries 
2025-03-18 17:50:55,208 41048 INFO odoo odoo.modules.loading: 1 modules loaded in 0.01s, 0 queries (+0 extra) 
2025-03-18 17:50:55,262 41048 INFO odoo odoo.modules.loading: updating modules list 
2025-03-18 17:50:55,267 41048 INFO odoo odoo.addons.base.models.ir_module: ALLOW access to module.update_list on [] to user __system__ #1 via 127.0.0.1 
2025-03-18 17:50:56,093 41048 DEBUG odoo odoo.modules.loading: Updating graph with 35 more modules 
2025-03-18 17:50:56,093 41048 INFO odoo odoo.modules.loading: loading 36 modules... 
2025-03-18 17:50:56,093 41048 DEBUG odoo odoo.modules.loading: Loading module estate (2/36) 
2025-03-18 17:50:56,093 41048 DEBUG odoo odoo.modules.loading: Module estate loaded in 0.00s, 0 queries 
2025-03-18 17:50:56,093 41048 DEBUG odoo odoo.modules.loading: Loading module web (3/36) 
2025-03-18 17:50:56,095 41048 DEBUG odoo odoo.modules.loading: Module web loaded in 0.00s, 0 queries 
2025-03-18 17:50:56,095 41048 DEBUG odoo odoo.modules.loading: Loading module auth_totp (4/36) 
2025-03-18 17:50:56,095 41048 DEBUG odoo odoo.modules.loading: Module auth_totp loaded in 0.00s, 0 queries 
2025-03-18 17:50:56,095 41048 DEBUG odoo odoo.modules.loading: Loading module base_import (5/36) 
2025-03-18 17:50:56,095 41048 DEBUG odoo odoo.modules.loading: Module base_import loaded in 0.00s, 0 queries 
2025-03-18 17:50:56,095 41048 DEBUG odoo odoo.modules.loading: Loading module base_import_module (6/36) 
2025-03-18 17:50:56,096 41048 DEBUG odoo odoo.modules.loading: Module base_import_module loaded in 0.00s, 0 queries 
2025-03-18 17:50:56,096 41048 DEBUG odoo odoo.modules.loading: Loading module base_setup (7/36) 
2025-03-18 17:50:56,096 41048 DEBUG odoo odoo.modules.loading: Module base_setup loaded in 0.00s, 0 queries 
2025-03-18 17:50:56,096 41048 DEBUG odoo odoo.modules.loading: Loading module bus (8/36) 
2025-03-18 17:50:56,096 41048 DEBUG odoo odoo.modules.loading: Module bus loaded in 0.00s, 0 queries 
2025-03-18 17:50:56,096 41048 DEBUG odoo odoo.modules.loading: Loading module http_routing (9/36) 
2025-03-18 17:50:56,096 41048 DEBUG odoo odoo.modules.loading: Module http_routing loaded in 0.00s, 0 queries 
2025-03-18 17:50:56,096 41048 DEBUG odoo odoo.modules.loading: Loading module resource (10/36) 
2025-03-18 17:50:56,096 41048 DEBUG odoo odoo.modules.loading: Module resource loaded in 0.00s, 0 queries 
2025-03-18 17:50:56,096 41048 DEBUG odoo odoo.modules.loading: Loading module web_hierarchy (11/36) 
2025-03-18 17:50:56,096 41048 DEBUG odoo odoo.modules.loading: Module web_hierarchy loaded in 0.00s, 0 queries 
2025-03-18 17:50:56,096 41048 DEBUG odoo odoo.modules.loading: Loading module web_tour (12/36) 
2025-03-18 17:50:56,096 41048 DEBUG odoo odoo.modules.loading: Module web_tour loaded in 0.00s, 0 queries 
2025-03-18 17:50:56,096 41048 DEBUG odoo odoo.modules.loading: Loading module html_editor (13/36) 
2025-03-18 17:50:56,096 41048 DEBUG odoo odoo.modules.loading: Module html_editor loaded in 0.00s, 0 queries 
2025-03-18 17:50:56,096 41048 DEBUG odoo odoo.modules.loading: Loading module iap (14/36) 
2025-03-18 17:50:56,096 41048 DEBUG odoo odoo.modules.loading: Module iap loaded in 0.00s, 0 queries 
2025-03-18 17:50:56,096 41048 DEBUG odoo odoo.modules.loading: Loading module mail (15/36) 
2025-03-18 17:50:56,096 41048 DEBUG odoo odoo.modules.loading: Module mail loaded in 0.00s, 0 queries 
2025-03-18 17:50:56,096 41048 DEBUG odoo odoo.modules.loading: Loading module web_editor (16/36) 
2025-03-18 17:50:56,096 41048 DEBUG odoo odoo.modules.loading: Module web_editor loaded in 0.00s, 0 queries 
2025-03-18 17:50:56,096 41048 DEBUG odoo odoo.modules.loading: Loading module auth_signup (17/36) 
2025-03-18 17:50:56,096 41048 DEBUG odoo odoo.modules.loading: Module auth_signup loaded in 0.00s, 0 queries 
2025-03-18 17:50:56,096 41048 DEBUG odoo odoo.modules.loading: Loading module auth_totp_mail (18/36) 
2025-03-18 17:50:56,096 41048 DEBUG odoo odoo.modules.loading: Module auth_totp_mail loaded in 0.00s, 0 queries 
2025-03-18 17:50:56,096 41048 DEBUG odoo odoo.modules.loading: Loading module base_install_request (19/36) 
2025-03-18 17:50:56,096 41048 DEBUG odoo odoo.modules.loading: Module base_install_request loaded in 0.00s, 0 queries 
2025-03-18 17:50:56,096 41048 DEBUG odoo odoo.modules.loading: Loading module google_gmail (20/36) 
2025-03-18 17:50:56,096 41048 DEBUG odoo odoo.modules.loading: Module google_gmail loaded in 0.00s, 0 queries 
2025-03-18 17:50:56,096 41048 DEBUG odoo odoo.modules.loading: Loading module iap_mail (21/36) 
2025-03-18 17:50:56,096 41048 DEBUG odoo odoo.modules.loading: Module iap_mail loaded in 0.00s, 0 queries 
2025-03-18 17:50:56,096 41048 DEBUG odoo odoo.modules.loading: Loading module mail_bot (22/36) 
2025-03-18 17:50:56,096 41048 DEBUG odoo odoo.modules.loading: Module mail_bot loaded in 0.00s, 0 queries 
2025-03-18 17:50:56,096 41048 DEBUG odoo odoo.modules.loading: Loading module phone_validation (23/36) 
2025-03-18 17:50:56,109 41048 DEBUG odoo odoo.modules.loading: Module phone_validation loaded in 0.01s, 0 queries 
2025-03-18 17:50:56,110 41048 DEBUG odoo odoo.modules.loading: Loading module privacy_lookup (24/36) 
2025-03-18 17:50:56,110 41048 DEBUG odoo odoo.modules.loading: Module privacy_lookup loaded in 0.00s, 0 queries 
2025-03-18 17:50:56,110 41048 DEBUG odoo odoo.modules.loading: Loading module resource_mail (25/36) 
2025-03-18 17:50:56,110 41048 DEBUG odoo odoo.modules.loading: Module resource_mail loaded in 0.00s, 0 queries 
2025-03-18 17:50:56,110 41048 DEBUG odoo odoo.modules.loading: Loading module web_unsplash (26/36) 
2025-03-18 17:50:56,110 41048 DEBUG odoo odoo.modules.loading: Module web_unsplash loaded in 0.00s, 0 queries 
2025-03-18 17:50:56,110 41048 DEBUG odoo odoo.modules.loading: Loading module partner_autocomplete (27/36) 
2025-03-18 17:50:56,111 41048 DEBUG odoo odoo.modules.loading: Module partner_autocomplete loaded in 0.00s, 0 queries 
2025-03-18 17:50:56,111 41048 DEBUG odoo odoo.modules.loading: Loading module portal (28/36) 
2025-03-18 17:50:56,111 41048 DEBUG odoo odoo.modules.loading: Module portal loaded in 0.00s, 0 queries 
2025-03-18 17:50:56,111 41048 DEBUG odoo odoo.modules.loading: Loading module sms (29/36) 
2025-03-18 17:50:56,112 41048 DEBUG odoo odoo.modules.loading: Module sms loaded in 0.00s, 0 queries 
2025-03-18 17:50:56,112 41048 DEBUG odoo odoo.modules.loading: Loading module snailmail (30/36) 
2025-03-18 17:50:56,112 41048 DEBUG odoo odoo.modules.loading: Module snailmail loaded in 0.00s, 0 queries 
2025-03-18 17:50:56,112 41048 DEBUG odoo odoo.modules.loading: Loading module auth_totp_portal (31/36) 
2025-03-18 17:50:56,113 41048 DEBUG odoo odoo.modules.loading: Module auth_totp_portal loaded in 0.00s, 0 queries 
2025-03-18 17:50:56,113 41048 DEBUG odoo odoo.modules.loading: Loading module digest (32/36) 
2025-03-18 17:50:56,113 41048 DEBUG odoo odoo.modules.loading: Module digest loaded in 0.00s, 0 queries 
2025-03-18 17:50:56,113 41048 DEBUG odoo odoo.modules.loading: Loading module hr (33/36) 
2025-03-18 17:50:56,116 41048 DEBUG odoo odoo.modules.loading: Module hr loaded in 0.00s, 0 queries 
2025-03-18 17:50:56,116 41048 DEBUG odoo odoo.modules.loading: Loading module hr_org_chart (34/36) 
2025-03-18 17:50:56,116 41048 DEBUG odoo odoo.modules.loading: Module hr_org_chart loaded in 0.00s, 0 queries 
2025-03-18 17:50:56,116 41048 DEBUG odoo odoo.modules.loading: Loading module hr_skills (35/36) 
2025-03-18 17:50:56,117 41048 DEBUG odoo odoo.modules.loading: Module hr_skills loaded in 0.00s, 0 queries 
2025-03-18 17:50:56,117 41048 DEBUG odoo odoo.modules.loading: Loading module mail_bot_hr (36/36) 
2025-03-18 17:50:56,117 41048 DEBUG odoo odoo.modules.loading: Module mail_bot_hr loaded in 0.00s, 0 queries 
2025-03-18 17:50:56,117 41048 INFO odoo odoo.modules.loading: 36 modules loaded in 0.02s, 0 queries (+0 extra) 
2025-03-18 17:50:56,118 41048 DEBUG odoo odoo.modules.loading: Updating graph with 1 more modules 
2025-03-18 17:50:56,118 41048 INFO odoo odoo.modules.loading: loading 37 modules... 
2025-03-18 17:50:56,118 41048 INFO odoo odoo.modules.loading: Loading module plant_nursery2 (10/37) 
2025-03-18 17:50:56,123 41048 WARNING odoo odoo.models: The model nursery.plant has no _description 
2025-03-18 17:50:56,123 41048 WARNING odoo odoo.models: The model nursery.customer has no _description 
2025-03-18 17:50:56,123 41048 WARNING odoo odoo.models: The model nursery.order has no _description 
2025-03-18 17:50:56,175 41048 DEBUG odoo odoo.models: Patching res.config.settings.report_footer with translate=True 
2025-03-18 17:50:56,204 41048 DEBUG odoo odoo.models: Patching base.document.layout.report_header with translate=True 
2025-03-18 17:50:56,204 41048 DEBUG odoo odoo.models: Patching base.document.layout.report_footer with translate=True 
2025-03-18 17:50:56,205 41048 DEBUG odoo odoo.models: Patching base.document.layout.company_details with translate=True 
2025-03-18 17:50:56,214 41048 DEBUG odoo odoo.models: Patching iap.account.description with translate=True 
2025-03-18 17:50:56,305 41048 INFO odoo odoo.modules.registry: module plant_nursery2: creating or updating database tables 
2025-03-18 17:50:56,327 41048 DEBUG odoo odoo.schema: Table 'nursery_plant': created 
2025-03-18 17:50:56,346 41048 DEBUG odoo odoo.schema: Table 'nursery_customer': created 
2025-03-18 17:50:56,353 41048 DEBUG odoo odoo.schema: Table 'nursery_order': created 
2025-03-18 17:50:56,405 41048 DEBUG odoo odoo.schema: Table 'nursery_plant': added foreign key 'create_uid' references 'res_users'('id') ON DELETE set null 
2025-03-18 17:50:56,422 41048 DEBUG odoo odoo.schema: Table 'nursery_plant': added foreign key 'write_uid' references 'res_users'('id') ON DELETE set null 
2025-03-18 17:50:56,422 41048 DEBUG odoo odoo.schema: Table 'nursery_customer': added foreign key 'create_uid' references 'res_users'('id') ON DELETE set null 
2025-03-18 17:50:56,445 41048 DEBUG odoo odoo.schema: Table 'nursery_customer': added foreign key 'write_uid' references 'res_users'('id') ON DELETE set null 
2025-03-18 17:50:56,453 41048 DEBUG odoo odoo.schema: Table 'nursery_order': added foreign key 'plant_id' references 'nursery_plant'('id') ON DELETE restrict 
2025-03-18 17:50:56,460 41048 DEBUG odoo odoo.schema: Table 'nursery_order': added foreign key 'customer_id' references 'nursery_customer'('id') ON DELETE set null 
2025-03-18 17:50:56,461 41048 DEBUG odoo odoo.schema: Table 'nursery_order': added foreign key 'create_uid' references 'res_users'('id') ON DELETE set null 
2025-03-18 17:50:56,461 41048 DEBUG odoo odoo.schema: Table 'nursery_order': added foreign key 'write_uid' references 'res_users'('id') ON DELETE set null 
2025-03-18 17:50:56,614 41048 INFO odoo odoo.modules.loading: loading plant_nursery2/data/actions.xml 
2025-03-18 17:50:56,649 41048 DEBUG odoo odoo.modules.registry: Invalidating default model caches from create C:\odoo\odoo\odoo\addons\base\models\ir_ui_menu.py:166 
2025-03-18 17:50:56,670 41048 DEBUG odoo odoo.modules.registry: Invalidating default model caches from create C:\odoo\odoo\odoo\addons\base\models\ir_actions.py:352 
2025-03-18 17:50:56,682 41048 DEBUG odoo odoo.modules.registry: Invalidating default model caches from create C:\odoo\odoo\odoo\addons\base\models\ir_actions.py:108 
2025-03-18 17:50:56,684 41048 DEBUG odoo odoo.modules.registry: Invalidating default model caches from create C:\odoo\odoo\odoo\addons\base\models\ir_actions.py:352 
2025-03-18 17:50:56,687 41048 DEBUG odoo odoo.modules.registry: Invalidating default model caches from create C:\odoo\odoo\odoo\addons\base\models\ir_actions.py:108 
2025-03-18 17:50:56,690 41048 DEBUG odoo odoo.modules.registry: Invalidating default model caches from create C:\odoo\odoo\odoo\addons\base\models\ir_actions.py:352 
2025-03-18 17:50:56,692 41048 DEBUG odoo odoo.modules.registry: Invalidating default model caches from create C:\odoo\odoo\odoo\addons\base\models\ir_actions.py:108 
2025-03-18 17:50:56,696 41048 DEBUG odoo odoo.modules.registry: Invalidating default model caches from create C:\odoo\odoo\odoo\addons\base\models\ir_ui_menu.py:166 
2025-03-18 17:50:56,696 41048 DEBUG odoo odoo.modules.registry: Invalidating default model caches from create C:\odoo\odoo\odoo\addons\base\models\ir_ui_menu.py:166 
2025-03-18 17:50:56,713 41048 DEBUG odoo odoo.modules.registry: Invalidating default model caches from create C:\odoo\odoo\odoo\addons\base\models\ir_ui_menu.py:166 
2025-03-18 17:50:56,718 41048 INFO odoo odoo.modules.loading: loading plant_nursery2/data/plant_views.xml 
2025-03-18 17:50:56,725 41048 DEBUG odoo odoo.modules.registry: Invalidating templates model caches from create C:\odoo\odoo\odoo\addons\base\models\ir_ui_view.py:517 
2025-03-18 17:50:56,746 41048 INFO odoo odoo.modules.loading: loading plant_nursery2/data/order_views.xml 
2025-03-18 17:50:56,749 41048 DEBUG odoo odoo.modules.registry: Invalidating templates model caches from create C:\odoo\odoo\odoo\addons\base\models\ir_ui_view.py:517 
2025-03-18 17:50:56,773 41048 WARNING odoo odoo.modules.loading: The models ['nursery.plant', 'nursery.customer', 'nursery.order'] have no access rules in module plant_nursery2, consider adding some, like:
id,name,model_id:id,group_id:id,perm_read,perm_write,perm_create,perm_unlink
plant_nursery2.access_nursery_plant,access_nursery_plant,plant_nursery2.model_nursery_plant,base.group_user,1,0,0,0
plant_nursery2.access_nursery_customer,access_nursery_customer,plant_nursery2.model_nursery_customer,base.group_user,1,0,0,0
plant_nursery2.access_nursery_order,access_nursery_order,plant_nursery2.model_nursery_order,base.group_user,1,0,0,0 
2025-03-18 17:50:56,793 41048 INFO odoo odoo.modules.loading: Module plant_nursery2 loaded in 0.68s, 145 queries (+145 other) 
2025-03-18 17:50:56,793 41048 INFO odoo odoo.modules.loading: 37 modules loaded in 0.68s, 145 queries (+145 extra) 
2025-03-18 17:50:57,026 41048 DEBUG odoo odoo.models: column index is in the table auth_totp_device but not in the corresponding object auth_totp.device 
2025-03-18 17:50:57,026 41048 DEBUG odoo odoo.models: column key is in the table auth_totp_device but not in the corresponding object auth_totp.device 
2025-03-18 17:50:57,061 41048 DEBUG odoo odoo.models: column web is in the table ir_module_module but not in the corresponding object ir.module.module 
2025-03-18 17:50:57,114 41048 DEBUG odoo odoo.models: column password is in the table res_users but not in the corresponding object res.users 
2025-03-18 17:50:57,115 41048 DEBUG odoo odoo.models: column totp_secret is in the table res_users but not in the corresponding object res.users 
2025-03-18 17:50:57,116 41048 DEBUG odoo odoo.models: column index is in the table res_users_apikeys but not in the corresponding object res.users.apikeys 
2025-03-18 17:50:57,116 41048 DEBUG odoo odoo.models: column key is in the table res_users_apikeys but not in the corresponding object res.users.apikeys 
2025-03-18 17:50:57,191 41048 DEBUG odoo odoo.modules.registry: Invalidating templates model caches from write C:\odoo\odoo\odoo\addons\base\models\ir_ui_view.py:533 
2025-03-18 17:50:57,208 41048 DEBUG odoo odoo.modules.registry: Invalidating templates model caches from write C:\odoo\odoo\odoo\addons\base\models\ir_ui_view.py:533 
2025-03-18 17:50:57,933 41048 INFO odoo odoo.modules.loading: Modules loaded. 
2025-03-18 17:50:57,933 41048 INFO odoo odoo.modules.registry: Registry changed, signaling through the database 
2025-03-18 17:50:57,933 41048 INFO odoo odoo.modules.registry: Registry loaded in 2.765s 
2025-03-18 17:50:57,933 41048 INFO odoo odoo.addons.base.models.ir_module: getting next ir.actions.todo() 
2025-03-18 17:50:57,953 41048 INFO odoo werkzeug: 127.0.0.1 - - [18/Mar/2025 17:50:57] "POST /web/dataset/call_button/ir.module.module/button_immediate_install HTTP/1.1" 200 - 2505 1.638 1.326
2025-03-18 17:50:58,297 41048 INFO odoo odoo.addons.base.models.ir_http: Generating routing map for key None 
2025-03-18 17:50:58,662 41048 WARNING odoo odoo.modules.module: Missing `license` key in manifest for 'plant_nursery2', defaulting to LGPL-3 
2025-03-18 17:50:59,509 41048 INFO odoo werkzeug: 127.0.0.1 - - [18/Mar/2025 17:50:59] "GET /odoo HTTP/1.1" 200 - 91 0.078 1.137
2025-03-18 17:50:59,845 41048 INFO odoo werkzeug: 127.0.0.1 - - [18/Mar/2025 17:50:59] "POST /web/action/load HTTP/1.1" 200 - 7 0.009 0.017
2025-03-18 17:50:59,907 41048 INFO odoo werkzeug: 127.0.0.1 - - [18/Mar/2025 17:50:59] "GET /web/image?model=res.users&field=avatar_128&id=2 HTTP/1.1" 304 - 17 0.035 0.055
2025-03-18 17:51:00,252 41048 INFO odoo werkzeug: 127.0.0.1 - - [18/Mar/2025 17:51:00] "GET /web/manifest.webmanifest HTTP/1.1" 200 - 9 0.039 0.003
2025-03-18 17:51:00,297 41048 INFO odoo werkzeug: 127.0.0.1 - - [18/Mar/2025 17:51:00] "POST /mail/data HTTP/1.1" 200 - 34 0.092 0.061
2025-03-18 17:51:00,370 41048 INFO odoo werkzeug: 127.0.0.1 - - [18/Mar/2025 17:51:00] "POST /mail/data HTTP/1.1" 200 - 63 0.107 0.119
2025-03-18 17:51:00,769 41048 INFO odoo werkzeug: 127.0.0.1 - - [18/Mar/2025 17:51:00] "POST /mail/inbox/messages HTTP/1.1" 200 - 5 0.005 0.018
2025-03-18 17:51:02,071 41048 INFO odoo werkzeug: 127.0.0.1 - - [18/Mar/2025 17:51:02] "GET /web/service-worker.js HTTP/1.1" 200 - 1 0.001 0.010
2025-03-18 17:51:16,245 41048 INFO odoo werkzeug: 127.0.0.1 - - [18/Mar/2025 17:51:16] "GET /websocket?version=18.0-3 HTTP/1.1" 101 - 1 0.001 0.006
2025-03-18 17:51:34,756 41048 DEBUG ? odoo.service.server: cron0 polling for jobs 
2025-03-18 17:51:35,843 41048 DEBUG ? odoo.service.server: cron1 polling for jobs 
2025-03-18 17:52:34,772 41048 DEBUG ? odoo.service.server: cron0 polling for jobs 
2025-03-18 17:52:36,860 41048 DEBUG ? odoo.service.server: cron1 polling for jobs 
2025-03-18 17:53:16,757 41048 INFO odoo werkzeug: 127.0.0.1 - - [18/Mar/2025 17:53:16] "GET /websocket?version=18.0-3 HTTP/1.1" 101 - 1 0.000 0.000
2025-03-18 17:53:34,787 41048 DEBUG ? odoo.service.server: cron0 polling for jobs 
2025-03-18 17:53:37,879 41048 DEBUG ? odoo.service.server: cron1 polling for jobs 
2025-03-18 22:32:14,727 41048 DEBUG ? odoo.service.server: cron0 polling for jobs 
2025-03-18 22:32:14,737 41048 DEBUG ? odoo.service.server: cron1 polling for jobs 
2025-03-18 22:32:14,834 41048 DEBUG odoo odoo.addons.base.models.ir_cron: job 5 acquired 
2025-03-18 22:32:16,071 41048 DEBUG odoo odoo.addons.base.models.ir_cron: another worker is processing job 5, skip 
2025-03-18 22:32:16,071 41048 DEBUG odoo odoo.addons.base.models.ir_cron: job 7 acquired 
2025-03-18 22:32:16,220 41048 DEBUG odoo odoo.addons.base.models.ir_cron: cron.object.execute('odoo', 1, '*', 'Notification: Delete Notifications older than 6 Month', 125) 
2025-03-18 22:32:16,220 41048 INFO odoo odoo.addons.base.models.ir_cron: Job 'Notification: Delete Notifications older than 6 Month' (5) starting 
2025-03-18 22:32:16,224 41048 DEBUG odoo odoo.addons.base.models.ir_cron: cron.object.execute('odoo', 1, '*', 'Mail: Post scheduled messages', 127) 
2025-03-18 22:32:16,224 41048 INFO odoo odoo.addons.base.models.ir_cron: Job 'Mail: Post scheduled messages' (7) starting 
2025-03-18 22:32:16,239 41048 INFO odoo odoo.addons.mail.models.mail_scheduled_message: Posting 0 scheduled messages 
2025-03-18 22:32:16,240 41048 INFO odoo odoo.addons.base.models.ir_cron: Job 'Mail: Post scheduled messages' (7) done in 0.017s 
2025-03-18 22:32:16,241 41048 DEBUG odoo odoo.addons.base.models.ir_cron: Job 'Mail: Post scheduled messages' (7) server action #127 with uid 1 executed in 0.017s 
2025-03-18 22:32:16,242 41048 INFO odoo odoo.addons.base.models.ir_cron: Job 'Notification: Delete Notifications older than 6 Month' (5) done in 0.023s 
2025-03-18 22:32:16,242 41048 DEBUG odoo odoo.addons.base.models.ir_cron: Job 'Notification: Delete Notifications older than 6 Month' (5) server action #125 with uid 1 executed in 0.023s 
2025-03-18 22:32:16,244 41048 INFO odoo odoo.addons.base.models.ir_cron: Job 'Mail: Post scheduled messages' (7) processed 0 records, 0 records remaining 
2025-03-18 22:32:16,248 41048 INFO odoo odoo.addons.base.models.ir_cron: Job 'Notification: Delete Notifications older than 6 Month' (5) processed 0 records, 0 records remaining 
2025-03-18 22:32:16,266 41048 INFO odoo odoo.addons.base.models.ir_cron: Job 'Notification: Delete Notifications older than 6 Month' (5) completed 
2025-03-18 22:32:16,266 41048 INFO odoo odoo.addons.base.models.ir_cron: Job 'Mail: Post scheduled messages' (7) completed 
2025-03-18 22:32:16,270 41048 DEBUG odoo odoo.addons.base.models.ir_cron: job 7 updated and released 
2025-03-18 22:32:16,270 41048 DEBUG odoo odoo.addons.base.models.ir_cron: job 5 updated and released 
2025-03-18 22:32:16,270 41048 DEBUG odoo odoo.addons.base.models.ir_cron: job 8 acquired 
2025-03-18 22:32:16,270 41048 DEBUG odoo odoo.addons.base.models.ir_cron: another worker is processing job 7, skip 
2025-03-18 22:32:16,273 41048 DEBUG odoo odoo.addons.base.models.ir_cron: another worker is processing job 8, skip 
2025-03-18 22:32:16,274 41048 DEBUG odoo odoo.addons.base.models.ir_cron: job 9 acquired 
2025-03-18 22:32:16,279 41048 DEBUG odoo odoo.addons.base.models.ir_cron: cron.object.execute('odoo', 1, '*', 'Notification: Notify scheduled messages', 128) 
2025-03-18 22:32:16,279 41048 INFO odoo odoo.addons.base.models.ir_cron: Job 'Notification: Notify scheduled messages' (8) starting 
2025-03-18 22:32:16,279 41048 DEBUG odoo odoo.addons.base.models.ir_cron: cron.object.execute('odoo', 1, '*', 'Mail: send web push notification', 129) 
2025-03-18 22:32:16,279 41048 INFO odoo odoo.addons.base.models.ir_cron: Job 'Mail: send web push notification' (9) starting 
2025-03-18 22:32:16,286 41048 INFO odoo odoo.addons.base.models.ir_cron: Job 'Notification: Notify scheduled messages' (8) done in 0.007s 
2025-03-18 22:32:16,286 41048 DEBUG odoo odoo.addons.base.models.ir_cron: Job 'Notification: Notify scheduled messages' (8) server action #128 with uid 1 executed in 0.007s 
2025-03-18 22:32:16,287 41048 INFO odoo odoo.addons.base.models.ir_cron: Job 'Mail: send web push notification' (9) done in 0.007s 
2025-03-18 22:32:16,287 41048 DEBUG odoo odoo.addons.base.models.ir_cron: Job 'Mail: send web push notification' (9) server action #129 with uid 1 executed in 0.007s 
2025-03-18 22:32:16,290 41048 INFO odoo odoo.addons.base.models.ir_cron: Job 'Notification: Notify scheduled messages' (8) processed 0 records, 0 records remaining 
2025-03-18 22:32:16,291 41048 INFO odoo odoo.addons.base.models.ir_cron: Job 'Mail: send web push notification' (9) processed 0 records, 0 records remaining 
2025-03-18 22:32:16,298 41048 INFO odoo odoo.addons.base.models.ir_cron: Job 'Notification: Notify scheduled messages' (8) completed 
2025-03-18 22:32:16,298 41048 INFO odoo odoo.addons.base.models.ir_cron: Job 'Mail: send web push notification' (9) completed 
2025-03-18 22:32:16,300 41048 DEBUG odoo odoo.addons.base.models.ir_cron: job 8 updated and released 
2025-03-18 22:32:16,300 41048 DEBUG odoo odoo.addons.base.models.ir_cron: job 9 updated and released 
2025-03-18 22:32:16,300 41048 DEBUG odoo odoo.addons.base.models.ir_cron: another worker is processing job 9, skip 
2025-03-18 22:32:16,300 41048 DEBUG odoo odoo.addons.base.models.ir_cron: job 10 acquired 
2025-03-18 22:32:16,301 41048 DEBUG odoo odoo.addons.base.models.ir_cron: another worker is processing job 10, skip 
2025-03-18 22:32:16,303 41048 DEBUG odoo odoo.addons.base.models.ir_cron: job 11 acquired 
2025-03-18 22:32:16,307 41048 DEBUG odoo odoo.addons.base.models.ir_cron: cron.object.execute('odoo', 1, '*', 'Discuss: channel member unmute', 130) 
2025-03-18 22:32:16,307 41048 INFO odoo odoo.addons.base.models.ir_cron: Job 'Discuss: channel member unmute' (10) starting 
2025-03-18 22:32:16,308 41048 DEBUG odoo odoo.addons.base.models.ir_cron: cron.object.execute('odoo', 1, '*', 'Discuss: users settings unmute', 131) 
2025-03-18 22:32:16,308 41048 INFO odoo odoo.addons.base.models.ir_cron: Job 'Discuss: users settings unmute' (11) starting 
2025-03-18 22:32:16,317 41048 INFO odoo odoo.addons.base.models.ir_cron: Job 'Discuss: users settings unmute' (11) done in 0.008s 
2025-03-18 22:32:16,317 41048 DEBUG odoo odoo.addons.base.models.ir_cron: Job 'Discuss: users settings unmute' (11) server action #131 with uid 1 executed in 0.008s 
2025-03-18 22:32:16,318 41048 INFO odoo odoo.addons.base.models.ir_cron: Job 'Discuss: channel member unmute' (10) done in 0.011s 
2025-03-18 22:32:16,318 41048 DEBUG odoo odoo.addons.base.models.ir_cron: Job 'Discuss: channel member unmute' (10) server action #130 with uid 1 executed in 0.011s 
2025-03-18 22:32:16,321 41048 INFO odoo odoo.addons.base.models.ir_cron: Job 'Discuss: users settings unmute' (11) processed 0 records, 0 records remaining 
2025-03-18 22:32:16,324 41048 INFO odoo odoo.addons.base.models.ir_cron: Job 'Discuss: channel member unmute' (10) processed 0 records, 0 records remaining 
2025-03-18 22:32:16,331 41048 INFO odoo odoo.addons.base.models.ir_cron: Job 'Discuss: users settings unmute' (11) completed 
2025-03-18 22:32:16,332 41048 INFO odoo odoo.addons.base.models.ir_cron: Job 'Discuss: channel member unmute' (10) completed 
2025-03-18 22:32:16,332 41048 DEBUG odoo odoo.addons.base.models.ir_cron: job 11 updated and released 
2025-03-18 22:32:16,333 41048 DEBUG odoo odoo.addons.base.models.ir_cron: job 10 updated and released 
2025-03-18 22:32:16,333 41048 DEBUG odoo odoo.addons.base.models.ir_cron: job 14 acquired 
2025-03-18 22:32:16,336 41048 DEBUG odoo odoo.addons.base.models.ir_cron: another worker is processing job 11, skip 
2025-03-18 22:32:16,337 41048 DEBUG odoo odoo.addons.base.models.ir_cron: another worker is processing job 14, skip 
2025-03-18 22:32:16,338 41048 DEBUG odoo odoo.addons.base.models.ir_cron: job 15 acquired 
2025-03-18 22:32:16,342 41048 DEBUG odoo odoo.addons.base.models.ir_cron: cron.object.execute('odoo', 1, '*', 'SMS: SMS Queue Manager', 161) 
2025-03-18 22:32:16,342 41048 INFO odoo odoo.addons.base.models.ir_cron: Job 'SMS: SMS Queue Manager' (14) starting 
2025-03-18 22:32:16,345 41048 DEBUG odoo odoo.addons.base.models.ir_cron: cron.object.execute('odoo', 1, '*', 'Snailmail: process letters queue', 171) 
2025-03-18 22:32:16,345 41048 INFO odoo odoo.addons.base.models.ir_cron: Job 'Snailmail: process letters queue' (15) starting 
2025-03-18 22:32:16,349 41048 INFO odoo odoo.addons.base.models.ir_cron: Job 'SMS: SMS Queue Manager' (14) done in 0.008s 
2025-03-18 22:32:16,349 41048 DEBUG odoo odoo.addons.base.models.ir_cron: Job 'SMS: SMS Queue Manager' (14) server action #161 with uid 1 executed in 0.008s 
2025-03-18 22:32:16,351 41048 INFO odoo odoo.addons.base.models.ir_cron: Job 'Snailmail: process letters queue' (15) done in 0.007s 
2025-03-18 22:32:16,352 41048 DEBUG odoo odoo.addons.base.models.ir_cron: Job 'Snailmail: process letters queue' (15) server action #171 with uid 1 executed in 0.007s 
2025-03-18 22:32:16,352 41048 INFO odoo odoo.addons.base.models.ir_cron: Job 'SMS: SMS Queue Manager' (14) processed 0 records, 0 records remaining 
2025-03-18 22:32:16,358 41048 INFO odoo odoo.addons.base.models.ir_cron: Job 'Snailmail: process letters queue' (15) processed 0 records, 0 records remaining 
2025-03-18 22:32:16,362 41048 INFO odoo odoo.addons.base.models.ir_cron: Job 'SMS: SMS Queue Manager' (14) completed 
2025-03-18 22:32:16,363 41048 INFO odoo odoo.addons.base.models.ir_cron: Job 'Snailmail: process letters queue' (15) completed 
2025-03-18 22:32:16,364 41048 DEBUG odoo odoo.addons.base.models.ir_cron: job 14 updated and released 
2025-03-18 22:32:16,364 41048 DEBUG odoo odoo.addons.base.models.ir_cron: job 15 updated and released 
2025-03-18 22:32:16,365 41048 DEBUG odoo odoo.addons.base.models.ir_cron: another worker is processing job 15, skip 
2025-03-18 22:32:16,365 41048 DEBUG odoo odoo.addons.base.models.ir_cron: job 16 acquired 
2025-03-18 22:32:16,365 41048 DEBUG odoo odoo.addons.base.models.ir_cron: another worker is processing job 16, skip 
2025-03-18 22:32:16,367 41048 DEBUG odoo odoo.addons.base.models.ir_cron: job 17 acquired 
2025-03-18 22:32:16,373 41048 DEBUG odoo odoo.addons.base.models.ir_cron: cron.object.execute('odoo', 1, '*', 'Digest Emails', 175) 
2025-03-18 22:32:16,373 41048 INFO odoo odoo.addons.base.models.ir_cron: Job 'Digest Emails' (16) starting 
2025-03-18 22:32:16,373 41048 DEBUG odoo odoo.addons.base.models.ir_cron: cron.object.execute('odoo', 1, '*', 'HR Employee: check work permit validity', 194) 
2025-03-18 22:32:16,373 41048 INFO odoo odoo.addons.base.models.ir_cron: Job 'HR Employee: check work permit validity' (17) starting 
2025-03-18 22:32:16,381 41048 INFO odoo odoo.addons.base.models.ir_cron: Job 'Digest Emails' (16) done in 0.008s 
2025-03-18 22:32:16,381 41048 DEBUG odoo odoo.addons.base.models.ir_cron: Job 'Digest Emails' (16) server action #175 with uid 1 executed in 0.008s 
2025-03-18 22:32:16,384 41048 INFO odoo odoo.addons.base.models.ir_cron: Job 'Digest Emails' (16) processed 0 records, 0 records remaining 
2025-03-18 22:32:16,388 41048 INFO odoo odoo.addons.base.models.ir_cron: Job 'HR Employee: check work permit validity' (17) done in 0.015s 
2025-03-18 22:32:16,389 41048 DEBUG odoo odoo.addons.base.models.ir_cron: Job 'HR Employee: check work permit validity' (17) server action #194 with uid 1 executed in 0.015s 
2025-03-18 22:32:16,389 41048 INFO odoo odoo.addons.base.models.ir_cron: Job 'Digest Emails' (16) completed 
2025-03-18 22:32:16,390 41048 DEBUG odoo odoo.addons.base.models.ir_cron: job 16 updated and released 
2025-03-18 22:32:16,391 41048 DEBUG odoo odoo.addons.base.models.ir_cron: another worker is processing job 17, skip 
2025-03-18 22:32:16,391 41048 INFO odoo odoo.addons.base.models.ir_cron: Job 'HR Employee: check work permit validity' (17) processed 0 records, 0 records remaining 
2025-03-18 22:32:16,394 41048 DEBUG odoo odoo.addons.base.models.ir_cron: job 3 acquired 
2025-03-18 22:32:16,401 41048 INFO odoo odoo.addons.base.models.ir_cron: Job 'HR Employee: check work permit validity' (17) completed 
2025-03-18 22:32:16,402 41048 DEBUG odoo odoo.addons.base.models.ir_cron: job 17 updated and released 
2025-03-18 22:32:16,403 41048 DEBUG odoo odoo.addons.base.models.ir_cron: another worker is processing job 3, skip 
2025-03-18 22:32:16,403 41048 DEBUG odoo odoo.addons.base.models.ir_cron: job 12 acquired 
2025-03-18 22:32:16,407 41048 DEBUG odoo odoo.addons.base.models.ir_cron: cron.object.execute('odoo', 1, '*', 'Mail: Email Queue Manager', 123) 
2025-03-18 22:32:16,407 41048 INFO odoo odoo.addons.base.models.ir_cron: Job 'Mail: Email Queue Manager' (3) starting 
2025-03-18 22:32:16,415 41048 DEBUG odoo odoo.addons.base.models.ir_cron: cron.object.execute('odoo', 1, '*', 'Users: Notify About Unregistered Users', 143) 
2025-03-18 22:32:16,415 41048 INFO odoo odoo.addons.base.models.ir_cron: Job 'Mail: Email Queue Manager' (3) done in 0.009s 
2025-03-18 22:32:16,415 41048 INFO odoo odoo.addons.base.models.ir_cron: Job 'Users: Notify About Unregistered Users' (12) starting 
2025-03-18 22:32:16,415 41048 DEBUG odoo odoo.addons.base.models.ir_cron: Job 'Mail: Email Queue Manager' (3) server action #123 with uid 1 executed in 0.009s 
2025-03-18 22:32:16,418 41048 INFO odoo odoo.addons.base.models.ir_cron: Job 'Mail: Email Queue Manager' (3) processed 0 records, 0 records remaining 
2025-03-18 22:32:16,426 41048 INFO odoo odoo.addons.base.models.ir_cron: Job 'Mail: Email Queue Manager' (3) completed 
2025-03-18 22:32:16,428 41048 DEBUG odoo odoo.addons.base.models.ir_cron: job 3 updated and released 
2025-03-18 22:32:16,429 41048 DEBUG odoo odoo.addons.base.models.ir_cron: another worker is processing job 12, skip 
2025-03-18 22:32:16,429 41048 DEBUG odoo odoo.addons.base.models.ir_cron: job 13 acquired 
2025-03-18 22:32:16,435 41048 DEBUG odoo odoo.addons.base.models.ir_cron: cron.object.execute('odoo', 1, '*', 'Partner Autocomplete: Sync with remote DB', 157) 
2025-03-18 22:32:16,435 41048 INFO odoo odoo.addons.base.models.ir_cron: Job 'Partner Autocomplete: Sync with remote DB' (13) starting 
2025-03-18 22:32:16,442 41048 INFO odoo odoo.addons.base.models.ir_cron: Job 'Partner Autocomplete: Sync with remote DB' (13) done in 0.007s 
2025-03-18 22:32:16,442 41048 DEBUG odoo odoo.addons.base.models.ir_cron: Job 'Partner Autocomplete: Sync with remote DB' (13) server action #157 with uid 1 executed in 0.007s 
2025-03-18 22:32:16,444 41048 INFO odoo odoo.addons.base.models.ir_cron: Job 'Users: Notify About Unregistered Users' (12) done in 0.028s 
2025-03-18 22:32:16,444 41048 DEBUG odoo odoo.addons.base.models.ir_cron: Job 'Users: Notify About Unregistered Users' (12) server action #143 with uid 1 executed in 0.028s 
2025-03-18 22:32:16,444 41048 INFO odoo odoo.addons.base.models.ir_cron: Job 'Partner Autocomplete: Sync with remote DB' (13) processed 0 records, 0 records remaining 
2025-03-18 22:32:16,450 41048 INFO odoo odoo.addons.base.models.ir_cron: Job 'Users: Notify About Unregistered Users' (12) processed 0 records, 0 records remaining 
2025-03-18 22:32:16,456 41048 INFO odoo odoo.addons.base.models.ir_cron: Job 'Partner Autocomplete: Sync with remote DB' (13) completed 
2025-03-18 22:32:16,457 41048 INFO odoo odoo.addons.base.models.ir_cron: Job 'Users: Notify About Unregistered Users' (12) completed 
2025-03-18 22:32:16,457 41048 DEBUG odoo odoo.addons.base.models.ir_cron: job 13 updated and released 
2025-03-18 22:32:16,458 41048 DEBUG odoo odoo.addons.base.models.ir_cron: job 12 updated and released 
2025-03-18 22:32:16,458 41048 DEBUG odoo odoo.addons.base.models.ir_cron: another worker is processing job 13, skip 
2025-03-18 22:32:17,407 41048 DEBUG odoo odoo.http: Couldn't load Geoip Country file ([Errno 2] No such file or directory: b'c:\\usr\\share\\geoip\\geolite2-country.mmdb'). Fallbacks on Geoip City. 
2025-03-18 22:32:17,407 41048 DEBUG odoo odoo.http: Couldn't load Geoip City file at c:\usr\share\geoip\geolite2-city.mmdb. IP Resolver disabled. 
Traceback (most recent call last):
  File "C:\odoo\odoo\odoo\http.py", line 1189, in _country_record
    return root.geoip_country_db.country(self.ip)
           ^^^^^^^^^^^^^^^^^^^^^
  File "C:\odoo\odoo\odoo\tools\func.py", line 42, in __get__
    value = self.fget(obj)
            ^^^^^^^^^^^^^^
  File "C:\odoo\odoo\odoo\http.py", line 2312, in geoip_country_db
    return geoip2.database.Reader(config['geoip_country_db'])
           ^^^^^^^^^^^^^^^^^^^^^^^^^^^^^^^^^^^^^^^^^^^^^^^^^^
  File "C:\odoo\odoo\odoo_env\Lib\site-packages\geoip2\database.py", line 86, in __init__
    self._db_reader = maxminddb.open_database(fileish, mode)
                      ^^^^^^^^^^^^^^^^^^^^^^^^^^^^^^^^^^^^^^
  File "C:\odoo\odoo\odoo_env\Lib\site-packages\maxminddb\__init__.py", line 80, in open_database
    return cast(Reader, _extension.Reader(database, mode))
                        ^^^^^^^^^^^^^^^^^^^^^^^^^^^^^^^^^
FileNotFoundError: [Errno 2] No such file or directory: b'c:\\usr\\share\\geoip\\geolite2-country.mmdb'

During handling of the above exception, another exception occurred:

Traceback (most recent call last):
  File "C:\odoo\odoo\odoo\http.py", line 2301, in geoip_city_db
    return geoip2.database.Reader(config['geoip_city_db'])
           ^^^^^^^^^^^^^^^^^^^^^^^^^^^^^^^^^^^^^^^^^^^^^^^
  File "C:\odoo\odoo\odoo_env\Lib\site-packages\geoip2\database.py", line 86, in __init__
    self._db_reader = maxminddb.open_database(fileish, mode)
                      ^^^^^^^^^^^^^^^^^^^^^^^^^^^^^^^^^^^^^^
  File "C:\odoo\odoo\odoo_env\Lib\site-packages\maxminddb\__init__.py", line 80, in open_database
    return cast(Reader, _extension.Reader(database, mode))
                        ^^^^^^^^^^^^^^^^^^^^^^^^^^^^^^^^^
FileNotFoundError: [Errno 2] No such file or directory: b'c:\\usr\\share\\geoip\\geolite2-city.mmdb'
2025-03-18 22:32:17,458 41048 INFO odoo odoo.addons.base.models.res_device: User 2 inserts device log (0C30Ind4_ELBE0LwFDSQrwP_XU911wTr7e6dwr0ifl) 
2025-03-18 22:32:17,462 41048 INFO odoo werkzeug: 127.0.0.1 - - [18/Mar/2025 22:32:17] "GET /websocket?version=18.0-3 HTTP/1.1" 101 - 2 0.004 0.067
2025-03-19 08:59:59,789 27236 DEBUG ? odoo.netsvc: logger level set: "odoo.http.rpc.request:INFO" 
2025-03-19 08:59:59,790 27236 DEBUG ? odoo.netsvc: logger level set: "odoo.http.rpc.response:INFO" 
2025-03-19 08:59:59,790 27236 DEBUG ? odoo.netsvc: logger level set: ":INFO" 
2025-03-19 08:59:59,790 27236 DEBUG ? odoo.netsvc: logger level set: "odoo:DEBUG" 
2025-03-19 08:59:59,790 27236 DEBUG ? odoo.netsvc: logger level set: "odoo.sql_db:INFO" 
2025-03-19 08:59:59,790 27236 DEBUG ? odoo.netsvc: logger level set: ":INFO" 
2025-03-19 08:59:59,791 27236 INFO ? odoo: Odoo version 18.0 
2025-03-19 08:59:59,791 27236 INFO ? odoo: Using configuration file at C:\odoo\odoo\odoo.conf 
2025-03-19 08:59:59,791 27236 INFO ? odoo: addons paths: ['C:\\odoo\\odoo\\odoo\\addons', 'c:\\users\\georg\\appdata\\local\\openerp s.a\\odoo\\addons\\18.0', 'c:\\odoo\\odoo\\addons_extra', 'c:\\odoo\\odoo\\addons', 'c:\\odoo\\odoo\\odoo\\addons'] 
2025-03-19 08:59:59,791 27236 INFO ? odoo: database: odoo@default:default 
2025-03-19 09:00:00,492 27236 INFO ? odoo.addons.base.models.ir_actions_report: You need Wkhtmltopdf to print a pdf version of the reports. 
2025-03-19 09:00:00,496 27236 INFO ? odoo.addons.base.models.ir_actions_report: You need Wkhtmltoimage to generate images from html. 
2025-03-19 09:00:01,281 27236 DEBUG ? odoo.service.server: Setting signal handlers 
2025-03-19 09:00:01,286 27236 INFO ? odoo.service.server: HTTP service (werkzeug) running on GLO:8069 
2025-03-19 09:00:01,524 27236 DEBUG odoo odoo.modules.registry: Multiprocess load registry signaling: [Registry: 81] [Cache default: 6] [Cache assets: 1] [Cache templates: 1] [Cache routing: 1] [Cache groups: 1] 
2025-03-19 09:00:01,553 27236 INFO odoo odoo.modules.loading: loading 1 modules... 
2025-03-19 09:00:01,553 27236 DEBUG odoo odoo.modules.loading: Loading module base (1/1) 
2025-03-19 09:00:01,560 27236 DEBUG odoo odoo.modules.loading: Module base loaded in 0.01s, 0 queries 
2025-03-19 09:00:01,560 27236 INFO odoo odoo.modules.loading: 1 modules loaded in 0.01s, 0 queries (+0 extra) 
2025-03-19 09:00:01,612 27236 INFO odoo odoo.modules.loading: updating modules list 
2025-03-19 09:00:01,622 27236 INFO odoo odoo.addons.base.models.ir_module: ALLOW access to module.update_list on [] to user __system__ #1 via n/a 
2025-03-19 09:00:02,420 27236 DEBUG ? odoo.http: HTTP sessions stored in: c:\users\georg\appdata\local\openerp s.a\odoo\sessions 
2025-03-19 09:00:02,857 27236 DEBUG ? odoo.modules.module: module __init__.py: no manifest file found ('__manifest__.py', '__openerp__.py') 
2025-03-19 09:00:02,857 27236 DEBUG ? odoo.modules.module: module __pycache__: no manifest file found ('__manifest__.py', '__openerp__.py') 
2025-03-19 09:00:02,886 27236 WARNING ? odoo.modules.module: Missing `license` key in manifest for 'plant_nursery2', defaulting to LGPL-3 
2025-03-19 09:00:08,517 27236 DEBUG ? odoo.modules.module: module website_twitter: no manifest file found ('__manifest__.py', '__openerp__.py') 
2025-03-19 09:00:08,523 27236 WARNING odoo odoo.modules.loading: invalid module names, ignored:  Plant Nursery2 
2025-03-19 09:00:08,545 27236 DEBUG odoo odoo.modules.loading: Updating graph with 36 more modules 
2025-03-19 09:00:08,545 27236 INFO odoo odoo.modules.loading: loading 37 modules... 
2025-03-19 09:00:08,545 27236 DEBUG odoo odoo.modules.loading: Loading module estate (2/37) 
2025-03-19 09:00:08,556 27236 DEBUG odoo odoo.modules.loading: Module estate loaded in 0.01s, 0 queries 
2025-03-19 09:00:08,556 27236 DEBUG odoo odoo.modules.loading: Loading module web (3/37) 
2025-03-19 09:00:08,558 27236 DEBUG odoo odoo.modules.loading: Module web loaded in 0.00s, 0 queries 
2025-03-19 09:00:08,558 27236 DEBUG odoo odoo.modules.loading: Loading module auth_totp (4/37) 
2025-03-19 09:00:08,589 27236 DEBUG odoo odoo.modules.loading: Module auth_totp loaded in 0.03s, 0 queries 
2025-03-19 09:00:08,589 27236 DEBUG odoo odoo.modules.loading: Loading module base_import (5/37) 
2025-03-19 09:00:08,967 27236 DEBUG odoo odoo.modules.loading: Module base_import loaded in 0.38s, 0 queries 
2025-03-19 09:00:08,968 27236 DEBUG odoo odoo.modules.loading: Loading module base_import_module (6/37) 
2025-03-19 09:00:08,975 27236 DEBUG odoo odoo.modules.loading: Module base_import_module loaded in 0.01s, 0 queries 
2025-03-19 09:00:08,975 27236 DEBUG odoo odoo.modules.loading: Loading module base_setup (7/37) 
2025-03-19 09:00:08,975 27236 DEBUG odoo odoo.modules.loading: Module base_setup loaded in 0.00s, 0 queries 
2025-03-19 09:00:08,975 27236 DEBUG odoo odoo.modules.loading: Loading module bus (8/37) 
2025-03-19 09:00:09,010 27236 DEBUG odoo odoo.modules.loading: Module bus loaded in 0.04s, 0 queries 
2025-03-19 09:00:09,010 27236 DEBUG odoo odoo.modules.loading: Loading module http_routing (9/37) 
2025-03-19 09:00:09,024 27236 DEBUG odoo odoo.modules.loading: Module http_routing loaded in 0.01s, 0 queries 
2025-03-19 09:00:09,024 27236 DEBUG odoo odoo.modules.loading: Loading module plant_nursery2 (10/37) 
2025-03-19 09:00:09,030 27236 WARNING odoo odoo.models: The model nursery.plant has no _description 
2025-03-19 09:00:09,030 27236 WARNING odoo odoo.models: The model nursery.customer has no _description 
2025-03-19 09:00:09,030 27236 WARNING odoo odoo.models: The model nursery.order has no _description 
2025-03-19 09:00:09,030 27236 DEBUG odoo odoo.modules.loading: Module plant_nursery2 loaded in 0.01s, 0 queries 
2025-03-19 09:00:09,030 27236 DEBUG odoo odoo.modules.loading: Loading module resource (11/37) 
2025-03-19 09:00:09,044 27236 DEBUG odoo odoo.modules.loading: Module resource loaded in 0.01s, 0 queries 
2025-03-19 09:00:09,044 27236 DEBUG odoo odoo.modules.loading: Loading module web_hierarchy (12/37) 
2025-03-19 09:00:09,060 27236 WARNING odoo odoo.models: The model nursery.plant has no _description 
2025-03-19 09:00:09,060 27236 WARNING odoo odoo.models: The model nursery.customer has no _description 
2025-03-19 09:00:09,060 27236 WARNING odoo odoo.models: The model nursery.order has no _description 
2025-03-19 09:00:09,060 27236 DEBUG odoo odoo.modules.loading: Module web_hierarchy loaded in 0.02s, 0 queries 
2025-03-19 09:00:09,060 27236 DEBUG odoo odoo.modules.loading: Loading module web_tour (13/37) 
2025-03-19 09:00:09,068 27236 DEBUG odoo odoo.modules.loading: Module web_tour loaded in 0.01s, 0 queries 
2025-03-19 09:00:09,068 27236 DEBUG odoo odoo.modules.loading: Loading module html_editor (14/37) 
2025-03-19 09:00:09,334 27236 DEBUG odoo odoo.modules.loading: Module html_editor loaded in 0.27s, 0 queries 
2025-03-19 09:00:09,334 27236 DEBUG odoo odoo.modules.loading: Loading module iap (15/37) 
2025-03-19 09:00:09,334 27236 DEBUG odoo odoo.modules.loading: Module iap loaded in 0.00s, 0 queries 
2025-03-19 09:00:09,334 27236 DEBUG odoo odoo.modules.loading: Loading module mail (16/37) 
2025-03-19 09:00:09,336 27236 WARNING odoo odoo.models: The model nursery.plant has no _description 
2025-03-19 09:00:09,336 27236 WARNING odoo odoo.models: The model nursery.customer has no _description 
2025-03-19 09:00:09,336 27236 WARNING odoo odoo.models: The model nursery.order has no _description 
2025-03-19 09:00:09,340 27236 DEBUG odoo odoo.modules.loading: Module mail loaded in 0.01s, 0 queries 
2025-03-19 09:00:09,340 27236 DEBUG odoo odoo.modules.loading: Loading module web_editor (17/37) 
2025-03-19 09:00:09,417 27236 WARNING odoo odoo.models: The model nursery.plant has no _description 
2025-03-19 09:00:09,417 27236 WARNING odoo odoo.models: The model nursery.customer has no _description 
2025-03-19 09:00:09,417 27236 WARNING odoo odoo.models: The model nursery.order has no _description 
2025-03-19 09:00:09,419 27236 WARNING odoo odoo.models: The model nursery.plant has no _description 
2025-03-19 09:00:09,419 27236 WARNING odoo odoo.models: The model nursery.customer has no _description 
2025-03-19 09:00:09,419 27236 WARNING odoo odoo.models: The model nursery.order has no _description 
2025-03-19 09:00:09,420 27236 DEBUG odoo odoo.modules.loading: Module web_editor loaded in 0.08s, 0 queries 
2025-03-19 09:00:09,420 27236 DEBUG odoo odoo.modules.loading: Loading module auth_signup (18/37) 
2025-03-19 09:00:09,430 27236 DEBUG odoo odoo.modules.loading: Module auth_signup loaded in 0.01s, 0 queries 
2025-03-19 09:00:09,430 27236 DEBUG odoo odoo.modules.loading: Loading module auth_totp_mail (19/37) 
2025-03-19 09:00:09,434 27236 DEBUG odoo odoo.modules.loading: Module auth_totp_mail loaded in 0.00s, 0 queries 
2025-03-19 09:00:09,434 27236 DEBUG odoo odoo.modules.loading: Loading module base_install_request (20/37) 
2025-03-19 09:00:09,440 27236 DEBUG odoo odoo.modules.loading: Module base_install_request loaded in 0.01s, 0 queries 
2025-03-19 09:00:09,440 27236 DEBUG odoo odoo.modules.loading: Loading module google_gmail (21/37) 
2025-03-19 09:00:09,448 27236 DEBUG odoo odoo.modules.loading: Module google_gmail loaded in 0.01s, 0 queries 
2025-03-19 09:00:09,448 27236 DEBUG odoo odoo.modules.loading: Loading module iap_mail (22/37) 
2025-03-19 09:00:09,454 27236 DEBUG odoo odoo.modules.loading: Module iap_mail loaded in 0.01s, 0 queries 
2025-03-19 09:00:09,454 27236 DEBUG odoo odoo.modules.loading: Loading module mail_bot (23/37) 
2025-03-19 09:00:09,463 27236 DEBUG odoo odoo.modules.loading: Module mail_bot loaded in 0.01s, 0 queries 
2025-03-19 09:00:09,463 27236 DEBUG odoo odoo.modules.loading: Loading module phone_validation (24/37) 
2025-03-19 09:00:09,480 27236 WARNING odoo odoo.models: The model nursery.plant has no _description 
2025-03-19 09:00:09,480 27236 WARNING odoo odoo.models: The model nursery.customer has no _description 
2025-03-19 09:00:09,480 27236 WARNING odoo odoo.models: The model nursery.order has no _description 
2025-03-19 09:00:09,481 27236 DEBUG odoo odoo.modules.loading: Module phone_validation loaded in 0.02s, 0 queries 
2025-03-19 09:00:09,481 27236 DEBUG odoo odoo.modules.loading: Loading module privacy_lookup (25/37) 
2025-03-19 09:00:09,490 27236 DEBUG odoo odoo.modules.loading: Module privacy_lookup loaded in 0.01s, 0 queries 
2025-03-19 09:00:09,490 27236 DEBUG odoo odoo.modules.loading: Loading module resource_mail (26/37) 
2025-03-19 09:00:09,494 27236 DEBUG odoo odoo.modules.loading: Module resource_mail loaded in 0.00s, 0 queries 
2025-03-19 09:00:09,494 27236 DEBUG odoo odoo.modules.loading: Loading module web_unsplash (27/37) 
2025-03-19 09:00:09,502 27236 DEBUG odoo odoo.modules.loading: Module web_unsplash loaded in 0.01s, 0 queries 
2025-03-19 09:00:09,502 27236 DEBUG odoo odoo.modules.loading: Loading module partner_autocomplete (28/37) 
2025-03-19 09:00:09,511 27236 DEBUG odoo odoo.modules.loading: Module partner_autocomplete loaded in 0.01s, 0 queries 
2025-03-19 09:00:09,511 27236 DEBUG odoo odoo.modules.loading: Loading module portal (29/37) 
2025-03-19 09:00:09,537 27236 DEBUG odoo odoo.modules.loading: Module portal loaded in 0.03s, 0 queries 
2025-03-19 09:00:09,537 27236 DEBUG odoo odoo.modules.loading: Loading module sms (30/37) 
2025-03-19 09:00:09,567 27236 DEBUG odoo odoo.modules.loading: Module sms loaded in 0.03s, 0 queries 
2025-03-19 09:00:09,567 27236 DEBUG odoo odoo.modules.loading: Loading module snailmail (31/37) 
2025-03-19 09:00:09,587 27236 DEBUG odoo odoo.modules.loading: Module snailmail loaded in 0.02s, 0 queries 
2025-03-19 09:00:09,587 27236 DEBUG odoo odoo.modules.loading: Loading module auth_totp_portal (32/37) 
2025-03-19 09:00:09,591 27236 DEBUG odoo odoo.modules.loading: Module auth_totp_portal loaded in 0.00s, 0 queries 
2025-03-19 09:00:09,591 27236 DEBUG odoo odoo.modules.loading: Loading module digest (33/37) 
2025-03-19 09:00:09,601 27236 DEBUG odoo odoo.modules.loading: Module digest loaded in 0.01s, 0 queries 
2025-03-19 09:00:09,601 27236 DEBUG odoo odoo.modules.loading: Loading module hr (34/37) 
2025-03-19 09:00:09,640 27236 WARNING odoo odoo.models: The model nursery.plant has no _description 
2025-03-19 09:00:09,640 27236 WARNING odoo odoo.models: The model nursery.customer has no _description 
2025-03-19 09:00:09,640 27236 WARNING odoo odoo.models: The model nursery.order has no _description 
2025-03-19 09:00:09,641 27236 DEBUG odoo odoo.modules.loading: Module hr loaded in 0.04s, 0 queries 
2025-03-19 09:00:09,641 27236 DEBUG odoo odoo.modules.loading: Loading module hr_org_chart (35/37) 
2025-03-19 09:00:09,649 27236 DEBUG odoo odoo.modules.loading: Module hr_org_chart loaded in 0.01s, 0 queries 
2025-03-19 09:00:09,649 27236 DEBUG odoo odoo.modules.loading: Loading module hr_skills (36/37) 
2025-03-19 09:00:09,672 27236 DEBUG odoo odoo.modules.loading: Module hr_skills loaded in 0.02s, 0 queries 
2025-03-19 09:00:09,672 27236 DEBUG odoo odoo.modules.loading: Loading module mail_bot_hr (37/37) 
2025-03-19 09:00:09,674 27236 DEBUG odoo odoo.modules.loading: Module mail_bot_hr loaded in 0.00s, 0 queries 
2025-03-19 09:00:09,674 27236 INFO odoo odoo.modules.loading: 37 modules loaded in 1.13s, 0 queries (+0 extra) 
2025-03-19 09:00:09,928 27236 DEBUG odoo odoo.modules.registry: Invalidating templates model caches from write C:\odoo\odoo\odoo\addons\base\models\ir_ui_view.py:533 
2025-03-19 09:00:09,938 27236 DEBUG odoo odoo.modules.registry: Invalidating templates model caches from write C:\odoo\odoo\odoo\addons\base\models\ir_ui_view.py:533 
2025-03-19 09:00:10,588 27236 INFO odoo odoo.modules.loading: Modules loaded. 
2025-03-19 09:00:10,600 27236 INFO odoo odoo.modules.registry: Registry changed, signaling through the database 
2025-03-19 09:00:10,600 27236 INFO odoo odoo.modules.registry: Registry loaded in 9.314s 
2025-03-19 09:00:10,600 27236 DEBUG odoo odoo.service.server: cron0 started! 
2025-03-19 09:00:10,606 27236 DEBUG odoo odoo.service.server: cron1 started! 
2025-03-19 09:00:10,607 27236 INFO odoo odoo.addons.base.models.ir_http: Generating routing map for key None 
2025-03-19 09:00:10,975 27236 DEBUG odoo odoo.http: Couldn't load Geoip Country file ([Errno 2] No such file or directory: b'c:\\usr\\share\\geoip\\geolite2-country.mmdb'). Fallbacks on Geoip City. 
2025-03-19 09:00:10,975 27236 DEBUG odoo odoo.http: Couldn't load Geoip Country file ([Errno 2] No such file or directory: b'c:\\usr\\share\\geoip\\geolite2-country.mmdb'). Fallbacks on Geoip City. 
2025-03-19 09:00:10,975 27236 DEBUG odoo odoo.http: Couldn't load Geoip City file at c:\usr\share\geoip\geolite2-city.mmdb. IP Resolver disabled. 
Traceback (most recent call last):
  File "C:\odoo\odoo\odoo\http.py", line 1189, in _country_record
    return root.geoip_country_db.country(self.ip)
           ^^^^^^^^^^^^^^^^^^^^^
  File "C:\odoo\odoo\odoo\tools\func.py", line 42, in __get__
    value = self.fget(obj)
            ^^^^^^^^^^^^^^
  File "C:\odoo\odoo\odoo\http.py", line 2312, in geoip_country_db
    return geoip2.database.Reader(config['geoip_country_db'])
           ^^^^^^^^^^^^^^^^^^^^^^^^^^^^^^^^^^^^^^^^^^^^^^^^^^
  File "C:\odoo\odoo\odoo_env\Lib\site-packages\geoip2\database.py", line 86, in __init__
    self._db_reader = maxminddb.open_database(fileish, mode)
                      ^^^^^^^^^^^^^^^^^^^^^^^^^^^^^^^^^^^^^^
  File "C:\odoo\odoo\odoo_env\Lib\site-packages\maxminddb\__init__.py", line 80, in open_database
    return cast(Reader, _extension.Reader(database, mode))
                        ^^^^^^^^^^^^^^^^^^^^^^^^^^^^^^^^^
FileNotFoundError: [Errno 2] No such file or directory: b'c:\\usr\\share\\geoip\\geolite2-country.mmdb'

During handling of the above exception, another exception occurred:

Traceback (most recent call last):
  File "C:\odoo\odoo\odoo\http.py", line 2301, in geoip_city_db
    return geoip2.database.Reader(config['geoip_city_db'])
           ^^^^^^^^^^^^^^^^^^^^^^^^^^^^^^^^^^^^^^^^^^^^^^^
  File "C:\odoo\odoo\odoo_env\Lib\site-packages\geoip2\database.py", line 86, in __init__
    self._db_reader = maxminddb.open_database(fileish, mode)
                      ^^^^^^^^^^^^^^^^^^^^^^^^^^^^^^^^^^^^^^
  File "C:\odoo\odoo\odoo_env\Lib\site-packages\maxminddb\__init__.py", line 80, in open_database
    return cast(Reader, _extension.Reader(database, mode))
                        ^^^^^^^^^^^^^^^^^^^^^^^^^^^^^^^^^
FileNotFoundError: [Errno 2] No such file or directory: b'c:\\usr\\share\\geoip\\geolite2-city.mmdb'
2025-03-19 09:00:10,975 27236 DEBUG odoo odoo.http: Couldn't load Geoip Country file ([Errno 2] No such file or directory: b'c:\\usr\\share\\geoip\\geolite2-country.mmdb'). Fallbacks on Geoip City. 
2025-03-19 09:00:10,975 27236 DEBUG odoo odoo.http: Couldn't load Geoip Country file ([Errno 2] No such file or directory: b'c:\\usr\\share\\geoip\\geolite2-country.mmdb'). Fallbacks on Geoip City. 
2025-03-19 09:00:10,975 27236 DEBUG odoo odoo.http: Couldn't load Geoip City file at c:\usr\share\geoip\geolite2-city.mmdb. IP Resolver disabled. 
Traceback (most recent call last):
  File "C:\odoo\odoo\odoo\http.py", line 1189, in _country_record
    return root.geoip_country_db.country(self.ip)
           ^^^^^^^^^^^^^^^^^^^^^
  File "C:\odoo\odoo\odoo\tools\func.py", line 42, in __get__
    value = self.fget(obj)
            ^^^^^^^^^^^^^^
  File "C:\odoo\odoo\odoo\http.py", line 2312, in geoip_country_db
    return geoip2.database.Reader(config['geoip_country_db'])
           ^^^^^^^^^^^^^^^^^^^^^^^^^^^^^^^^^^^^^^^^^^^^^^^^^^
  File "C:\odoo\odoo\odoo_env\Lib\site-packages\geoip2\database.py", line 86, in __init__
    self._db_reader = maxminddb.open_database(fileish, mode)
                      ^^^^^^^^^^^^^^^^^^^^^^^^^^^^^^^^^^^^^^
  File "C:\odoo\odoo\odoo_env\Lib\site-packages\maxminddb\__init__.py", line 80, in open_database
    return cast(Reader, _extension.Reader(database, mode))
                        ^^^^^^^^^^^^^^^^^^^^^^^^^^^^^^^^^
FileNotFoundError: [Errno 2] No such file or directory: b'c:\\usr\\share\\geoip\\geolite2-country.mmdb'

During handling of the above exception, another exception occurred:

Traceback (most recent call last):
  File "C:\odoo\odoo\odoo\http.py", line 2301, in geoip_city_db
    return geoip2.database.Reader(config['geoip_city_db'])
           ^^^^^^^^^^^^^^^^^^^^^^^^^^^^^^^^^^^^^^^^^^^^^^^
  File "C:\odoo\odoo\odoo_env\Lib\site-packages\geoip2\database.py", line 86, in __init__
    self._db_reader = maxminddb.open_database(fileish, mode)
                      ^^^^^^^^^^^^^^^^^^^^^^^^^^^^^^^^^^^^^^
  File "C:\odoo\odoo\odoo_env\Lib\site-packages\maxminddb\__init__.py", line 80, in open_database
    return cast(Reader, _extension.Reader(database, mode))
                        ^^^^^^^^^^^^^^^^^^^^^^^^^^^^^^^^^
FileNotFoundError: [Errno 2] No such file or directory: b'c:\\usr\\share\\geoip\\geolite2-city.mmdb'
2025-03-19 09:00:10,975 27236 DEBUG odoo odoo.http: Couldn't load Geoip Country file ([Errno 2] No such file or directory: b'c:\\usr\\share\\geoip\\geolite2-country.mmdb'). Fallbacks on Geoip City. 
2025-03-19 09:00:10,975 27236 DEBUG odoo odoo.http: Couldn't load Geoip Country file ([Errno 2] No such file or directory: b'c:\\usr\\share\\geoip\\geolite2-country.mmdb'). Fallbacks on Geoip City. 
2025-03-19 09:00:10,981 27236 DEBUG odoo odoo.http: Couldn't load Geoip City file at c:\usr\share\geoip\geolite2-city.mmdb. IP Resolver disabled. 
Traceback (most recent call last):
  File "C:\odoo\odoo\odoo\http.py", line 1189, in _country_record
    return root.geoip_country_db.country(self.ip)
           ^^^^^^^^^^^^^^^^^^^^^
  File "C:\odoo\odoo\odoo\tools\func.py", line 42, in __get__
    value = self.fget(obj)
            ^^^^^^^^^^^^^^
  File "C:\odoo\odoo\odoo\http.py", line 2312, in geoip_country_db
    return geoip2.database.Reader(config['geoip_country_db'])
           ^^^^^^^^^^^^^^^^^^^^^^^^^^^^^^^^^^^^^^^^^^^^^^^^^^
  File "C:\odoo\odoo\odoo_env\Lib\site-packages\geoip2\database.py", line 86, in __init__
    self._db_reader = maxminddb.open_database(fileish, mode)
                      ^^^^^^^^^^^^^^^^^^^^^^^^^^^^^^^^^^^^^^
  File "C:\odoo\odoo\odoo_env\Lib\site-packages\maxminddb\__init__.py", line 80, in open_database
    return cast(Reader, _extension.Reader(database, mode))
                        ^^^^^^^^^^^^^^^^^^^^^^^^^^^^^^^^^
FileNotFoundError: [Errno 2] No such file or directory: b'c:\\usr\\share\\geoip\\geolite2-country.mmdb'

During handling of the above exception, another exception occurred:

Traceback (most recent call last):
  File "C:\odoo\odoo\odoo\http.py", line 2301, in geoip_city_db
    return geoip2.database.Reader(config['geoip_city_db'])
           ^^^^^^^^^^^^^^^^^^^^^^^^^^^^^^^^^^^^^^^^^^^^^^^
  File "C:\odoo\odoo\odoo_env\Lib\site-packages\geoip2\database.py", line 86, in __init__
    self._db_reader = maxminddb.open_database(fileish, mode)
                      ^^^^^^^^^^^^^^^^^^^^^^^^^^^^^^^^^^^^^^
  File "C:\odoo\odoo\odoo_env\Lib\site-packages\maxminddb\__init__.py", line 80, in open_database
    return cast(Reader, _extension.Reader(database, mode))
                        ^^^^^^^^^^^^^^^^^^^^^^^^^^^^^^^^^
FileNotFoundError: [Errno 2] No such file or directory: b'c:\\usr\\share\\geoip\\geolite2-city.mmdb'
2025-03-19 09:00:10,981 27236 DEBUG odoo odoo.http: Couldn't load Geoip City file at c:\usr\share\geoip\geolite2-city.mmdb. IP Resolver disabled. 
Traceback (most recent call last):
  File "C:\odoo\odoo\odoo\http.py", line 1189, in _country_record
    return root.geoip_country_db.country(self.ip)
           ^^^^^^^^^^^^^^^^^^^^^
  File "C:\odoo\odoo\odoo\tools\func.py", line 42, in __get__
    value = self.fget(obj)
            ^^^^^^^^^^^^^^
  File "C:\odoo\odoo\odoo\http.py", line 2312, in geoip_country_db
    return geoip2.database.Reader(config['geoip_country_db'])
           ^^^^^^^^^^^^^^^^^^^^^^^^^^^^^^^^^^^^^^^^^^^^^^^^^^
  File "C:\odoo\odoo\odoo_env\Lib\site-packages\geoip2\database.py", line 86, in __init__
    self._db_reader = maxminddb.open_database(fileish, mode)
                      ^^^^^^^^^^^^^^^^^^^^^^^^^^^^^^^^^^^^^^
  File "C:\odoo\odoo\odoo_env\Lib\site-packages\maxminddb\__init__.py", line 80, in open_database
    return cast(Reader, _extension.Reader(database, mode))
                        ^^^^^^^^^^^^^^^^^^^^^^^^^^^^^^^^^
FileNotFoundError: [Errno 2] No such file or directory: b'c:\\usr\\share\\geoip\\geolite2-country.mmdb'

During handling of the above exception, another exception occurred:

Traceback (most recent call last):
  File "C:\odoo\odoo\odoo\http.py", line 2301, in geoip_city_db
    return geoip2.database.Reader(config['geoip_city_db'])
           ^^^^^^^^^^^^^^^^^^^^^^^^^^^^^^^^^^^^^^^^^^^^^^^
  File "C:\odoo\odoo\odoo_env\Lib\site-packages\geoip2\database.py", line 86, in __init__
    self._db_reader = maxminddb.open_database(fileish, mode)
                      ^^^^^^^^^^^^^^^^^^^^^^^^^^^^^^^^^^^^^^
  File "C:\odoo\odoo\odoo_env\Lib\site-packages\maxminddb\__init__.py", line 80, in open_database
    return cast(Reader, _extension.Reader(database, mode))
                        ^^^^^^^^^^^^^^^^^^^^^^^^^^^^^^^^^
FileNotFoundError: [Errno 2] No such file or directory: b'c:\\usr\\share\\geoip\\geolite2-city.mmdb'
2025-03-19 09:00:10,981 27236 DEBUG odoo odoo.http: Couldn't load Geoip City file at c:\usr\share\geoip\geolite2-city.mmdb. IP Resolver disabled. 
Traceback (most recent call last):
  File "C:\odoo\odoo\odoo\http.py", line 1189, in _country_record
    return root.geoip_country_db.country(self.ip)
           ^^^^^^^^^^^^^^^^^^^^^
  File "C:\odoo\odoo\odoo\tools\func.py", line 42, in __get__
    value = self.fget(obj)
            ^^^^^^^^^^^^^^
  File "C:\odoo\odoo\odoo\http.py", line 2312, in geoip_country_db
    return geoip2.database.Reader(config['geoip_country_db'])
           ^^^^^^^^^^^^^^^^^^^^^^^^^^^^^^^^^^^^^^^^^^^^^^^^^^
  File "C:\odoo\odoo\odoo_env\Lib\site-packages\geoip2\database.py", line 86, in __init__
    self._db_reader = maxminddb.open_database(fileish, mode)
                      ^^^^^^^^^^^^^^^^^^^^^^^^^^^^^^^^^^^^^^
  File "C:\odoo\odoo\odoo_env\Lib\site-packages\maxminddb\__init__.py", line 80, in open_database
    return cast(Reader, _extension.Reader(database, mode))
                        ^^^^^^^^^^^^^^^^^^^^^^^^^^^^^^^^^
FileNotFoundError: [Errno 2] No such file or directory: b'c:\\usr\\share\\geoip\\geolite2-country.mmdb'

During handling of the above exception, another exception occurred:

Traceback (most recent call last):
  File "C:\odoo\odoo\odoo\http.py", line 2301, in geoip_city_db
    return geoip2.database.Reader(config['geoip_city_db'])
           ^^^^^^^^^^^^^^^^^^^^^^^^^^^^^^^^^^^^^^^^^^^^^^^
  File "C:\odoo\odoo\odoo_env\Lib\site-packages\geoip2\database.py", line 86, in __init__
    self._db_reader = maxminddb.open_database(fileish, mode)
                      ^^^^^^^^^^^^^^^^^^^^^^^^^^^^^^^^^^^^^^
  File "C:\odoo\odoo\odoo_env\Lib\site-packages\maxminddb\__init__.py", line 80, in open_database
    return cast(Reader, _extension.Reader(database, mode))
                        ^^^^^^^^^^^^^^^^^^^^^^^^^^^^^^^^^
FileNotFoundError: [Errno 2] No such file or directory: b'c:\\usr\\share\\geoip\\geolite2-city.mmdb'
2025-03-19 09:00:10,981 27236 DEBUG odoo odoo.http: Couldn't load Geoip City file at c:\usr\share\geoip\geolite2-city.mmdb. IP Resolver disabled. 
Traceback (most recent call last):
  File "C:\odoo\odoo\odoo\http.py", line 1189, in _country_record
    return root.geoip_country_db.country(self.ip)
           ^^^^^^^^^^^^^^^^^^^^^
  File "C:\odoo\odoo\odoo\tools\func.py", line 42, in __get__
    value = self.fget(obj)
            ^^^^^^^^^^^^^^
  File "C:\odoo\odoo\odoo\http.py", line 2312, in geoip_country_db
    return geoip2.database.Reader(config['geoip_country_db'])
           ^^^^^^^^^^^^^^^^^^^^^^^^^^^^^^^^^^^^^^^^^^^^^^^^^^
  File "C:\odoo\odoo\odoo_env\Lib\site-packages\geoip2\database.py", line 86, in __init__
    self._db_reader = maxminddb.open_database(fileish, mode)
                      ^^^^^^^^^^^^^^^^^^^^^^^^^^^^^^^^^^^^^^
  File "C:\odoo\odoo\odoo_env\Lib\site-packages\maxminddb\__init__.py", line 80, in open_database
    return cast(Reader, _extension.Reader(database, mode))
                        ^^^^^^^^^^^^^^^^^^^^^^^^^^^^^^^^^
FileNotFoundError: [Errno 2] No such file or directory: b'c:\\usr\\share\\geoip\\geolite2-country.mmdb'

During handling of the above exception, another exception occurred:

Traceback (most recent call last):
  File "C:\odoo\odoo\odoo\http.py", line 2301, in geoip_city_db
    return geoip2.database.Reader(config['geoip_city_db'])
           ^^^^^^^^^^^^^^^^^^^^^^^^^^^^^^^^^^^^^^^^^^^^^^^
  File "C:\odoo\odoo\odoo_env\Lib\site-packages\geoip2\database.py", line 86, in __init__
    self._db_reader = maxminddb.open_database(fileish, mode)
                      ^^^^^^^^^^^^^^^^^^^^^^^^^^^^^^^^^^^^^^
  File "C:\odoo\odoo\odoo_env\Lib\site-packages\maxminddb\__init__.py", line 80, in open_database
    return cast(Reader, _extension.Reader(database, mode))
                        ^^^^^^^^^^^^^^^^^^^^^^^^^^^^^^^^^
FileNotFoundError: [Errno 2] No such file or directory: b'c:\\usr\\share\\geoip\\geolite2-city.mmdb'
2025-03-19 09:00:10,981 27236 INFO odoo odoo.addons.base.models.res_device: User 2 inserts device log (0C30Ind4_ELBE0LwFDSQrwP_XU911wTr7e6dwr0ifl) 
2025-03-19 09:00:10,981 27236 INFO odoo odoo.addons.base.models.res_device: User 2 inserts device log (0C30Ind4_ELBE0LwFDSQrwP_XU911wTr7e6dwr0ifl) 
2025-03-19 09:00:10,981 27236 INFO odoo odoo.addons.base.models.res_device: User 2 inserts device log (0C30Ind4_ELBE0LwFDSQrwP_XU911wTr7e6dwr0ifl) 
2025-03-19 09:00:10,981 27236 INFO odoo odoo.addons.base.models.res_device: User 2 inserts device log (0C30Ind4_ELBE0LwFDSQrwP_XU911wTr7e6dwr0ifl) 
2025-03-19 09:00:10,981 27236 INFO odoo odoo.addons.base.models.res_device: User 2 inserts device log (0C30Ind4_ELBE0LwFDSQrwP_XU911wTr7e6dwr0ifl) 
2025-03-19 09:00:10,981 27236 INFO odoo odoo.addons.base.models.res_device: User 2 inserts device log (0C30Ind4_ELBE0LwFDSQrwP_XU911wTr7e6dwr0ifl) 
2025-03-19 09:00:11,016 27236 INFO odoo werkzeug: 127.0.0.1 - - [19/Mar/2025 09:00:11] "POST /web/webclient/version_info HTTP/1.1" 200 - 6 0.017 8.579
2025-03-19 09:00:11,066 27236 INFO odoo werkzeug: 127.0.0.1 - - [19/Mar/2025 09:00:11] "GET /web/service-worker.js HTTP/1.1" 200 - 5 0.023 4.753
2025-03-19 09:00:11,122 27236 INFO odoo werkzeug: 127.0.0.1 - - [19/Mar/2025 09:00:11] "GET /web/manifest.webmanifest HTTP/1.1" 200 - 22 0.085 7.145
2025-03-19 09:00:11,155 27236 WARNING odoo odoo.modules.module: Missing `license` key in manifest for 'plant_nursery2', defaulting to LGPL-3 
2025-03-19 09:00:11,218 27236 INFO odoo werkzeug: 127.0.0.1 - - [19/Mar/2025 09:00:11] "POST /mail/data HTTP/1.1" 200 - 40 0.213 6.531
2025-03-19 09:00:11,277 27236 INFO odoo werkzeug: 127.0.0.1 - - [19/Mar/2025 09:00:11] "GET /bus/websocket_worker_bundle?v=18.0-3 HTTP/1.1" 304 - 8 0.009 7.945
2025-03-19 09:00:11,621 27236 INFO odoo werkzeug: 127.0.0.1 - - [19/Mar/2025 09:00:11] "GET /websocket?version=18.0-3 HTTP/1.1" 101 - 1 0.001 0.018
2025-03-19 09:00:12,001 27236 INFO ? odoo.addons.bus.models.bus: Bus.loop listen imbus on db postgres 
2025-03-19 09:00:12,295 27236 INFO odoo werkzeug: 127.0.0.1 - - [19/Mar/2025 09:00:12] "GET /odoo/discuss HTTP/1.1" 200 - 90 0.167 6.096
2025-03-19 09:00:13,102 27236 INFO odoo werkzeug: 127.0.0.1 - - [19/Mar/2025 09:00:13] "POST /web/action/load HTTP/1.1" 200 - 8 0.036 0.027
2025-03-19 09:00:13,117 27236 INFO odoo werkzeug: 127.0.0.1 - - [19/Mar/2025 09:00:13] "GET /web/image?model=res.users&field=avatar_128&id=2 HTTP/1.1" 304 - 9 0.024 0.051
2025-03-19 09:00:13,187 27236 INFO odoo werkzeug: 127.0.0.1 - - [19/Mar/2025 09:00:13] "POST /mail/data HTTP/1.1" 200 - 23 0.090 0.058
2025-03-19 09:00:13,429 27236 INFO odoo werkzeug: 127.0.0.1 - - [19/Mar/2025 09:00:13] "POST /mail/data HTTP/1.1" 200 - 62 0.047 0.096
2025-03-19 09:00:13,482 27236 INFO odoo werkzeug: 127.0.0.1 - - [19/Mar/2025 09:00:13] "GET /web/manifest.webmanifest HTTP/1.1" 200 - 7 0.006 0.010
2025-03-19 09:00:13,513 27236 INFO odoo werkzeug: 127.0.0.1 - - [19/Mar/2025 09:00:13] "POST /mail/inbox/messages HTTP/1.1" 200 - 5 0.004 0.009
2025-03-19 09:00:15,372 27236 INFO odoo werkzeug: 127.0.0.1 - - [19/Mar/2025 09:00:15] "GET /web/service-worker.js HTTP/1.1" 200 - 1 0.000 0.002
2025-03-19 09:00:23,400 27236 INFO odoo werkzeug: 127.0.0.1 - - [19/Mar/2025 09:00:23] "POST /web/action/load HTTP/1.1" 200 - 10 0.014 0.038
2025-03-19 09:00:23,730 27236 DEBUG odoo odoo.api: call ir.module.module().get_views(options={'action_id': 39, 'embedded_action_id': False, 'embedded_parent_res_id': False, 'load_filters': True, 'toolbar': True}, views=[[False, 'kanban'], [False, 'list'], [False, 'form'], [95, 'search']]) 
2025-03-19 09:00:23,846 27236 INFO odoo werkzeug: 127.0.0.1 - - [19/Mar/2025 09:00:23] "POST /web/dataset/call_kw/ir.module.module/get_views HTTP/1.1" 200 - 56 0.034 0.086
2025-03-19 09:00:23,994 27236 DEBUG odoo odoo.api: call ir.module.module().search_panel_select_range('module_type', category_domain=[], enable_counters=False, expand=True, filter_domain=[], hierarchize=True, limit=200, search_domain=[['application', '=', True]]) 
2025-03-19 09:00:23,994 27236 INFO odoo werkzeug: 127.0.0.1 - - [19/Mar/2025 09:00:23] "POST /web/dataset/call_kw/ir.module.module/search_panel_select_range HTTP/1.1" 200 - 1 0.004 0.010
2025-03-19 09:00:24,173 27236 DEBUG odoo odoo.api: call ir.module.module().search_panel_select_range('category_id', category_domain=[], enable_counters=True, expand=False, filter_domain=[], hierarchize=True, limit=200, search_domain=[['application', '=', True]]) 
2025-03-19 09:00:24,174 27236 DEBUG odoo odoo.api: call ir.module.module().web_search_read(count_limit=10001, domain=[['application', '=', True]], limit=80, offset=0, order='', specification={'to_buy': {}, 'name': {}, 'state': {}, 'summary': {}, 'website': {}, 'application': {}, 'module_type': {}, 'icon': {}, 'icon_flag': {}, 'shortdesc': {}}) 
2025-03-19 09:00:24,191 27236 DEBUG odoo odoo.modules.module: module mrp_workorder: no manifest file found ('__manifest__.py', '__openerp__.py') 
2025-03-19 09:00:24,199 27236 DEBUG odoo odoo.modules.module: module accountant: no manifest file found ('__manifest__.py', '__openerp__.py') 
2025-03-19 09:00:24,201 27236 DEBUG odoo odoo.modules.module: module knowledge: no manifest file found ('__manifest__.py', '__openerp__.py') 
2025-03-19 09:00:24,208 27236 DEBUG odoo odoo.modules.module: module timesheet_grid: no manifest file found ('__manifest__.py', '__openerp__.py') 
2025-03-19 09:00:24,217 27236 DEBUG odoo odoo.modules.module: module web_studio: no manifest file found ('__manifest__.py', '__openerp__.py') 
2025-03-19 09:00:24,217 27236 INFO odoo werkzeug: 127.0.0.1 - - [19/Mar/2025 09:00:24] "POST /web/dataset/call_kw/ir.module.module/search_panel_select_range HTTP/1.1" 200 - 56 0.018 0.032
2025-03-19 09:00:24,222 27236 DEBUG odoo odoo.modules.module: module industry_fsm: no manifest file found ('__manifest__.py', '__openerp__.py') 
2025-03-19 09:00:24,227 27236 DEBUG odoo odoo.modules.module: module sign: no manifest file found ('__manifest__.py', '__openerp__.py') 
2025-03-19 09:00:24,228 27236 DEBUG odoo odoo.modules.module: module helpdesk: no manifest file found ('__manifest__.py', '__openerp__.py') 
2025-03-19 09:00:24,229 27236 DEBUG odoo odoo.modules.module: module sale_subscription: no manifest file found ('__manifest__.py', '__openerp__.py') 
2025-03-19 09:00:24,231 27236 DEBUG odoo odoo.modules.module: module quality_control: no manifest file found ('__manifest__.py', '__openerp__.py') 
2025-03-19 09:00:24,231 27236 DEBUG odoo odoo.modules.module: module planning: no manifest file found ('__manifest__.py', '__openerp__.py') 
2025-03-19 09:00:24,236 27236 DEBUG odoo odoo.modules.module: module mrp_plm: no manifest file found ('__manifest__.py', '__openerp__.py') 
2025-03-19 09:00:24,238 27236 DEBUG odoo odoo.modules.module: module social: no manifest file found ('__manifest__.py', '__openerp__.py') 
2025-03-19 09:00:24,239 27236 DEBUG odoo odoo.modules.module: module hr_appraisal: no manifest file found ('__manifest__.py', '__openerp__.py') 
2025-03-19 09:00:24,241 27236 DEBUG odoo odoo.modules.module: module marketing_automation: no manifest file found ('__manifest__.py', '__openerp__.py') 
2025-03-19 09:00:24,243 27236 DEBUG odoo odoo.modules.module: module appointment: no manifest file found ('__manifest__.py', '__openerp__.py') 
2025-03-19 09:00:24,245 27236 DEBUG odoo odoo.modules.module: module web_mobile: no manifest file found ('__manifest__.py', '__openerp__.py') 
2025-03-19 09:00:24,249 27236 DEBUG odoo odoo.modules.module: module stock_barcode: no manifest file found ('__manifest__.py', '__openerp__.py') 
2025-03-19 09:00:24,251 27236 DEBUG odoo odoo.modules.module: module voip: no manifest file found ('__manifest__.py', '__openerp__.py') 
2025-03-19 09:00:24,251 27236 DEBUG odoo odoo.modules.module: module sale_amazon: no manifest file found ('__manifest__.py', '__openerp__.py') 
2025-03-19 09:00:24,257 27236 INFO odoo werkzeug: 127.0.0.1 - - [19/Mar/2025 09:00:24] "POST /web/dataset/call_kw/ir.module.module/web_search_read HTTP/1.1" 200 - 4 0.003 0.085
2025-03-19 09:00:25,432 27236 INFO odoo werkzeug: 127.0.0.1 - - [19/Mar/2025 09:00:25] "POST /web/action/load HTTP/1.1" 200 - 9 0.007 0.035
2025-03-19 09:00:25,646 27236 DEBUG odoo odoo.api: call base.module.update().get_views(options={'action_id': 43, 'embedded_action_id': False, 'embedded_parent_res_id': False, 'load_filters': False, 'toolbar': False}, views=[[False, 'form']]) 
2025-03-19 09:00:25,689 27236 INFO odoo werkzeug: 127.0.0.1 - - [19/Mar/2025 09:00:25] "POST /web/dataset/call_kw/base.module.update/get_views HTTP/1.1" 200 - 12 0.008 0.035
2025-03-19 09:00:25,759 27236 DEBUG odoo odoo.api: call base.module.update().onchange({}, [], {'updated': {}, 'added': {}, 'state': {}}) 
2025-03-19 09:00:25,763 27236 INFO odoo werkzeug: 127.0.0.1 - - [19/Mar/2025 09:00:25] "POST /web/dataset/call_kw/base.module.update/onchange HTTP/1.1" 200 - 2 0.002 0.009
2025-03-19 09:00:27,210 27236 DEBUG odoo odoo.api: call base.module.update().web_save({}, specification={'updated': {}, 'added': {}, 'state': {}}) 
2025-03-19 09:00:27,216 27236 INFO odoo werkzeug: 127.0.0.1 - - [19/Mar/2025 09:00:27] "POST /web/dataset/call_kw/base.module.update/web_save HTTP/1.1" 200 - 5 0.006 0.007
2025-03-19 09:00:27,537 27236 DEBUG odoo odoo.api: call base.module.update(13,).update_module() 
2025-03-19 09:00:27,542 27236 INFO odoo odoo.addons.base.models.ir_module: ALLOW access to module.update_list on [] to user admin #2 via 127.0.0.1 
2025-03-19 09:00:28,366 27236 INFO odoo werkzeug: 127.0.0.1 - - [19/Mar/2025 09:00:28] "POST /web/dataset/call_button/base.module.update/update_module HTTP/1.1" 200 - 1566 0.491 0.346
2025-03-19 09:00:40,452 27236 DEBUG odoo odoo.api: call ir.module.module().search_panel_select_range('category_id', category_domain=[], enable_counters=True, expand=False, filter_domain=[], hierarchize=True, limit=200, search_domain=['&', ['application', '=', True], '|', '|', ['summary', 'ilike', 'Plant Nursery'], ['shortdesc', 'ilike', 'Plant Nursery'], ['name', 'ilike', 'Plant Nursery']]) 
2025-03-19 09:00:40,502 27236 INFO odoo werkzeug: 127.0.0.1 - - [19/Mar/2025 09:00:40] "POST /web/dataset/call_kw/ir.module.module/search_panel_select_range HTTP/1.1" 200 - 54 0.022 0.033
2025-03-19 09:00:40,699 27236 DEBUG odoo odoo.api: call ir.module.module().web_search_read(count_limit=10001, domain=['&', ['application', '=', True], '|', '|', ['summary', 'ilike', 'Plant Nursery'], ['shortdesc', 'ilike', 'Plant Nursery'], ['name', 'ilike', 'Plant Nursery']], limit=80, offset=0, order='', specification={'to_buy': {}, 'name': {}, 'state': {}, 'summary': {}, 'website': {}, 'application': {}, 'module_type': {}, 'icon': {}, 'icon_flag': {}, 'shortdesc': {}}) 
2025-03-19 09:00:40,715 27236 INFO odoo werkzeug: 127.0.0.1 - - [19/Mar/2025 09:00:40] "POST /web/dataset/call_kw/ir.module.module/web_search_read HTTP/1.1" 200 - 3 0.000 0.017
2025-03-19 09:00:43,692 27236 DEBUG odoo odoo.api: call ir.module.module(635,).more_info() 
2025-03-19 09:00:43,695 27236 INFO odoo werkzeug: 127.0.0.1 - - [19/Mar/2025 09:00:43] "POST /web/dataset/call_button/ir.module.module/more_info HTTP/1.1" 200 - 1 0.006 0.004
2025-03-19 09:00:44,026 27236 DEBUG odoo odoo.api: call ir.module.module().get_views(options={'action_id': False, 'embedded_action_id': False, 'embedded_parent_res_id': False, 'load_filters': True, 'toolbar': True}, views=[[False, 'form'], [False, 'search']]) 
2025-03-19 09:00:44,048 27236 INFO odoo werkzeug: 127.0.0.1 - - [19/Mar/2025 09:00:44] "POST /web/dataset/call_kw/ir.module.module/get_views HTTP/1.1" 200 - 6 0.002 0.027
2025-03-19 09:00:44,269 27236 DEBUG odoo odoo.api: call ir.module.module(635,).web_read(specification={'icon_image': {}, 'write_date': {}, 'shortdesc': {}, 'summary': {}, 'author': {}, 'website': {}, 'category_id': {'fields': {'display_name': {}}}, 'name': {}, 'license': {}, 'installed_version': {}, 'demo': {}, 'application': {}, 'state': {}, 'dependencies_id': {'fields': {'name': {}, 'state': {}}, 'limit': 40, 'order': ''}, 'exclusion_ids': {'fields': {'name': {}, 'state': {}}, 'limit': 40, 'order': ''}, 'menus_by_module': {}, 'views_by_module': {}, 'reports_by_module': {}, 'description_html': {}, 'to_buy': {}, 'module_type': {}, 'has_iap': {}, 'display_name': {}}) 
2025-03-19 09:00:44,429 27236 INFO odoo werkzeug: 127.0.0.1 - - [19/Mar/2025 09:00:44] "POST /web/dataset/call_kw/ir.module.module/web_read HTTP/1.1" 200 - 11 0.029 0.131
2025-03-19 09:00:44,512 27236 INFO odoo werkzeug: 127.0.0.1 - - [19/Mar/2025 09:00:44] "GET /web/image/ir.module.module/635/icon_image?unique=1742320256000 HTTP/1.1" 200 - 3 0.000 0.013
2025-03-19 09:01:10,707 27236 DEBUG ? odoo.service.server: cron0 polling for jobs 
2025-03-19 09:01:10,718 27236 DEBUG odoo odoo.addons.base.models.ir_cron: job 8 acquired 
2025-03-19 09:01:10,749 27236 DEBUG odoo odoo.addons.base.models.ir_cron: cron.object.execute('odoo', 1, '*', 'Notification: Notify scheduled messages', 128) 
2025-03-19 09:01:10,749 27236 INFO odoo odoo.addons.base.models.ir_cron: Job 'Notification: Notify scheduled messages' (8) starting 
2025-03-19 09:01:10,756 27236 INFO odoo odoo.addons.base.models.ir_cron: Job 'Notification: Notify scheduled messages' (8) done in 0.007s 
2025-03-19 09:01:10,756 27236 DEBUG odoo odoo.addons.base.models.ir_cron: Job 'Notification: Notify scheduled messages' (8) server action #128 with uid 1 executed in 0.007s 
2025-03-19 09:01:10,766 27236 INFO odoo odoo.addons.base.models.ir_cron: Job 'Notification: Notify scheduled messages' (8) processed 0 records, 0 records remaining 
2025-03-19 09:01:10,776 27236 INFO odoo odoo.addons.base.models.ir_cron: Job 'Notification: Notify scheduled messages' (8) completed 
2025-03-19 09:01:10,778 27236 DEBUG odoo odoo.addons.base.models.ir_cron: job 8 updated and released 
2025-03-19 09:01:10,778 27236 DEBUG odoo odoo.addons.base.models.ir_cron: job 14 acquired 
2025-03-19 09:01:10,778 27236 DEBUG odoo odoo.addons.base.models.ir_cron: cron.object.execute('odoo', 1, '*', 'SMS: SMS Queue Manager', 161) 
2025-03-19 09:01:10,778 27236 INFO odoo odoo.addons.base.models.ir_cron: Job 'SMS: SMS Queue Manager' (14) starting 
2025-03-19 09:01:10,786 27236 INFO odoo odoo.addons.base.models.ir_cron: Job 'SMS: SMS Queue Manager' (14) done in 0.008s 
2025-03-19 09:01:10,786 27236 DEBUG odoo odoo.addons.base.models.ir_cron: Job 'SMS: SMS Queue Manager' (14) server action #161 with uid 1 executed in 0.008s 
2025-03-19 09:01:10,786 27236 INFO odoo odoo.addons.base.models.ir_cron: Job 'SMS: SMS Queue Manager' (14) processed 0 records, 0 records remaining 
2025-03-19 09:01:10,796 27236 INFO odoo odoo.addons.base.models.ir_cron: Job 'SMS: SMS Queue Manager' (14) completed 
2025-03-19 09:01:10,807 27236 DEBUG odoo odoo.addons.base.models.ir_cron: job 14 updated and released 
2025-03-19 09:01:10,807 27236 DEBUG odoo odoo.addons.base.models.ir_cron: job 15 acquired 
2025-03-19 09:01:10,807 27236 DEBUG odoo odoo.addons.base.models.ir_cron: cron.object.execute('odoo', 1, '*', 'Snailmail: process letters queue', 171) 
2025-03-19 09:01:10,807 27236 INFO odoo odoo.addons.base.models.ir_cron: Job 'Snailmail: process letters queue' (15) starting 
2025-03-19 09:01:10,818 27236 INFO odoo odoo.addons.base.models.ir_cron: Job 'Snailmail: process letters queue' (15) done in 0.012s 
2025-03-19 09:01:10,818 27236 DEBUG odoo odoo.addons.base.models.ir_cron: Job 'Snailmail: process letters queue' (15) server action #171 with uid 1 executed in 0.012s 
2025-03-19 09:01:10,828 27236 INFO odoo odoo.addons.base.models.ir_cron: Job 'Snailmail: process letters queue' (15) processed 0 records, 0 records remaining 
2025-03-19 09:01:10,834 27236 INFO odoo odoo.addons.base.models.ir_cron: Job 'Snailmail: process letters queue' (15) completed 
2025-03-19 09:01:10,836 27236 DEBUG odoo odoo.addons.base.models.ir_cron: job 15 updated and released 
2025-03-19 09:01:10,837 27236 DEBUG odoo odoo.addons.base.models.ir_cron: job 3 acquired 
2025-03-19 09:01:10,841 27236 DEBUG odoo odoo.addons.base.models.ir_cron: cron.object.execute('odoo', 1, '*', 'Mail: Email Queue Manager', 123) 
2025-03-19 09:01:10,841 27236 INFO odoo odoo.addons.base.models.ir_cron: Job 'Mail: Email Queue Manager' (3) starting 
2025-03-19 09:01:10,851 27236 INFO odoo odoo.addons.base.models.ir_cron: Job 'Mail: Email Queue Manager' (3) done in 0.010s 
2025-03-19 09:01:10,851 27236 DEBUG odoo odoo.addons.base.models.ir_cron: Job 'Mail: Email Queue Manager' (3) server action #123 with uid 1 executed in 0.010s 
2025-03-19 09:01:10,851 27236 INFO odoo odoo.addons.base.models.ir_cron: Job 'Mail: Email Queue Manager' (3) processed 0 records, 0 records remaining 
2025-03-19 09:01:10,862 27236 INFO odoo odoo.addons.base.models.ir_cron: Job 'Mail: Email Queue Manager' (3) completed 
2025-03-19 09:01:10,864 27236 DEBUG odoo odoo.addons.base.models.ir_cron: job 3 updated and released 
2025-03-19 09:01:10,865 27236 DEBUG odoo odoo.addons.base.models.ir_cron: job 13 acquired 
2025-03-19 09:01:10,871 27236 DEBUG odoo odoo.addons.base.models.ir_cron: cron.object.execute('odoo', 1, '*', 'Partner Autocomplete: Sync with remote DB', 157) 
2025-03-19 09:01:10,871 27236 INFO odoo odoo.addons.base.models.ir_cron: Job 'Partner Autocomplete: Sync with remote DB' (13) starting 
2025-03-19 09:01:10,880 27236 INFO odoo odoo.addons.base.models.ir_cron: Job 'Partner Autocomplete: Sync with remote DB' (13) done in 0.009s 
2025-03-19 09:01:10,880 27236 DEBUG odoo odoo.addons.base.models.ir_cron: Job 'Partner Autocomplete: Sync with remote DB' (13) server action #157 with uid 1 executed in 0.009s 
2025-03-19 09:01:10,882 27236 INFO odoo odoo.addons.base.models.ir_cron: Job 'Partner Autocomplete: Sync with remote DB' (13) processed 0 records, 0 records remaining 
2025-03-19 09:01:10,888 27236 INFO odoo odoo.addons.base.models.ir_cron: Job 'Partner Autocomplete: Sync with remote DB' (13) completed 
2025-03-19 09:01:10,889 27236 DEBUG odoo odoo.addons.base.models.ir_cron: job 13 updated and released 
2025-03-19 09:01:11,983 27236 DEBUG ? odoo.service.server: cron1 polling for jobs 
2025-03-24 09:42:14,798 2468 DEBUG ? odoo.netsvc: logger level set: "odoo.http.rpc.request:INFO" 
2025-03-24 09:42:14,799 2468 DEBUG ? odoo.netsvc: logger level set: "odoo.http.rpc.response:INFO" 
2025-03-24 09:42:14,799 2468 DEBUG ? odoo.netsvc: logger level set: ":INFO" 
2025-03-24 09:42:14,799 2468 DEBUG ? odoo.netsvc: logger level set: "odoo:DEBUG" 
2025-03-24 09:42:14,799 2468 DEBUG ? odoo.netsvc: logger level set: "odoo.sql_db:INFO" 
2025-03-24 09:42:14,799 2468 DEBUG ? odoo.netsvc: logger level set: ":INFO" 
2025-03-24 09:42:14,800 2468 INFO ? odoo: Odoo version 18.0 
2025-03-24 09:42:14,800 2468 INFO ? odoo: Using configuration file at C:\odoo\odoo\odoo.conf 
2025-03-24 09:42:14,800 2468 INFO ? odoo: addons paths: ['C:\\odoo\\odoo\\odoo\\addons', 'c:\\users\\georg\\appdata\\local\\openerp s.a\\odoo\\addons\\18.0', 'c:\\odoo\\odoo\\addons_extra', 'c:\\odoo\\odoo\\addons', 'c:\\odoo\\odoo\\odoo\\addons'] 
2025-03-24 09:42:14,800 2468 INFO ? odoo: database: odoo@default:default 
2025-03-24 09:42:15,259 2468 INFO ? odoo.addons.base.models.ir_actions_report: You need Wkhtmltopdf to print a pdf version of the reports. 
2025-03-24 09:42:15,274 2468 INFO ? odoo.addons.base.models.ir_actions_report: You need Wkhtmltoimage to generate images from html. 
2025-03-24 09:42:15,791 2468 DEBUG ? odoo.service.server: Setting signal handlers 
2025-03-24 09:42:15,804 2468 INFO ? odoo.service.server: HTTP service (werkzeug) running on GLO:8069 
2025-03-24 09:42:15,890 2468 DEBUG odoo odoo.modules.registry: Multiprocess load registry signaling: [Registry: 102] [Cache default: 10] [Cache assets: 1] [Cache templates: 1] [Cache routing: 1] [Cache groups: 1] 
2025-03-24 09:42:15,916 2468 INFO odoo odoo.modules.loading: loading 1 modules... 
2025-03-24 09:42:15,916 2468 DEBUG odoo odoo.modules.loading: Loading module base (1/1) 
2025-03-24 09:42:15,921 2468 DEBUG odoo odoo.modules.loading: Module base loaded in 0.01s, 0 queries 
2025-03-24 09:42:15,921 2468 INFO odoo odoo.modules.loading: 1 modules loaded in 0.01s, 0 queries (+0 extra) 
2025-03-24 09:42:15,946 2468 INFO odoo odoo.modules.loading: updating modules list 
2025-03-24 09:42:15,971 2468 INFO odoo odoo.addons.base.models.ir_module: ALLOW access to module.update_list on [] to user __system__ #1 via n/a 
2025-03-24 09:42:17,110 2468 WARNING odoo odoo.modules.module: Missing `license` key in manifest for 'plant_nursery2', defaulting to LGPL-3 
2025-03-24 09:42:17,684 2468 WARNING odoo odoo.modules.loading: invalid module names, ignored:  Plant Nursery2 
2025-03-24 09:42:17,716 2468 DEBUG odoo odoo.modules.module: module awesome_kanban: no manifest file found ('__manifest__.py', '__openerp__.py') 
2025-03-24 09:42:17,733 2468 WARNING odoo odoo.modules.graph: module awesome_kanban: not installable, skipped 
2025-03-24 09:42:17,745 2468 DEBUG odoo odoo.modules.loading: Updating graph with 52 more modules 
2025-03-24 09:42:17,746 2468 INFO odoo odoo.modules.loading: loading 52 modules... 
2025-03-24 09:42:17,746 2468 DEBUG odoo odoo.modules.loading: Loading module estate (2/52) 
2025-03-24 09:42:17,752 2468 DEBUG odoo odoo.modules.loading: Module estate loaded in 0.01s, 0 queries 
2025-03-24 09:42:17,752 2468 DEBUG odoo odoo.modules.loading: Loading module web (3/52) 
2025-03-24 09:42:17,753 2468 DEBUG odoo odoo.modules.loading: Module web loaded in 0.00s, 0 queries 
2025-03-24 09:42:17,754 2468 DEBUG odoo odoo.modules.loading: Loading module auth_totp (4/52) 
2025-03-24 09:42:17,788 2468 DEBUG odoo odoo.modules.loading: Module auth_totp loaded in 0.03s, 0 queries 
2025-03-24 09:42:17,788 2468 DEBUG odoo odoo.modules.loading: Loading module barcodes (5/52) 
2025-03-24 09:42:17,798 2468 DEBUG odoo odoo.modules.loading: Module barcodes loaded in 0.01s, 0 queries 
2025-03-24 09:42:17,798 2468 DEBUG odoo odoo.modules.loading: Loading module base_import (6/52) 
2025-03-24 09:42:18,187 2468 DEBUG odoo odoo.modules.loading: Module base_import loaded in 0.39s, 0 queries 
2025-03-24 09:42:18,187 2468 DEBUG odoo odoo.modules.loading: Loading module base_import_module (7/52) 
2025-03-24 09:42:18,198 2468 DEBUG odoo odoo.modules.loading: Module base_import_module loaded in 0.01s, 0 queries 
2025-03-24 09:42:18,198 2468 DEBUG odoo odoo.modules.loading: Loading module base_setup (8/52) 
2025-03-24 09:42:18,207 2468 DEBUG odoo odoo.modules.loading: Module base_setup loaded in 0.01s, 0 queries 
2025-03-24 09:42:18,207 2468 DEBUG odoo odoo.modules.loading: Loading module bus (9/52) 
2025-03-24 09:42:18,235 2468 DEBUG odoo odoo.modules.loading: Module bus loaded in 0.03s, 0 queries 
2025-03-24 09:42:18,235 2468 DEBUG odoo odoo.modules.loading: Loading module http_routing (10/52) 
2025-03-24 09:42:18,246 2468 DEBUG odoo odoo.modules.loading: Module http_routing loaded in 0.01s, 0 queries 
2025-03-24 09:42:18,246 2468 DEBUG odoo odoo.modules.loading: Loading module plant_nursery2 (11/52) 
2025-03-24 09:42:18,252 2468 WARNING odoo odoo.models: The model nursery.plant has no _description 
2025-03-24 09:42:18,253 2468 WARNING odoo odoo.models: The model nursery.customer has no _description 
2025-03-24 09:42:18,253 2468 WARNING odoo odoo.models: The model nursery.order has no _description 
2025-03-24 09:42:18,253 2468 DEBUG odoo odoo.modules.loading: Module plant_nursery2 loaded in 0.01s, 0 queries 
2025-03-24 09:42:18,253 2468 DEBUG odoo odoo.modules.loading: Loading module resource (12/52) 
2025-03-24 09:42:18,281 2468 DEBUG odoo odoo.modules.loading: Module resource loaded in 0.03s, 0 queries 
2025-03-24 09:42:18,281 2468 DEBUG odoo odoo.modules.loading: Loading module utm (13/52) 
2025-03-24 09:42:18,295 2468 DEBUG odoo odoo.modules.loading: Module utm loaded in 0.01s, 0 queries 
2025-03-24 09:42:18,295 2468 DEBUG odoo odoo.modules.loading: Loading module web_hierarchy (14/52) 
2025-03-24 09:42:18,297 2468 WARNING odoo odoo.models: The model nursery.plant has no _description 
2025-03-24 09:42:18,297 2468 WARNING odoo odoo.models: The model nursery.customer has no _description 
2025-03-24 09:42:18,297 2468 WARNING odoo odoo.models: The model nursery.order has no _description 
2025-03-24 09:42:18,297 2468 DEBUG odoo odoo.modules.loading: Module web_hierarchy loaded in 0.00s, 0 queries 
2025-03-24 09:42:18,297 2468 DEBUG odoo odoo.modules.loading: Loading module web_tour (15/52) 
2025-03-24 09:42:18,312 2468 DEBUG odoo odoo.modules.loading: Module web_tour loaded in 0.01s, 0 queries 
2025-03-24 09:42:18,313 2468 DEBUG odoo odoo.modules.loading: Loading module html_editor (16/52) 
2025-03-24 09:42:18,582 2468 DEBUG odoo odoo.modules.loading: Module html_editor loaded in 0.27s, 0 queries 
2025-03-24 09:42:18,582 2468 DEBUG odoo odoo.modules.loading: Loading module iap (17/52) 
2025-03-24 09:42:18,582 2468 DEBUG odoo odoo.modules.loading: Module iap loaded in 0.00s, 0 queries 
2025-03-24 09:42:18,582 2468 DEBUG odoo odoo.modules.loading: Loading module mail (18/52) 
2025-03-24 09:42:18,589 2468 WARNING odoo odoo.models: The model nursery.plant has no _description 
2025-03-24 09:42:18,589 2468 WARNING odoo odoo.models: The model nursery.customer has no _description 
2025-03-24 09:42:18,589 2468 WARNING odoo odoo.models: The model nursery.order has no _description 
2025-03-24 09:42:18,593 2468 DEBUG odoo odoo.modules.loading: Module mail loaded in 0.01s, 0 queries 
2025-03-24 09:42:18,593 2468 DEBUG odoo odoo.modules.loading: Loading module web_editor (19/52) 
2025-03-24 09:42:18,668 2468 WARNING odoo odoo.models: The model nursery.plant has no _description 
2025-03-24 09:42:18,668 2468 WARNING odoo odoo.models: The model nursery.customer has no _description 
2025-03-24 09:42:18,668 2468 WARNING odoo odoo.models: The model nursery.order has no _description 
2025-03-24 09:42:18,668 2468 WARNING odoo odoo.models: The model nursery.plant has no _description 
2025-03-24 09:42:18,668 2468 WARNING odoo odoo.models: The model nursery.customer has no _description 
2025-03-24 09:42:18,668 2468 WARNING odoo odoo.models: The model nursery.order has no _description 
2025-03-24 09:42:18,668 2468 DEBUG odoo odoo.modules.loading: Module web_editor loaded in 0.07s, 0 queries 
2025-03-24 09:42:18,668 2468 DEBUG odoo odoo.modules.loading: Loading module auth_signup (20/52) 
2025-03-24 09:42:18,678 2468 DEBUG odoo odoo.modules.loading: Module auth_signup loaded in 0.01s, 0 queries 
2025-03-24 09:42:18,678 2468 DEBUG odoo odoo.modules.loading: Loading module auth_totp_mail (21/52) 
2025-03-24 09:42:18,687 2468 DEBUG odoo odoo.modules.loading: Module auth_totp_mail loaded in 0.01s, 0 queries 
2025-03-24 09:42:18,687 2468 DEBUG odoo odoo.modules.loading: Loading module base_install_request (22/52) 
2025-03-24 09:42:18,695 2468 DEBUG odoo odoo.modules.loading: Module base_install_request loaded in 0.01s, 0 queries 
2025-03-24 09:42:18,695 2468 DEBUG odoo odoo.modules.loading: Loading module calendar (23/52) 
2025-03-24 09:42:18,734 2468 DEBUG odoo odoo.modules.loading: Module calendar loaded in 0.04s, 0 queries 
2025-03-24 09:42:18,736 2468 DEBUG odoo odoo.modules.loading: Loading module contacts (24/52) 
2025-03-24 09:42:18,741 2468 DEBUG odoo odoo.modules.loading: Module contacts loaded in 0.01s, 0 queries 
2025-03-24 09:42:18,741 2468 DEBUG odoo odoo.modules.loading: Loading module google_gmail (25/52) 
2025-03-24 09:42:18,750 2468 DEBUG odoo odoo.modules.loading: Module google_gmail loaded in 0.01s, 0 queries 
2025-03-24 09:42:18,750 2468 DEBUG odoo odoo.modules.loading: Loading module iap_mail (26/52) 
2025-03-24 09:42:18,758 2468 DEBUG odoo odoo.modules.loading: Module iap_mail loaded in 0.01s, 0 queries 
2025-03-24 09:42:18,758 2468 DEBUG odoo odoo.modules.loading: Loading module mail_bot (27/52) 
2025-03-24 09:42:18,767 2468 DEBUG odoo odoo.modules.loading: Module mail_bot loaded in 0.01s, 0 queries 
2025-03-24 09:42:18,767 2468 DEBUG odoo odoo.modules.loading: Loading module phone_validation (28/52) 
2025-03-24 09:42:18,786 2468 WARNING odoo odoo.models: The model nursery.plant has no _description 
2025-03-24 09:42:18,786 2468 WARNING odoo odoo.models: The model nursery.customer has no _description 
2025-03-24 09:42:18,786 2468 WARNING odoo odoo.models: The model nursery.order has no _description 
2025-03-24 09:42:18,786 2468 DEBUG odoo odoo.modules.loading: Module phone_validation loaded in 0.02s, 0 queries 
2025-03-24 09:42:18,786 2468 DEBUG odoo odoo.modules.loading: Loading module privacy_lookup (29/52) 
2025-03-24 09:42:18,791 2468 DEBUG odoo odoo.modules.loading: Module privacy_lookup loaded in 0.01s, 0 queries 
2025-03-24 09:42:18,791 2468 DEBUG odoo odoo.modules.loading: Loading module resource_mail (30/52) 
2025-03-24 09:42:18,802 2468 DEBUG odoo odoo.modules.loading: Module resource_mail loaded in 0.01s, 0 queries 
2025-03-24 09:42:18,802 2468 DEBUG odoo odoo.modules.loading: Loading module sales_team (31/52) 
2025-03-24 09:42:18,808 2468 DEBUG odoo odoo.modules.loading: Module sales_team loaded in 0.01s, 0 queries 
2025-03-24 09:42:18,808 2468 DEBUG odoo odoo.modules.loading: Loading module web_unsplash (32/52) 
2025-03-24 09:42:18,818 2468 DEBUG odoo odoo.modules.loading: Module web_unsplash loaded in 0.01s, 0 queries 
2025-03-24 09:42:18,818 2468 DEBUG odoo odoo.modules.loading: Loading module partner_autocomplete (33/52) 
2025-03-24 09:42:18,833 2468 DEBUG odoo odoo.modules.loading: Module partner_autocomplete loaded in 0.02s, 0 queries 
2025-03-24 09:42:18,833 2468 DEBUG odoo odoo.modules.loading: Loading module portal (34/52) 
2025-03-24 09:42:18,849 2468 DEBUG odoo odoo.modules.loading: Module portal loaded in 0.02s, 0 queries 
2025-03-24 09:42:18,849 2468 DEBUG odoo odoo.modules.loading: Loading module sms (35/52) 
2025-03-24 09:42:18,881 2468 DEBUG odoo odoo.modules.loading: Module sms loaded in 0.03s, 0 queries 
2025-03-24 09:42:18,881 2468 DEBUG odoo odoo.modules.loading: Loading module snailmail (36/52) 
2025-03-24 09:42:18,897 2468 DEBUG odoo odoo.modules.loading: Module snailmail loaded in 0.02s, 0 queries 
2025-03-24 09:42:18,897 2468 DEBUG odoo odoo.modules.loading: Loading module auth_totp_portal (37/52) 
2025-03-24 09:42:18,897 2468 DEBUG odoo odoo.modules.loading: Module auth_totp_portal loaded in 0.00s, 0 queries 
2025-03-24 09:42:18,897 2468 DEBUG odoo odoo.modules.loading: Loading module calendar_sms (38/52) 
2025-03-24 09:42:18,913 2468 DEBUG odoo odoo.modules.loading: Module calendar_sms loaded in 0.02s, 0 queries 
2025-03-24 09:42:18,913 2468 DEBUG odoo odoo.modules.loading: Loading module digest (39/52) 
2025-03-24 09:42:18,927 2468 DEBUG odoo odoo.modules.loading: Module digest loaded in 0.01s, 0 queries 
2025-03-24 09:42:18,927 2468 DEBUG odoo odoo.modules.loading: Loading module crm (40/52) 
2025-03-24 09:42:18,960 2468 DEBUG odoo odoo.modules.loading: Module crm loaded in 0.03s, 0 queries 
2025-03-24 09:42:18,960 2468 DEBUG odoo odoo.modules.loading: Loading module hr (41/52) 
2025-03-24 09:42:18,993 2468 WARNING odoo odoo.models: The model nursery.plant has no _description 
2025-03-24 09:42:18,993 2468 WARNING odoo odoo.models: The model nursery.customer has no _description 
2025-03-24 09:42:18,993 2468 WARNING odoo odoo.models: The model nursery.order has no _description 
2025-03-24 09:42:18,993 2468 DEBUG odoo odoo.modules.loading: Module hr loaded in 0.03s, 0 queries 
2025-03-24 09:42:18,993 2468 DEBUG odoo odoo.modules.loading: Loading module crm_sms (42/52) 
2025-03-24 09:42:18,993 2468 DEBUG odoo odoo.modules.loading: Module crm_sms loaded in 0.00s, 0 queries 
2025-03-24 09:42:18,993 2468 DEBUG odoo odoo.modules.loading: Loading module hr_attendance (43/52) 
2025-03-24 09:42:19,008 2468 DEBUG odoo odoo.modules.loading: Module hr_attendance loaded in 0.01s, 0 queries 
2025-03-24 09:42:19,008 2468 DEBUG odoo odoo.modules.loading: Loading module hr_calendar (44/52) 
2025-03-24 09:42:19,027 2468 DEBUG odoo odoo.modules.loading: Module hr_calendar loaded in 0.02s, 0 queries 
2025-03-24 09:42:19,027 2468 DEBUG odoo odoo.modules.loading: Loading module hr_holidays (45/52) 
2025-03-24 09:42:19,075 2468 DEBUG odoo odoo.modules.loading: Module hr_holidays loaded in 0.05s, 0 queries 
2025-03-24 09:42:19,075 2468 DEBUG odoo odoo.modules.loading: Loading module hr_org_chart (46/52) 
2025-03-24 09:42:19,091 2468 DEBUG odoo odoo.modules.loading: Module hr_org_chart loaded in 0.02s, 0 queries 
2025-03-24 09:42:19,091 2468 DEBUG odoo odoo.modules.loading: Loading module hr_skills (47/52) 
2025-03-24 09:42:19,121 2468 DEBUG odoo odoo.modules.loading: Module hr_skills loaded in 0.03s, 0 queries 
2025-03-24 09:42:19,121 2468 DEBUG odoo odoo.modules.loading: Loading module iap_crm (48/52) 
2025-03-24 09:42:19,125 2468 DEBUG odoo odoo.modules.loading: Module iap_crm loaded in 0.00s, 0 queries 
2025-03-24 09:42:19,125 2468 DEBUG odoo odoo.modules.loading: Loading module mail_bot_hr (49/52) 
2025-03-24 09:42:19,127 2468 DEBUG odoo odoo.modules.loading: Module mail_bot_hr loaded in 0.00s, 0 queries 
2025-03-24 09:42:19,127 2468 DEBUG odoo odoo.modules.loading: Loading module crm_iap_enrich (50/52) 
2025-03-24 09:42:19,133 2468 DEBUG odoo odoo.modules.loading: Module crm_iap_enrich loaded in 0.01s, 0 queries 
2025-03-24 09:42:19,133 2468 DEBUG odoo odoo.modules.loading: Loading module crm_iap_mine (51/52) 
2025-03-24 09:42:19,144 2468 DEBUG odoo odoo.modules.loading: Module crm_iap_mine loaded in 0.01s, 0 queries 
2025-03-24 09:42:19,144 2468 DEBUG odoo odoo.modules.loading: Loading module hr_holidays_attendance (52/52) 
2025-03-24 09:42:19,153 2468 DEBUG odoo odoo.modules.loading: Module hr_holidays_attendance loaded in 0.01s, 0 queries 
2025-03-24 09:42:19,153 2468 INFO odoo odoo.modules.loading: 52 modules loaded in 1.41s, 0 queries (+0 extra) 
2025-03-24 09:42:19,409 2468 ERROR odoo odoo.modules.loading: Some modules are not loaded, some dependencies or manifest may be missing: ['awesome_kanban'] 
2025-03-24 09:42:19,470 2468 DEBUG odoo odoo.modules.registry: Invalidating templates model caches from write C:\odoo\odoo\odoo\addons\base\models\ir_ui_view.py:533 
2025-03-24 09:42:19,482 2468 DEBUG odoo odoo.modules.registry: Invalidating templates model caches from write C:\odoo\odoo\odoo\addons\base\models\ir_ui_view.py:533 
2025-03-24 09:42:20,533 2468 INFO odoo odoo.modules.loading: Modules loaded. 
2025-03-24 09:42:20,548 2468 INFO odoo odoo.modules.registry: Registry changed, signaling through the database 
2025-03-24 09:42:20,550 2468 INFO odoo odoo.modules.registry: Registry loaded in 4.746s 
2025-03-24 09:42:20,553 2468 DEBUG odoo odoo.service.server: cron0 started! 
2025-03-24 09:42:20,553 2468 DEBUG odoo odoo.service.server: cron1 started! 
2025-03-24 09:42:42,327 2468 DEBUG ? odoo.http: HTTP sessions stored in: c:\users\georg\appdata\local\openerp s.a\odoo\sessions 
2025-03-24 09:42:42,330 2468 DEBUG ? odoo.tools._vendor.sessions: Could not load session from disk. Use empty session. 
Traceback (most recent call last):
  File "C:\odoo\odoo\odoo\tools\_vendor\sessions.py", line 216, in get
    f = open(self.get_session_filename(sid), "r", encoding="utf-8")
        ^^^^^^^^^^^^^^^^^^^^^^^^^^^^^^^^^^^^^^^^^^^^^^^^^^^^^^^^^^^
FileNotFoundError: [Errno 2] No such file or directory: 'c:\\users\\georg\\appdata\\local\\openerp s.a\\odoo\\sessions\\06\\067kuuTCGTZhZ9XD9ocJnffllqhf8VvWKjx9yEJRzZTcii8PKjD4_MVY2YJjxKV-iKna2js7178JMgZX76HC'
2025-03-24 09:42:42,338 2468 INFO odoo odoo.addons.base.models.ir_http: Generating routing map for key None 
2025-03-24 09:42:42,383 2468 INFO odoo werkzeug: 127.0.0.1 - - [24/Mar/2025 09:42:42] "GET / HTTP/1.1" 303 - 4 0.018 0.043
2025-03-24 09:42:42,409 2468 DEBUG ? odoo.tools._vendor.sessions: Could not load session from disk. Use empty session. 
Traceback (most recent call last):
  File "C:\odoo\odoo\odoo\tools\_vendor\sessions.py", line 216, in get
    f = open(self.get_session_filename(sid), "r", encoding="utf-8")
        ^^^^^^^^^^^^^^^^^^^^^^^^^^^^^^^^^^^^^^^^^^^^^^^^^^^^^^^^^^^
FileNotFoundError: [Errno 2] No such file or directory: 'c:\\users\\georg\\appdata\\local\\openerp s.a\\odoo\\sessions\\06\\067kuuTCGTZhZ9XD9ocJnffllqhf8VvWKjx9yEJRzZTcii8PKjD4_MVY2YJjxKV-iKna2js7178JMgZX76HC'
2025-03-24 09:42:42,417 2468 INFO odoo werkzeug: 127.0.0.1 - - [24/Mar/2025 09:42:42] "GET /odoo HTTP/1.1" 303 - 1 0.001 0.007
2025-03-24 09:42:42,577 2468 DEBUG ? odoo.tools._vendor.sessions: Could not load session from disk. Use empty session. 
Traceback (most recent call last):
  File "C:\odoo\odoo\odoo\tools\_vendor\sessions.py", line 216, in get
    f = open(self.get_session_filename(sid), "r", encoding="utf-8")
        ^^^^^^^^^^^^^^^^^^^^^^^^^^^^^^^^^^^^^^^^^^^^^^^^^^^^^^^^^^^
FileNotFoundError: [Errno 2] No such file or directory: 'c:\\users\\georg\\appdata\\local\\openerp s.a\\odoo\\sessions\\06\\067kuuTCGTZhZ9XD9ocJnffllqhf8VvWKjx9yEJRzZTcii8PKjD4_MVY2YJjxKV-iKna2js7178JMgZX76HC'
2025-03-24 09:42:42,794 2468 WARNING odoo odoo.modules.module: Missing `license` key in manifest for 'plant_nursery2', defaulting to LGPL-3 
2025-03-24 09:42:43,850 2468 INFO odoo werkzeug: 127.0.0.1 - - [24/Mar/2025 09:42:43] "GET /web/login?redirect=/odoo? HTTP/1.1" 200 - 54 0.050 1.223
2025-03-24 09:42:44,191 2468 DEBUG ? odoo.tools._vendor.sessions: Could not load session from disk. Use empty session. 
Traceback (most recent call last):
  File "C:\odoo\odoo\odoo\tools\_vendor\sessions.py", line 216, in get
    f = open(self.get_session_filename(sid), "r", encoding="utf-8")
        ^^^^^^^^^^^^^^^^^^^^^^^^^^^^^^^^^^^^^^^^^^^^^^^^^^^^^^^^^^^
FileNotFoundError: [Errno 2] No such file or directory: 'c:\\users\\georg\\appdata\\local\\openerp s.a\\odoo\\sessions\\06\\067kuuTCGTZhZ9XD9ocJnffllqhf8VvWKjx9yEJRzZTcii8PKjD4_MVY2YJjxKV-iKna2js7178JMgZX76HC'
2025-03-24 09:42:44,199 2468 DEBUG ? odoo.modules.module: module __init__.py: no manifest file found ('__manifest__.py', '__openerp__.py') 
2025-03-24 09:42:44,200 2468 DEBUG ? odoo.modules.module: module __pycache__: no manifest file found ('__manifest__.py', '__openerp__.py') 
2025-03-24 09:42:44,248 2468 DEBUG ? odoo.modules.module: module website_twitter: no manifest file found ('__manifest__.py', '__openerp__.py') 
2025-03-24 09:42:44,265 2468 INFO odoo werkzeug: 127.0.0.1 - - [24/Mar/2025 09:42:44] "GET /web/binary/company_logo HTTP/1.1" 304 - 2 0.010 0.064
2025-03-24 09:42:44,454 2468 DEBUG ? odoo.tools._vendor.sessions: Could not load session from disk. Use empty session. 
Traceback (most recent call last):
  File "C:\odoo\odoo\odoo\tools\_vendor\sessions.py", line 216, in get
    f = open(self.get_session_filename(sid), "r", encoding="utf-8")
        ^^^^^^^^^^^^^^^^^^^^^^^^^^^^^^^^^^^^^^^^^^^^^^^^^^^^^^^^^^^
FileNotFoundError: [Errno 2] No such file or directory: 'c:\\users\\georg\\appdata\\local\\openerp s.a\\odoo\\sessions\\06\\067kuuTCGTZhZ9XD9ocJnffllqhf8VvWKjx9yEJRzZTcii8PKjD4_MVY2YJjxKV-iKna2js7178JMgZX76HC'
2025-03-24 09:42:44,477 2468 DEBUG odoo odoo.addons.http_routing.models.ir_http: '/website/translations/61425db74b77e166540ff2e0d9fcd57495daa552' (lang: 'fr') missing lang in url, redirect 
2025-03-24 09:42:44,480 2468 INFO odoo werkzeug: 127.0.0.1 - - [24/Mar/2025 09:42:44] "GET /website/translations/61425db74b77e166540ff2e0d9fcd57495daa552 HTTP/1.1" 303 - 5 0.004 0.022
2025-03-24 09:42:44,739 2468 DEBUG ? odoo.tools._vendor.sessions: Could not load session from disk. Use empty session. 
Traceback (most recent call last):
  File "C:\odoo\odoo\odoo\tools\_vendor\sessions.py", line 216, in get
    f = open(self.get_session_filename(sid), "r", encoding="utf-8")
        ^^^^^^^^^^^^^^^^^^^^^^^^^^^^^^^^^^^^^^^^^^^^^^^^^^^^^^^^^^^
FileNotFoundError: [Errno 2] No such file or directory: 'c:\\users\\georg\\appdata\\local\\openerp s.a\\odoo\\sessions\\06\\067kuuTCGTZhZ9XD9ocJnffllqhf8VvWKjx9yEJRzZTcii8PKjD4_MVY2YJjxKV-iKna2js7178JMgZX76HC'
2025-03-24 09:42:44,748 2468 DEBUG odoo odoo.addons.http_routing.models.ir_http: '/fr/website/translations/61425db74b77e166540ff2e0d9fcd57495daa552' (lang: 'fr') valid lang in url, rewrite url and continue 
2025-03-24 09:42:44,773 2468 INFO odoo werkzeug: 127.0.0.1 - - [24/Mar/2025 09:42:44] "GET /fr/website/translations/61425db74b77e166540ff2e0d9fcd57495daa552 HTTP/1.1" 200 - 5 0.003 0.032
2025-03-24 09:42:46,370 2468 DEBUG ? odoo.tools._vendor.sessions: Could not load session from disk. Use empty session. 
Traceback (most recent call last):
  File "C:\odoo\odoo\odoo\tools\_vendor\sessions.py", line 216, in get
    f = open(self.get_session_filename(sid), "r", encoding="utf-8")
        ^^^^^^^^^^^^^^^^^^^^^^^^^^^^^^^^^^^^^^^^^^^^^^^^^^^^^^^^^^^
FileNotFoundError: [Errno 2] No such file or directory: 'c:\\users\\georg\\appdata\\local\\openerp s.a\\odoo\\sessions\\06\\067kuuTCGTZhZ9XD9ocJnffllqhf8VvWKjx9yEJRzZTcii8PKjD4_MVY2YJjxKV-iKna2js7178JMgZX76HC'
2025-03-24 09:42:46,460 2468 INFO odoo odoo.addons.base.models.res_users: Login failed for db:odoo login:georges@lopezrascol.com from 127.0.0.1 
2025-03-24 09:42:46,660 2468 INFO odoo werkzeug: 127.0.0.1 - - [24/Mar/2025 09:42:46] "POST /web/login HTTP/1.1" 200 - 6 0.026 0.264
2025-03-24 09:42:46,682 2468 DEBUG ? odoo.tools._vendor.sessions: Could not load session from disk. Use empty session. 
Traceback (most recent call last):
  File "C:\odoo\odoo\odoo\tools\_vendor\sessions.py", line 216, in get
    f = open(self.get_session_filename(sid), "r", encoding="utf-8")
        ^^^^^^^^^^^^^^^^^^^^^^^^^^^^^^^^^^^^^^^^^^^^^^^^^^^^^^^^^^^
FileNotFoundError: [Errno 2] No such file or directory: 'c:\\users\\georg\\appdata\\local\\openerp s.a\\odoo\\sessions\\06\\067kuuTCGTZhZ9XD9ocJnffllqhf8VvWKjx9yEJRzZTcii8PKjD4_MVY2YJjxKV-iKna2js7178JMgZX76HC'
2025-03-24 09:42:46,686 2468 INFO odoo werkzeug: 127.0.0.1 - - [24/Mar/2025 09:42:46] "GET /web/binary/company_logo HTTP/1.1" 304 - 2 0.001 0.004
2025-03-24 09:42:47,098 2468 DEBUG ? odoo.tools._vendor.sessions: Could not load session from disk. Use empty session. 
Traceback (most recent call last):
  File "C:\odoo\odoo\odoo\tools\_vendor\sessions.py", line 216, in get
    f = open(self.get_session_filename(sid), "r", encoding="utf-8")
        ^^^^^^^^^^^^^^^^^^^^^^^^^^^^^^^^^^^^^^^^^^^^^^^^^^^^^^^^^^^
FileNotFoundError: [Errno 2] No such file or directory: 'c:\\users\\georg\\appdata\\local\\openerp s.a\\odoo\\sessions\\06\\067kuuTCGTZhZ9XD9ocJnffllqhf8VvWKjx9yEJRzZTcii8PKjD4_MVY2YJjxKV-iKna2js7178JMgZX76HC'
2025-03-24 09:42:47,105 2468 DEBUG odoo odoo.addons.http_routing.models.ir_http: '/website/translations/61425db74b77e166540ff2e0d9fcd57495daa552' (lang: 'fr') missing lang in url, redirect 
2025-03-24 09:42:47,106 2468 INFO odoo werkzeug: 127.0.0.1 - - [24/Mar/2025 09:42:47] "GET /website/translations/61425db74b77e166540ff2e0d9fcd57495daa552 HTTP/1.1" 303 - 4 0.002 0.007
2025-03-24 09:42:47,676 2468 DEBUG ? odoo.tools._vendor.sessions: Could not load session from disk. Use empty session. 
Traceback (most recent call last):
  File "C:\odoo\odoo\odoo\tools\_vendor\sessions.py", line 216, in get
    f = open(self.get_session_filename(sid), "r", encoding="utf-8")
        ^^^^^^^^^^^^^^^^^^^^^^^^^^^^^^^^^^^^^^^^^^^^^^^^^^^^^^^^^^^
FileNotFoundError: [Errno 2] No such file or directory: 'c:\\users\\georg\\appdata\\local\\openerp s.a\\odoo\\sessions\\06\\067kuuTCGTZhZ9XD9ocJnffllqhf8VvWKjx9yEJRzZTcii8PKjD4_MVY2YJjxKV-iKna2js7178JMgZX76HC'
2025-03-24 09:42:47,706 2468 INFO odoo werkzeug: 127.0.0.1 - - [24/Mar/2025 09:42:47] "GET /web/service-worker.js HTTP/1.1" 200 - 2 0.002 0.029
2025-03-24 09:42:48,021 2468 DEBUG ? odoo.tools._vendor.sessions: Could not load session from disk. Use empty session. 
Traceback (most recent call last):
  File "C:\odoo\odoo\odoo\tools\_vendor\sessions.py", line 216, in get
    f = open(self.get_session_filename(sid), "r", encoding="utf-8")
        ^^^^^^^^^^^^^^^^^^^^^^^^^^^^^^^^^^^^^^^^^^^^^^^^^^^^^^^^^^^
FileNotFoundError: [Errno 2] No such file or directory: 'c:\\users\\georg\\appdata\\local\\openerp s.a\\odoo\\sessions\\06\\067kuuTCGTZhZ9XD9ocJnffllqhf8VvWKjx9yEJRzZTcii8PKjD4_MVY2YJjxKV-iKna2js7178JMgZX76HC'
2025-03-24 09:42:48,088 2468 INFO odoo werkzeug: 127.0.0.1 - - [24/Mar/2025 09:42:48] "GET /odoo/offline HTTP/1.1" 200 - 11 0.007 0.061
2025-03-24 09:42:53,648 2468 DEBUG ? odoo.tools._vendor.sessions: Could not load session from disk. Use empty session. 
Traceback (most recent call last):
  File "C:\odoo\odoo\odoo\tools\_vendor\sessions.py", line 216, in get
    f = open(self.get_session_filename(sid), "r", encoding="utf-8")
        ^^^^^^^^^^^^^^^^^^^^^^^^^^^^^^^^^^^^^^^^^^^^^^^^^^^^^^^^^^^
FileNotFoundError: [Errno 2] No such file or directory: 'c:\\users\\georg\\appdata\\local\\openerp s.a\\odoo\\sessions\\06\\067kuuTCGTZhZ9XD9ocJnffllqhf8VvWKjx9yEJRzZTcii8PKjD4_MVY2YJjxKV-iKna2js7178JMgZX76HC'
2025-03-24 09:42:53,657 2468 INFO odoo odoo.addons.base.models.res_users: Login failed for db:odoo login:georges@lopezrascol.com from 127.0.0.1 
2025-03-24 09:42:53,667 2468 INFO odoo werkzeug: 127.0.0.1 - - [24/Mar/2025 09:42:53] "POST /web/login HTTP/1.1" 200 - 4 0.004 0.014
2025-03-24 09:42:53,954 2468 DEBUG ? odoo.tools._vendor.sessions: Could not load session from disk. Use empty session. 
Traceback (most recent call last):
  File "C:\odoo\odoo\odoo\tools\_vendor\sessions.py", line 216, in get
    f = open(self.get_session_filename(sid), "r", encoding="utf-8")
        ^^^^^^^^^^^^^^^^^^^^^^^^^^^^^^^^^^^^^^^^^^^^^^^^^^^^^^^^^^^
FileNotFoundError: [Errno 2] No such file or directory: 'c:\\users\\georg\\appdata\\local\\openerp s.a\\odoo\\sessions\\06\\067kuuTCGTZhZ9XD9ocJnffllqhf8VvWKjx9yEJRzZTcii8PKjD4_MVY2YJjxKV-iKna2js7178JMgZX76HC'
2025-03-24 09:42:53,965 2468 INFO odoo werkzeug: 127.0.0.1 - - [24/Mar/2025 09:42:53] "GET /web/binary/company_logo HTTP/1.1" 304 - 2 0.000 0.011
2025-03-24 09:42:54,292 2468 DEBUG ? odoo.tools._vendor.sessions: Could not load session from disk. Use empty session. 
Traceback (most recent call last):
  File "C:\odoo\odoo\odoo\tools\_vendor\sessions.py", line 216, in get
    f = open(self.get_session_filename(sid), "r", encoding="utf-8")
        ^^^^^^^^^^^^^^^^^^^^^^^^^^^^^^^^^^^^^^^^^^^^^^^^^^^^^^^^^^^
FileNotFoundError: [Errno 2] No such file or directory: 'c:\\users\\georg\\appdata\\local\\openerp s.a\\odoo\\sessions\\06\\067kuuTCGTZhZ9XD9ocJnffllqhf8VvWKjx9yEJRzZTcii8PKjD4_MVY2YJjxKV-iKna2js7178JMgZX76HC'
2025-03-24 09:42:54,299 2468 DEBUG odoo odoo.addons.http_routing.models.ir_http: '/website/translations/61425db74b77e166540ff2e0d9fcd57495daa552' (lang: 'fr') missing lang in url, redirect 
2025-03-24 09:42:54,300 2468 INFO odoo werkzeug: 127.0.0.1 - - [24/Mar/2025 09:42:54] "GET /website/translations/61425db74b77e166540ff2e0d9fcd57495daa552 HTTP/1.1" 303 - 4 0.001 0.008
2025-03-24 09:42:58,700 2468 DEBUG ? odoo.tools._vendor.sessions: Could not load session from disk. Use empty session. 
Traceback (most recent call last):
  File "C:\odoo\odoo\odoo\tools\_vendor\sessions.py", line 216, in get
    f = open(self.get_session_filename(sid), "r", encoding="utf-8")
        ^^^^^^^^^^^^^^^^^^^^^^^^^^^^^^^^^^^^^^^^^^^^^^^^^^^^^^^^^^^
FileNotFoundError: [Errno 2] No such file or directory: 'c:\\users\\georg\\appdata\\local\\openerp s.a\\odoo\\sessions\\06\\067kuuTCGTZhZ9XD9ocJnffllqhf8VvWKjx9yEJRzZTcii8PKjD4_MVY2YJjxKV-iKna2js7178JMgZX76HC'
2025-03-24 09:42:58,711 2468 INFO odoo odoo.addons.base.models.res_users: Login failed for db:odoo login:Zepolseg@gmail.com from 127.0.0.1 
2025-03-24 09:42:58,722 2468 INFO odoo werkzeug: 127.0.0.1 - - [24/Mar/2025 09:42:58] "POST /web/login HTTP/1.1" 200 - 4 0.005 0.020
2025-03-24 09:42:59,024 2468 DEBUG ? odoo.tools._vendor.sessions: Could not load session from disk. Use empty session. 
Traceback (most recent call last):
  File "C:\odoo\odoo\odoo\tools\_vendor\sessions.py", line 216, in get
    f = open(self.get_session_filename(sid), "r", encoding="utf-8")
        ^^^^^^^^^^^^^^^^^^^^^^^^^^^^^^^^^^^^^^^^^^^^^^^^^^^^^^^^^^^
FileNotFoundError: [Errno 2] No such file or directory: 'c:\\users\\georg\\appdata\\local\\openerp s.a\\odoo\\sessions\\06\\067kuuTCGTZhZ9XD9ocJnffllqhf8VvWKjx9yEJRzZTcii8PKjD4_MVY2YJjxKV-iKna2js7178JMgZX76HC'
2025-03-24 09:42:59,029 2468 INFO odoo werkzeug: 127.0.0.1 - - [24/Mar/2025 09:42:59] "GET /web/binary/company_logo HTTP/1.1" 304 - 2 0.001 0.005
2025-03-24 09:42:59,357 2468 DEBUG ? odoo.tools._vendor.sessions: Could not load session from disk. Use empty session. 
Traceback (most recent call last):
  File "C:\odoo\odoo\odoo\tools\_vendor\sessions.py", line 216, in get
    f = open(self.get_session_filename(sid), "r", encoding="utf-8")
        ^^^^^^^^^^^^^^^^^^^^^^^^^^^^^^^^^^^^^^^^^^^^^^^^^^^^^^^^^^^
FileNotFoundError: [Errno 2] No such file or directory: 'c:\\users\\georg\\appdata\\local\\openerp s.a\\odoo\\sessions\\06\\067kuuTCGTZhZ9XD9ocJnffllqhf8VvWKjx9yEJRzZTcii8PKjD4_MVY2YJjxKV-iKna2js7178JMgZX76HC'
2025-03-24 09:42:59,357 2468 DEBUG odoo odoo.addons.http_routing.models.ir_http: '/website/translations/61425db74b77e166540ff2e0d9fcd57495daa552' (lang: 'fr') missing lang in url, redirect 
2025-03-24 09:42:59,357 2468 INFO odoo werkzeug: 127.0.0.1 - - [24/Mar/2025 09:42:59] "GET /website/translations/61425db74b77e166540ff2e0d9fcd57495daa552 HTTP/1.1" 303 - 4 0.000 0.000
2025-03-24 09:43:12,699 2468 DEBUG ? odoo.tools._vendor.sessions: Could not load session from disk. Use empty session. 
Traceback (most recent call last):
  File "C:\odoo\odoo\odoo\tools\_vendor\sessions.py", line 216, in get
    f = open(self.get_session_filename(sid), "r", encoding="utf-8")
        ^^^^^^^^^^^^^^^^^^^^^^^^^^^^^^^^^^^^^^^^^^^^^^^^^^^^^^^^^^^
FileNotFoundError: [Errno 2] No such file or directory: 'c:\\users\\georg\\appdata\\local\\openerp s.a\\odoo\\sessions\\06\\067kuuTCGTZhZ9XD9ocJnffllqhf8VvWKjx9yEJRzZTcii8PKjD4_MVY2YJjxKV-iKna2js7178JMgZX76HC'
2025-03-24 09:43:12,709 2468 INFO odoo odoo.addons.base.models.res_users: Login failed for db:odoo login:georges@lopezrascol.com from 127.0.0.1 
2025-03-24 09:43:12,717 2468 INFO odoo werkzeug: 127.0.0.1 - - [24/Mar/2025 09:43:12] "POST /web/login HTTP/1.1" 200 - 4 0.001 0.017
2025-03-24 09:43:13,024 2468 DEBUG ? odoo.tools._vendor.sessions: Could not load session from disk. Use empty session. 
Traceback (most recent call last):
  File "C:\odoo\odoo\odoo\tools\_vendor\sessions.py", line 216, in get
    f = open(self.get_session_filename(sid), "r", encoding="utf-8")
        ^^^^^^^^^^^^^^^^^^^^^^^^^^^^^^^^^^^^^^^^^^^^^^^^^^^^^^^^^^^
FileNotFoundError: [Errno 2] No such file or directory: 'c:\\users\\georg\\appdata\\local\\openerp s.a\\odoo\\sessions\\06\\067kuuTCGTZhZ9XD9ocJnffllqhf8VvWKjx9yEJRzZTcii8PKjD4_MVY2YJjxKV-iKna2js7178JMgZX76HC'
2025-03-24 09:43:13,029 2468 INFO odoo werkzeug: 127.0.0.1 - - [24/Mar/2025 09:43:13] "GET /web/binary/company_logo HTTP/1.1" 304 - 2 0.000 0.007
2025-03-24 09:43:13,378 2468 DEBUG ? odoo.tools._vendor.sessions: Could not load session from disk. Use empty session. 
Traceback (most recent call last):
  File "C:\odoo\odoo\odoo\tools\_vendor\sessions.py", line 216, in get
    f = open(self.get_session_filename(sid), "r", encoding="utf-8")
        ^^^^^^^^^^^^^^^^^^^^^^^^^^^^^^^^^^^^^^^^^^^^^^^^^^^^^^^^^^^
FileNotFoundError: [Errno 2] No such file or directory: 'c:\\users\\georg\\appdata\\local\\openerp s.a\\odoo\\sessions\\06\\067kuuTCGTZhZ9XD9ocJnffllqhf8VvWKjx9yEJRzZTcii8PKjD4_MVY2YJjxKV-iKna2js7178JMgZX76HC'
2025-03-24 09:43:13,378 2468 DEBUG odoo odoo.addons.http_routing.models.ir_http: '/website/translations/61425db74b77e166540ff2e0d9fcd57495daa552' (lang: 'fr') missing lang in url, redirect 
2025-03-24 09:43:13,378 2468 INFO odoo werkzeug: 127.0.0.1 - - [24/Mar/2025 09:43:13] "GET /website/translations/61425db74b77e166540ff2e0d9fcd57495daa552 HTTP/1.1" 303 - 4 0.000 0.000
2025-03-24 09:43:20,615 2468 DEBUG ? odoo.service.server: cron0 polling for jobs 
2025-03-24 09:43:20,620 2468 DEBUG odoo odoo.addons.base.models.ir_cron: job 1 acquired 
2025-03-24 09:43:20,735 2468 DEBUG odoo odoo.addons.base.models.ir_cron: cron.object.execute('odoo', 1, '*', 'Base: Auto-vacuum internal data', 35) 
2025-03-24 09:43:20,735 2468 INFO odoo odoo.addons.base.models.ir_cron: Job 'Base: Auto-vacuum internal data' (1) starting 
2025-03-24 09:43:20,751 2468 DEBUG odoo odoo.addons.base.models.ir_autovacuum: Calling wizard.ir.model.menu.create()._transient_vacuum() 
2025-03-24 09:43:20,773 2468 DEBUG odoo odoo.addons.base.models.ir_autovacuum: Calling reset.view.arch.wizard()._transient_vacuum() 
2025-03-24 09:43:20,779 2468 DEBUG odoo odoo.addons.base.models.ir_autovacuum: Calling ir.attachment()._gc_file_store() 
2025-03-24 09:43:20,831 2468 INFO odoo odoo.addons.base.models.ir_attachment: filestore gc 6 checked, 0 removed 
2025-03-24 09:43:20,832 2468 DEBUG odoo odoo.addons.base.models.ir_autovacuum: Calling ir.cron.trigger()._gc_cron_triggers() 
2025-03-24 09:43:20,836 2468 DEBUG odoo odoo.addons.base.models.ir_autovacuum: Calling ir.cron.progress()._gc_cron_progress() 
2025-03-24 09:43:20,855 2468 DEBUG odoo odoo.addons.base.models.ir_autovacuum: Calling ir.http()._gc_sessions() 
2025-03-24 09:43:20,881 2468 DEBUG odoo odoo.addons.base.models.ir_autovacuum: Calling ir.demo()._transient_vacuum() 
2025-03-24 09:43:20,885 2468 DEBUG odoo odoo.addons.base.models.ir_autovacuum: Calling ir.demo_failure()._transient_vacuum() 
2025-03-24 09:43:20,888 2468 DEBUG odoo odoo.addons.base.models.ir_autovacuum: Calling ir.demo_failure.wizard()._transient_vacuum() 
2025-03-24 09:43:20,893 2468 DEBUG odoo odoo.addons.base.models.ir_autovacuum: Calling ir.profile()._gc_profile() 
2025-03-24 09:43:20,897 2468 DEBUG odoo odoo.addons.base.models.ir_autovacuum: Calling base.enable.profiling.wizard()._transient_vacuum() 
2025-03-24 09:43:20,911 2468 DEBUG odoo odoo.addons.base.models.ir_autovacuum: Calling res.config()._transient_vacuum() 
2025-03-24 09:43:20,914 2468 DEBUG odoo odoo.addons.base.models.ir_autovacuum: Calling res.config.settings()._transient_vacuum() 
2025-03-24 09:43:20,932 2468 INFO odoo odoo.models.unlink: User #1 deleted res.config.settings records with IDs: [3] 
2025-03-24 09:43:20,936 2468 DEBUG odoo odoo.addons.base.models.ir_autovacuum: Calling res.users.log()._gc_user_logs() 
2025-03-24 09:43:20,936 2468 INFO odoo odoo.addons.base.models.res_users: GC'd 0 user log entries 
2025-03-24 09:43:20,939 2468 DEBUG odoo odoo.addons.base.models.ir_autovacuum: Calling res.users.identitycheck()._transient_vacuum() 
2025-03-24 09:43:20,939 2468 DEBUG odoo odoo.addons.base.models.ir_autovacuum: Calling change.password.wizard()._transient_vacuum() 
2025-03-24 09:43:20,939 2468 DEBUG odoo odoo.addons.base.models.ir_autovacuum: Calling change.password.user()._transient_vacuum() 
2025-03-24 09:43:20,949 2468 DEBUG odoo odoo.addons.base.models.ir_autovacuum: Calling change.password.own()._transient_vacuum() 
2025-03-24 09:43:20,952 2468 DEBUG odoo odoo.addons.base.models.ir_autovacuum: Calling res.users.apikeys()._gc_user_apikeys() 
2025-03-24 09:43:20,954 2468 INFO odoo odoo.addons.base.models.res_users: GC 'res.users.apikeys' delete 0 entries 
2025-03-24 09:43:20,954 2468 DEBUG odoo odoo.addons.base.models.ir_autovacuum: Calling res.users.apikeys.description()._transient_vacuum() 
2025-03-24 09:43:20,960 2468 DEBUG odoo odoo.addons.base.models.ir_autovacuum: Calling res.device.log()._gc_device_log() 
2025-03-24 09:43:20,962 2468 INFO odoo odoo.addons.base.models.res_device: GC device logs delete 1 entries 
2025-03-24 09:43:20,969 2468 DEBUG odoo odoo.addons.base.models.ir_autovacuum: Calling res.device()._gc_device_log() 
2025-03-24 09:43:20,970 2468 INFO odoo odoo.addons.base.models.res_device: GC device logs delete 0 entries 
2025-03-24 09:43:20,970 2468 DEBUG odoo odoo.addons.base.models.ir_autovacuum: Calling base.module.update()._transient_vacuum() 
2025-03-24 09:43:20,973 2468 DEBUG odoo odoo.addons.base.models.ir_autovacuum: Calling base.language.install()._transient_vacuum() 
2025-03-24 09:43:20,973 2468 INFO odoo odoo.models.unlink: User #1 deleted base.language.install records with IDs: [1] 
2025-03-24 09:43:20,986 2468 DEBUG odoo odoo.addons.base.models.ir_autovacuum: Calling base.language.import()._transient_vacuum() 
2025-03-24 09:43:20,988 2468 DEBUG odoo odoo.addons.base.models.ir_autovacuum: Calling base.module.upgrade()._transient_vacuum() 
2025-03-24 09:43:20,992 2468 DEBUG odoo odoo.addons.base.models.ir_autovacuum: Calling base.module.uninstall()._transient_vacuum() 
2025-03-24 09:43:20,992 2468 DEBUG odoo odoo.addons.base.models.ir_autovacuum: Calling base.language.export()._transient_vacuum() 
2025-03-24 09:43:20,992 2468 DEBUG odoo odoo.addons.base.models.ir_autovacuum: Calling base.partner.merge.line()._transient_vacuum() 
2025-03-24 09:43:21,002 2468 DEBUG odoo odoo.addons.base.models.ir_autovacuum: Calling base.partner.merge.automatic.wizard()._transient_vacuum() 
2025-03-24 09:43:21,009 2468 DEBUG odoo odoo.addons.base.models.ir_autovacuum: Calling base.document.layout()._transient_vacuum() 
2025-03-24 09:43:21,010 2468 DEBUG odoo odoo.addons.base.models.ir_autovacuum: Calling auth_totp.device()._gc_user_apikeys() 
2025-03-24 09:43:21,014 2468 INFO odoo odoo.addons.base.models.res_users: GC 'auth_totp.device' delete 0 entries 
2025-03-24 09:43:21,014 2468 DEBUG odoo odoo.addons.base.models.ir_autovacuum: Calling auth_totp.wizard()._transient_vacuum() 
2025-03-24 09:43:21,019 2468 DEBUG odoo odoo.addons.base.models.ir_autovacuum: Calling base_import.import()._transient_vacuum() 
2025-03-24 09:43:21,023 2468 DEBUG odoo odoo.addons.base.models.ir_autovacuum: Calling base.import.module()._transient_vacuum() 
2025-03-24 09:43:21,023 2468 DEBUG odoo odoo.addons.base.models.ir_autovacuum: Calling bus.bus()._gc_messages() 
2025-03-24 09:43:21,033 2468 INFO odoo odoo.models.unlink: User #1 deleted bus.bus records with IDs: [261, 262, 263, 264, 265, 266, 267, 268, 269, 270, 271, 272, 273, 274, 275, 276, 277, 278, 279, 280] 
2025-03-24 09:43:21,033 2468 DEBUG odoo odoo.addons.base.models.ir_autovacuum: Calling bus.presence()._gc_bus_presence() 
2025-03-24 09:43:21,042 2468 INFO odoo odoo.models.unlink: User #1 deleted bus.presence records with IDs: [1] 
2025-03-24 09:43:21,128 2468 DEBUG odoo odoo.addons.base.models.ir_autovacuum: Calling mail.activity()._gc_delete_old_overdue_activities() 
2025-03-24 09:43:21,144 2468 DEBUG odoo odoo.addons.base.models.ir_autovacuum: Calling mail.link.preview()._gc_mail_link_preview() 
2025-03-24 09:43:21,160 2468 DEBUG odoo odoo.addons.base.models.ir_autovacuum: Calling mail.message.translation()._gc_translations() 
2025-03-24 09:43:21,178 2468 DEBUG odoo odoo.addons.base.models.ir_autovacuum: Calling discuss.channel.member()._gc_unpin_outdated_sub_channels() 
2025-03-24 09:43:21,288 2468 DEBUG odoo odoo.addons.base.models.ir_autovacuum: Calling discuss.channel.rtc.session()._gc_inactive_sessions() 
2025-03-24 09:43:21,293 2468 DEBUG odoo odoo.addons.base.models.ir_autovacuum: Calling mail.blacklist.remove()._transient_vacuum() 
2025-03-24 09:43:21,293 2468 DEBUG odoo odoo.addons.base.models.ir_autovacuum: Calling mail.compose.message()._gc_lost_attachments() 
2025-03-24 09:43:21,293 2468 DEBUG odoo odoo.addons.base.models.ir_autovacuum: Calling mail.compose.message()._transient_vacuum() 
2025-03-24 09:43:21,310 2468 DEBUG odoo odoo.addons.base.models.ir_autovacuum: Calling mail.activity.schedule()._transient_vacuum() 
2025-03-24 09:43:21,310 2468 DEBUG odoo odoo.addons.base.models.ir_autovacuum: Calling mail.resend.message()._transient_vacuum() 
2025-03-24 09:43:21,310 2468 DEBUG odoo odoo.addons.base.models.ir_autovacuum: Calling mail.resend.partner()._transient_vacuum() 
2025-03-24 09:43:21,310 2468 DEBUG odoo odoo.addons.base.models.ir_autovacuum: Calling mail.template.preview()._transient_vacuum() 
2025-03-24 09:43:21,310 2468 DEBUG odoo odoo.addons.base.models.ir_autovacuum: Calling mail.template.reset()._transient_vacuum() 
2025-03-24 09:43:21,326 2468 DEBUG odoo odoo.addons.base.models.ir_autovacuum: Calling mail.wizard.invite()._transient_vacuum() 
2025-03-24 09:43:21,326 2468 DEBUG odoo odoo.addons.base.models.ir_autovacuum: Calling base.module.install.request()._transient_vacuum() 
2025-03-24 09:43:21,326 2468 DEBUG odoo odoo.addons.base.models.ir_autovacuum: Calling base.module.install.review()._transient_vacuum() 
2025-03-24 09:43:21,341 2468 DEBUG odoo odoo.addons.base.models.ir_autovacuum: Calling calendar.provider.config()._transient_vacuum() 
2025-03-24 09:43:21,341 2468 DEBUG odoo odoo.addons.base.models.ir_autovacuum: Calling calendar.popover.delete.wizard()._transient_vacuum() 
2025-03-24 09:43:21,341 2468 DEBUG odoo odoo.addons.base.models.ir_autovacuum: Calling phone.blacklist.remove()._transient_vacuum() 
2025-03-24 09:43:21,357 2468 DEBUG odoo odoo.addons.base.models.ir_autovacuum: Calling privacy.lookup.wizard()._transient_vacuum() 
2025-03-24 09:43:21,362 2468 DEBUG odoo odoo.addons.base.models.ir_autovacuum: Calling privacy.lookup.wizard.line()._transient_vacuum() 
2025-03-24 09:43:21,371 2468 DEBUG odoo odoo.addons.base.models.ir_autovacuum: Calling portal.share()._transient_vacuum() 
2025-03-24 09:43:21,371 2468 DEBUG odoo odoo.addons.base.models.ir_autovacuum: Calling portal.wizard()._transient_vacuum() 
2025-03-24 09:43:21,371 2468 DEBUG odoo odoo.addons.base.models.ir_autovacuum: Calling portal.wizard.user()._transient_vacuum() 
2025-03-24 09:43:21,386 2468 DEBUG odoo odoo.addons.base.models.ir_autovacuum: Calling sms.sms()._gc_device() 
2025-03-24 09:43:21,386 2468 INFO odoo odoo.addons.sms.models.sms_sms: GC'd 0 sms marked for deletion 
2025-03-24 09:43:21,386 2468 DEBUG odoo odoo.addons.base.models.ir_autovacuum: Calling sms.account.code()._transient_vacuum() 
2025-03-24 09:43:21,402 2468 DEBUG odoo odoo.addons.base.models.ir_autovacuum: Calling sms.account.phone()._transient_vacuum() 
2025-03-24 09:43:21,406 2468 DEBUG odoo odoo.addons.base.models.ir_autovacuum: Calling sms.account.sender()._transient_vacuum() 
2025-03-24 09:43:21,410 2468 DEBUG odoo odoo.addons.base.models.ir_autovacuum: Calling sms.composer()._transient_vacuum() 
2025-03-24 09:43:21,415 2468 DEBUG odoo odoo.addons.base.models.ir_autovacuum: Calling sms.resend.recipient()._transient_vacuum() 
2025-03-24 09:43:21,419 2468 DEBUG odoo odoo.addons.base.models.ir_autovacuum: Calling sms.resend()._transient_vacuum() 
2025-03-24 09:43:21,419 2468 DEBUG odoo odoo.addons.base.models.ir_autovacuum: Calling sms.template.preview()._transient_vacuum() 
2025-03-24 09:43:21,430 2468 DEBUG odoo odoo.addons.base.models.ir_autovacuum: Calling sms.template.reset()._transient_vacuum() 
2025-03-24 09:43:21,436 2468 DEBUG odoo odoo.addons.base.models.ir_autovacuum: Calling snailmail.letter.format.error()._transient_vacuum() 
2025-03-24 09:43:21,440 2468 DEBUG odoo odoo.addons.base.models.ir_autovacuum: Calling snailmail.letter.missing.required.fields()._transient_vacuum() 
2025-03-24 09:43:21,440 2468 DEBUG odoo odoo.addons.base.models.ir_autovacuum: Calling crm.lead.lost()._transient_vacuum() 
2025-03-24 09:43:21,456 2468 DEBUG odoo odoo.addons.base.models.ir_autovacuum: Calling crm.lead2opportunity.partner()._transient_vacuum() 
2025-03-24 09:43:21,456 2468 DEBUG odoo odoo.addons.base.models.ir_autovacuum: Calling crm.lead2opportunity.partner.mass()._transient_vacuum() 
2025-03-24 09:43:21,472 2468 DEBUG odoo odoo.addons.base.models.ir_autovacuum: Calling crm.merge.opportunity()._transient_vacuum() 
2025-03-24 09:43:21,472 2468 DEBUG odoo odoo.addons.base.models.ir_autovacuum: Calling crm.lead.pls.update()._transient_vacuum() 
2025-03-24 09:43:21,488 2468 DEBUG odoo odoo.addons.base.models.ir_autovacuum: Calling hr.departure.wizard()._transient_vacuum() 
2025-03-24 09:43:21,517 2468 DEBUG odoo odoo.addons.base.models.ir_autovacuum: Calling hr.holidays.cancel.leave()._transient_vacuum() 
2025-03-24 09:43:21,521 2468 DEBUG odoo odoo.addons.base.models.ir_autovacuum: Calling hr.holidays.summary.employee()._transient_vacuum() 
2025-03-24 09:43:21,525 2468 DEBUG odoo odoo.addons.base.models.ir_autovacuum: Calling hr.leave.generate.multi.wizard()._transient_vacuum() 
2025-03-24 09:43:21,527 2468 DEBUG odoo odoo.addons.base.models.ir_autovacuum: Calling hr.leave.allocation.generate.multi.wizard()._transient_vacuum() 
2025-03-24 09:43:21,534 2468 DEBUG odoo odoo.addons.base.models.ir_autovacuum: Calling hr.employee.cv.wizard()._transient_vacuum() 
2025-03-24 09:43:21,539 2468 INFO odoo odoo.addons.base.models.ir_cron: Job 'Base: Auto-vacuum internal data' (1) done in 0.804s 
2025-03-24 09:43:21,539 2468 DEBUG odoo odoo.addons.base.models.ir_cron: Job 'Base: Auto-vacuum internal data' (1) server action #35 with uid 1 executed in 0.804s 
2025-03-24 09:43:21,542 2468 INFO odoo odoo.addons.base.models.ir_cron: Job 'Base: Auto-vacuum internal data' (1) processed 0 records, 0 records remaining 
2025-03-24 09:43:21,557 2468 INFO odoo odoo.addons.base.models.ir_cron: Job 'Base: Auto-vacuum internal data' (1) completed 
2025-03-24 09:43:21,559 2468 DEBUG odoo odoo.addons.base.models.ir_cron: job 1 updated and released 
2025-03-24 09:43:21,560 2468 DEBUG odoo odoo.addons.base.models.ir_cron: job 5 acquired 
2025-03-24 09:43:21,566 2468 DEBUG odoo odoo.addons.base.models.ir_cron: cron.object.execute('odoo', 1, '*', 'Notification: Delete Notifications older than 6 Month', 125) 
2025-03-24 09:43:21,567 2468 INFO odoo odoo.addons.base.models.ir_cron: Job 'Notification: Delete Notifications older than 6 Month' (5) starting 
2025-03-24 09:43:21,586 2468 INFO odoo odoo.addons.base.models.ir_cron: Job 'Notification: Delete Notifications older than 6 Month' (5) done in 0.018s 
2025-03-24 09:43:21,586 2468 DEBUG odoo odoo.addons.base.models.ir_cron: Job 'Notification: Delete Notifications older than 6 Month' (5) server action #125 with uid 1 executed in 0.018s 
2025-03-24 09:43:21,589 2468 INFO odoo odoo.addons.base.models.ir_cron: Job 'Notification: Delete Notifications older than 6 Month' (5) processed 0 records, 0 records remaining 
2025-03-24 09:43:21,596 2468 INFO odoo odoo.addons.base.models.ir_cron: Job 'Notification: Delete Notifications older than 6 Month' (5) completed 
2025-03-24 09:43:21,597 2468 DEBUG odoo odoo.addons.base.models.ir_cron: job 5 updated and released 
2025-03-24 09:43:21,597 2468 DEBUG odoo odoo.addons.base.models.ir_cron: job 7 acquired 
2025-03-24 09:43:21,604 2468 DEBUG odoo odoo.addons.base.models.ir_cron: cron.object.execute('odoo', 1, '*', 'Mail: Post scheduled messages', 127) 
2025-03-24 09:43:21,604 2468 INFO odoo odoo.addons.base.models.ir_cron: Job 'Mail: Post scheduled messages' (7) starting 
2025-03-24 09:43:21,611 2468 INFO odoo odoo.addons.mail.models.mail_scheduled_message: Posting 0 scheduled messages 
2025-03-24 09:43:21,612 2468 INFO odoo odoo.addons.base.models.ir_cron: Job 'Mail: Post scheduled messages' (7) done in 0.008s 
2025-03-24 09:43:21,612 2468 DEBUG odoo odoo.addons.base.models.ir_cron: Job 'Mail: Post scheduled messages' (7) server action #127 with uid 1 executed in 0.008s 
2025-03-24 09:43:21,615 2468 INFO odoo odoo.addons.base.models.ir_cron: Job 'Mail: Post scheduled messages' (7) processed 0 records, 0 records remaining 
2025-03-24 09:43:21,627 2468 INFO odoo odoo.addons.base.models.ir_cron: Job 'Mail: Post scheduled messages' (7) completed 
2025-03-24 09:43:21,629 2468 DEBUG odoo odoo.addons.base.models.ir_cron: job 7 updated and released 
2025-03-24 09:43:21,631 2468 DEBUG odoo odoo.addons.base.models.ir_cron: job 8 acquired 
2025-03-24 09:43:21,642 2468 DEBUG odoo odoo.addons.base.models.ir_cron: cron.object.execute('odoo', 1, '*', 'Notification: Notify scheduled messages', 128) 
2025-03-24 09:43:21,642 2468 INFO odoo odoo.addons.base.models.ir_cron: Job 'Notification: Notify scheduled messages' (8) starting 
2025-03-24 09:43:21,654 2468 INFO odoo odoo.addons.mail.models.mail_message_schedule: Send 1 scheduled messages 
2025-03-24 09:43:21,667 2468 DEBUG ? odoo.service.server: cron1 polling for jobs 
2025-03-24 09:43:21,689 2468 DEBUG odoo odoo.addons.base.models.ir_cron: another worker is processing job 8, skip 
2025-03-24 09:43:21,690 2468 DEBUG odoo odoo.addons.base.models.ir_cron: job 9 acquired 
2025-03-24 09:43:21,715 2468 DEBUG odoo odoo.modules.registry: Invalidating default model caches from unlink C:\odoo\odoo\odoo\addons\base\models\ir_model.py:2291 
2025-03-24 09:43:21,723 2468 INFO odoo odoo.models.unlink: User #1 deleted ir.model.data records with IDs: [25965] 
2025-03-24 09:43:21,723 2468 INFO odoo odoo.models.unlink: User #1 deleted mail.message.schedule records with IDs: [1] 
2025-03-24 09:43:21,724 2468 INFO odoo odoo.addons.base.models.ir_cron: Job 'Notification: Notify scheduled messages' (8) done in 0.081s 
2025-03-24 09:43:21,724 2468 DEBUG odoo odoo.addons.base.models.ir_cron: Job 'Notification: Notify scheduled messages' (8) server action #128 with uid 1 executed in 0.081s 
2025-03-24 09:43:21,724 2468 INFO odoo odoo.modules.registry: Caches invalidated, signaling through the database: ['default'] 
2025-03-24 09:43:21,997 2468 DEBUG odoo odoo.addons.base.models.ir_cron: cron.object.execute('odoo', 1, '*', 'Mail: send web push notification', 129) 
2025-03-24 09:43:21,997 2468 INFO odoo odoo.addons.base.models.ir_cron: Job 'Notification: Notify scheduled messages' (8) processed 0 records, 0 records remaining 
2025-03-24 09:43:21,997 2468 INFO odoo odoo.addons.base.models.ir_cron: Job 'Mail: send web push notification' (9) starting 
2025-03-24 09:43:22,013 2468 INFO odoo odoo.addons.base.models.ir_cron: Job 'Notification: Notify scheduled messages' (8) completed 
2025-03-24 09:43:22,013 2468 DEBUG odoo odoo.addons.base.models.ir_cron: job 8 updated and released 
2025-03-24 09:43:22,018 2468 DEBUG odoo odoo.addons.base.models.ir_cron: another worker is processing job 9, skip 
2025-03-24 09:43:22,018 2468 DEBUG odoo odoo.addons.base.models.ir_cron: job 10 acquired 
2025-03-24 09:43:22,021 2468 INFO odoo odoo.addons.base.models.ir_cron: Job 'Mail: send web push notification' (9) done in 0.024s 
2025-03-24 09:43:22,021 2468 DEBUG odoo odoo.addons.base.models.ir_cron: Job 'Mail: send web push notification' (9) server action #129 with uid 1 executed in 0.024s 
2025-03-24 09:43:22,029 2468 INFO odoo odoo.addons.base.models.ir_cron: Job 'Mail: send web push notification' (9) processed 0 records, 0 records remaining 
2025-03-24 09:43:22,035 2468 DEBUG odoo odoo.addons.base.models.ir_cron: cron.object.execute('odoo', 1, '*', 'Discuss: channel member unmute', 130) 
2025-03-24 09:43:22,035 2468 INFO odoo odoo.addons.base.models.ir_cron: Job 'Discuss: channel member unmute' (10) starting 
2025-03-24 09:43:22,051 2468 INFO odoo odoo.addons.base.models.ir_cron: Job 'Discuss: channel member unmute' (10) done in 0.016s 
2025-03-24 09:43:22,051 2468 DEBUG odoo odoo.addons.base.models.ir_cron: Job 'Discuss: channel member unmute' (10) server action #130 with uid 1 executed in 0.016s 
2025-03-24 09:43:22,055 2468 INFO odoo odoo.addons.base.models.ir_cron: Job 'Discuss: channel member unmute' (10) processed 0 records, 0 records remaining 
2025-03-24 09:43:22,060 2468 INFO odoo odoo.addons.base.models.ir_cron: Job 'Mail: send web push notification' (9) completed 
2025-03-24 09:43:22,065 2468 INFO odoo odoo.addons.base.models.ir_cron: Job 'Discuss: channel member unmute' (10) completed 
2025-03-24 09:43:22,066 2468 DEBUG odoo odoo.addons.base.models.ir_cron: job 9 updated and released 
2025-03-24 09:43:22,066 2468 DEBUG odoo odoo.addons.base.models.ir_cron: job 10 updated and released 
2025-03-24 09:43:22,067 2468 DEBUG odoo odoo.addons.base.models.ir_cron: job 11 acquired 
2025-03-24 09:43:22,077 2468 DEBUG odoo odoo.addons.base.models.ir_cron: job 10 has been processed by another worker, skip 
2025-03-24 09:43:22,077 2468 DEBUG odoo odoo.addons.base.models.ir_cron: another worker is processing job 11, skip 
2025-03-24 09:43:22,080 2468 DEBUG odoo odoo.addons.base.models.ir_cron: cron.object.execute('odoo', 1, '*', 'Discuss: users settings unmute', 131) 
2025-03-24 09:43:22,080 2468 INFO odoo odoo.addons.base.models.ir_cron: Job 'Discuss: users settings unmute' (11) starting 
2025-03-24 09:43:22,080 2468 DEBUG odoo odoo.addons.base.models.ir_cron: job 14 acquired 
2025-03-24 09:43:22,091 2468 DEBUG odoo odoo.addons.base.models.ir_cron: cron.object.execute('odoo', 1, '*', 'SMS: SMS Queue Manager', 161) 
2025-03-24 09:43:22,091 2468 INFO odoo odoo.addons.base.models.ir_cron: Job 'SMS: SMS Queue Manager' (14) starting 
2025-03-24 09:43:22,097 2468 INFO odoo odoo.addons.base.models.ir_cron: Job 'Discuss: users settings unmute' (11) done in 0.017s 
2025-03-24 09:43:22,097 2468 DEBUG odoo odoo.addons.base.models.ir_cron: Job 'Discuss: users settings unmute' (11) server action #131 with uid 1 executed in 0.017s 
2025-03-24 09:43:22,100 2468 INFO odoo odoo.addons.base.models.ir_cron: Job 'Discuss: users settings unmute' (11) processed 0 records, 0 records remaining 
2025-03-24 09:43:22,108 2468 INFO odoo odoo.addons.base.models.ir_cron: Job 'SMS: SMS Queue Manager' (14) done in 0.016s 
2025-03-24 09:43:22,109 2468 DEBUG odoo odoo.addons.base.models.ir_cron: Job 'SMS: SMS Queue Manager' (14) server action #161 with uid 1 executed in 0.016s 
2025-03-24 09:43:22,115 2468 INFO odoo odoo.addons.base.models.ir_cron: Job 'Discuss: users settings unmute' (11) completed 
2025-03-24 09:43:22,117 2468 INFO odoo odoo.addons.base.models.ir_cron: Job 'SMS: SMS Queue Manager' (14) processed 0 records, 0 records remaining 
2025-03-24 09:43:22,123 2468 DEBUG odoo odoo.addons.base.models.ir_cron: job 11 updated and released 
2025-03-24 09:43:22,124 2468 DEBUG odoo odoo.addons.base.models.ir_cron: another worker is processing job 14, skip 
2025-03-24 09:43:22,124 2468 INFO odoo odoo.addons.base.models.ir_cron: Job 'SMS: SMS Queue Manager' (14) completed 
2025-03-24 09:43:22,124 2468 DEBUG odoo odoo.addons.base.models.ir_cron: job 15 acquired 
2025-03-24 09:43:22,128 2468 DEBUG odoo odoo.addons.base.models.ir_cron: job 14 updated and released 
2025-03-24 09:43:22,128 2468 DEBUG odoo odoo.addons.base.models.ir_cron: another worker is processing job 15, skip 
2025-03-24 09:43:22,128 2468 DEBUG odoo odoo.addons.base.models.ir_cron: job 16 acquired 
2025-03-24 09:43:22,131 2468 DEBUG odoo odoo.addons.base.models.ir_cron: cron.object.execute('odoo', 1, '*', 'Snailmail: process letters queue', 171) 
2025-03-24 09:43:22,131 2468 INFO odoo odoo.addons.base.models.ir_cron: Job 'Snailmail: process letters queue' (15) starting 
2025-03-24 09:43:22,139 2468 DEBUG odoo odoo.addons.base.models.ir_cron: cron.object.execute('odoo', 1, '*', 'Digest Emails', 175) 
2025-03-24 09:43:22,139 2468 INFO odoo odoo.addons.base.models.ir_cron: Job 'Digest Emails' (16) starting 
2025-03-24 09:43:22,144 2468 INFO odoo odoo.addons.base.models.ir_cron: Job 'Snailmail: process letters queue' (15) done in 0.013s 
2025-03-24 09:43:22,144 2468 DEBUG odoo odoo.addons.base.models.ir_cron: Job 'Snailmail: process letters queue' (15) server action #171 with uid 1 executed in 0.013s 
2025-03-24 09:43:22,147 2468 INFO odoo odoo.addons.base.models.ir_cron: Job 'Digest Emails' (16) done in 0.007s 
2025-03-24 09:43:22,147 2468 DEBUG odoo odoo.addons.base.models.ir_cron: Job 'Digest Emails' (16) server action #175 with uid 1 executed in 0.007s 
2025-03-24 09:43:22,147 2468 INFO odoo odoo.addons.base.models.ir_cron: Job 'Snailmail: process letters queue' (15) processed 0 records, 0 records remaining 
2025-03-24 09:43:22,160 2468 INFO odoo odoo.addons.base.models.ir_cron: Job 'Digest Emails' (16) processed 0 records, 0 records remaining 
2025-03-24 09:43:22,169 2468 INFO odoo odoo.addons.base.models.ir_cron: Job 'Snailmail: process letters queue' (15) completed 
2025-03-24 09:43:22,169 2468 INFO odoo odoo.addons.base.models.ir_cron: Job 'Digest Emails' (16) completed 
2025-03-24 09:43:22,171 2468 DEBUG odoo odoo.addons.base.models.ir_cron: job 15 updated and released 
2025-03-24 09:43:22,171 2468 DEBUG odoo odoo.addons.base.models.ir_cron: job 16 updated and released 
2025-03-24 09:43:22,171 2468 DEBUG odoo odoo.addons.base.models.ir_cron: job 17 acquired 
2025-03-24 09:43:22,171 2468 DEBUG odoo odoo.addons.base.models.ir_cron: job 16 has been processed by another worker, skip 
2025-03-24 09:43:22,180 2468 DEBUG odoo odoo.addons.base.models.ir_cron: another worker is processing job 17, skip 
2025-03-24 09:43:22,180 2468 DEBUG odoo odoo.addons.base.models.ir_cron: job 18 acquired 
2025-03-24 09:43:22,187 2468 DEBUG odoo odoo.addons.base.models.ir_cron: cron.object.execute('odoo', 1, '*', 'HR Employee: check work permit validity', 194) 
2025-03-24 09:43:22,187 2468 INFO odoo odoo.addons.base.models.ir_cron: Job 'HR Employee: check work permit validity' (17) starting 
2025-03-24 09:43:22,201 2468 DEBUG odoo odoo.addons.base.models.ir_cron: cron.object.execute('odoo', 1, '*', 'Calendar: Event Reminder', 229) 
2025-03-24 09:43:22,201 2468 INFO odoo odoo.addons.base.models.ir_cron: Job 'Calendar: Event Reminder' (18) starting 
2025-03-24 09:43:22,209 2468 INFO odoo odoo.addons.base.models.ir_cron: Job 'HR Employee: check work permit validity' (17) done in 0.022s 
2025-03-24 09:43:22,209 2468 DEBUG odoo odoo.addons.base.models.ir_cron: Job 'HR Employee: check work permit validity' (17) server action #194 with uid 1 executed in 0.022s 
2025-03-24 09:43:22,212 2468 INFO odoo odoo.addons.base.models.ir_cron: Job 'HR Employee: check work permit validity' (17) processed 0 records, 0 records remaining 
2025-03-24 09:43:22,225 2468 INFO odoo odoo.addons.base.models.ir_cron: Job 'HR Employee: check work permit validity' (17) completed 
2025-03-24 09:43:22,225 2468 DEBUG odoo odoo.addons.base.models.ir_cron: job 17 updated and released 
2025-03-24 09:43:22,225 2468 DEBUG odoo odoo.addons.base.models.ir_cron: another worker is processing job 18, skip 
2025-03-24 09:43:22,225 2468 INFO odoo odoo.addons.base.models.ir_cron: Job 'Calendar: Event Reminder' (18) done in 0.025s 
2025-03-24 09:43:22,225 2468 DEBUG odoo odoo.addons.base.models.ir_cron: Job 'Calendar: Event Reminder' (18) server action #229 with uid 1 executed in 0.025s 
2025-03-24 09:43:22,225 2468 DEBUG odoo odoo.addons.base.models.ir_cron: job 21 acquired 
2025-03-24 09:43:22,235 2468 INFO odoo odoo.addons.base.models.ir_cron: Job 'Calendar: Event Reminder' (18) processed 0 records, 0 records remaining 
2025-03-24 09:43:22,240 2468 DEBUG odoo odoo.addons.base.models.ir_cron: cron.object.execute('odoo', 1, '*', 'CRM: enrich leads (IAP)', 276) 
2025-03-24 09:43:22,243 2468 INFO odoo odoo.addons.base.models.ir_cron: Job 'CRM: enrich leads (IAP)' (21) starting 
2025-03-24 09:43:22,243 2468 INFO odoo odoo.addons.base.models.ir_cron: Job 'Calendar: Event Reminder' (18) completed 
2025-03-24 09:43:22,251 2468 DEBUG odoo odoo.addons.base.models.ir_cron: job 18 updated and released 
2025-03-24 09:43:22,251 2468 DEBUG odoo odoo.addons.base.models.ir_cron: another worker is processing job 21, skip 
2025-03-24 09:43:22,251 2468 DEBUG odoo odoo.addons.base.models.ir_cron: job 22 acquired 
2025-03-24 09:43:22,251 2468 DEBUG odoo odoo.addons.base.models.ir_cron: cron.object.execute('odoo', 1, '*', 'Attendance: Automatically check-out employees', 280) 
2025-03-24 09:43:22,251 2468 INFO odoo odoo.addons.base.models.ir_cron: Job 'Attendance: Automatically check-out employees' (22) starting 
2025-03-24 09:43:22,268 2468 INFO odoo odoo.addons.base.models.ir_cron: Job 'CRM: enrich leads (IAP)' (21) done in 0.025s 
2025-03-24 09:43:22,268 2468 DEBUG odoo odoo.addons.base.models.ir_cron: Job 'CRM: enrich leads (IAP)' (21) server action #276 with uid 1 executed in 0.025s 
2025-03-24 09:43:22,268 2468 INFO odoo odoo.addons.base.models.ir_cron: Job 'Attendance: Automatically check-out employees' (22) done in 0.017s 
2025-03-24 09:43:22,268 2468 DEBUG odoo odoo.addons.base.models.ir_cron: Job 'Attendance: Automatically check-out employees' (22) server action #280 with uid 1 executed in 0.017s 
2025-03-24 09:43:22,281 2468 INFO odoo odoo.addons.base.models.ir_cron: Job 'CRM: enrich leads (IAP)' (21) processed 0 records, 0 records remaining 
2025-03-24 09:43:22,283 2468 INFO odoo odoo.addons.base.models.ir_cron: Job 'Attendance: Automatically check-out employees' (22) processed 0 records, 0 records remaining 
2025-03-24 09:43:22,299 2468 INFO odoo odoo.addons.base.models.ir_cron: Job 'CRM: enrich leads (IAP)' (21) completed 
2025-03-24 09:43:22,301 2468 INFO odoo odoo.addons.base.models.ir_cron: Job 'Attendance: Automatically check-out employees' (22) completed 
2025-03-24 09:43:22,302 2468 DEBUG odoo odoo.addons.base.models.ir_cron: job 21 updated and released 
2025-03-24 09:43:22,303 2468 DEBUG odoo odoo.addons.base.models.ir_cron: another worker is processing job 22, skip 
2025-03-24 09:43:22,303 2468 DEBUG odoo odoo.addons.base.models.ir_cron: job 22 updated and released 
2025-03-24 09:43:22,303 2468 DEBUG odoo odoo.addons.base.models.ir_cron: job 23 acquired 
2025-03-24 09:43:22,304 2468 DEBUG odoo odoo.addons.base.models.ir_cron: another worker is processing job 23, skip 
2025-03-24 09:43:22,307 2468 DEBUG odoo odoo.addons.base.models.ir_cron: job 24 acquired 
2025-03-24 09:43:22,314 2468 DEBUG odoo odoo.addons.base.models.ir_cron: cron.object.execute('odoo', 1, '*', 'Attendance: Detect Absences for employees', 281) 
2025-03-24 09:43:22,314 2468 INFO odoo odoo.addons.base.models.ir_cron: Job 'Attendance: Detect Absences for employees' (23) starting 
2025-03-24 09:43:22,315 2468 DEBUG odoo odoo.addons.base.models.ir_cron: cron.object.execute('odoo', 1, '*', 'Accrual Time Off: Updates the number of time off', 293) 
2025-03-24 09:43:22,315 2468 INFO odoo odoo.addons.base.models.ir_cron: Job 'Accrual Time Off: Updates the number of time off' (24) starting 
2025-03-24 09:43:22,327 2468 INFO odoo odoo.addons.base.models.ir_cron: Job 'Attendance: Detect Absences for employees' (23) done in 0.013s 
2025-03-24 09:43:22,327 2468 DEBUG odoo odoo.addons.base.models.ir_cron: Job 'Attendance: Detect Absences for employees' (23) server action #281 with uid 1 executed in 0.013s 
2025-03-24 09:43:22,338 2468 INFO odoo odoo.addons.base.models.ir_cron: Job 'Attendance: Detect Absences for employees' (23) processed 0 records, 0 records remaining 
2025-03-24 09:43:22,346 2468 INFO odoo odoo.addons.base.models.ir_cron: Job 'Attendance: Detect Absences for employees' (23) completed 
2025-03-24 09:43:22,346 2468 DEBUG odoo odoo.addons.base.models.ir_cron: job 23 updated and released 
2025-03-24 09:43:22,346 2468 DEBUG odoo odoo.addons.base.models.ir_cron: another worker is processing job 24, skip 
2025-03-24 09:43:22,350 2468 DEBUG odoo odoo.addons.base.models.ir_cron: job 25 acquired 
2025-03-24 09:43:22,350 2468 INFO odoo odoo.addons.base.models.ir_cron: Job 'Accrual Time Off: Updates the number of time off' (24) done in 0.036s 
2025-03-24 09:43:22,350 2468 DEBUG odoo odoo.addons.base.models.ir_cron: Job 'Accrual Time Off: Updates the number of time off' (24) server action #293 with uid 1 executed in 0.036s 
2025-03-24 09:43:22,350 2468 INFO odoo odoo.addons.base.models.ir_cron: Job 'Accrual Time Off: Updates the number of time off' (24) processed 0 records, 0 records remaining 
2025-03-24 09:43:22,359 2468 DEBUG odoo odoo.addons.base.models.ir_cron: cron.object.execute('odoo', 1, '*', 'Time Off: Cancel invalid leaves', 294) 
2025-03-24 09:43:22,359 2468 INFO odoo odoo.addons.base.models.ir_cron: Job 'Time Off: Cancel invalid leaves' (25) starting 
2025-03-24 09:43:22,370 2468 INFO odoo odoo.addons.base.models.ir_cron: Job 'Accrual Time Off: Updates the number of time off' (24) completed 
2025-03-24 09:43:22,372 2468 DEBUG odoo odoo.addons.base.models.ir_cron: job 24 updated and released 
2025-03-24 09:43:22,372 2468 DEBUG odoo odoo.addons.base.models.ir_cron: another worker is processing job 25, skip 
2025-03-24 09:43:22,372 2468 DEBUG odoo odoo.addons.base.models.ir_cron: job 3 acquired 
2025-03-24 09:43:22,384 2468 DEBUG odoo odoo.addons.base.models.ir_cron: cron.object.execute('odoo', 1, '*', 'Mail: Email Queue Manager', 123) 
2025-03-24 09:43:22,384 2468 INFO odoo odoo.addons.base.models.ir_cron: Job 'Mail: Email Queue Manager' (3) starting 
2025-03-24 09:43:22,387 2468 INFO odoo odoo.addons.base.models.ir_cron: Job 'Time Off: Cancel invalid leaves' (25) done in 0.028s 
2025-03-24 09:43:22,389 2468 DEBUG odoo odoo.addons.base.models.ir_cron: Job 'Time Off: Cancel invalid leaves' (25) server action #294 with uid 1 executed in 0.028s 
2025-03-24 09:43:22,393 2468 INFO odoo odoo.addons.base.models.ir_cron: Job 'Time Off: Cancel invalid leaves' (25) processed 0 records, 0 records remaining 
2025-03-24 09:43:22,398 2468 INFO odoo odoo.addons.base.models.ir_cron: Job 'Mail: Email Queue Manager' (3) done in 0.014s 
2025-03-24 09:43:22,398 2468 DEBUG odoo odoo.addons.base.models.ir_cron: Job 'Mail: Email Queue Manager' (3) server action #123 with uid 1 executed in 0.014s 
2025-03-24 09:43:22,398 2468 INFO odoo odoo.addons.base.models.ir_cron: Job 'Time Off: Cancel invalid leaves' (25) completed 
2025-03-24 09:43:22,398 2468 DEBUG odoo odoo.addons.base.models.ir_cron: job 25 updated and released 
2025-03-24 09:43:22,398 2468 INFO odoo odoo.addons.base.models.ir_cron: Job 'Mail: Email Queue Manager' (3) processed 0 records, 0 records remaining 
2025-03-24 09:43:22,407 2468 DEBUG odoo odoo.addons.base.models.ir_cron: another worker is processing job 3, skip 
2025-03-24 09:43:22,412 2468 DEBUG odoo odoo.addons.base.models.ir_cron: job 12 acquired 
2025-03-24 09:43:22,417 2468 INFO odoo odoo.addons.base.models.ir_cron: Job 'Mail: Email Queue Manager' (3) completed 
2025-03-24 09:43:22,417 2468 DEBUG odoo odoo.addons.base.models.ir_cron: job 3 updated and released 
2025-03-24 09:43:22,417 2468 DEBUG odoo odoo.addons.base.models.ir_cron: another worker is processing job 12, skip 
2025-03-24 09:43:22,417 2468 DEBUG odoo odoo.addons.base.models.ir_cron: cron.object.execute('odoo', 1, '*', 'Users: Notify About Unregistered Users', 143) 
2025-03-24 09:43:22,417 2468 INFO odoo odoo.addons.base.models.ir_cron: Job 'Users: Notify About Unregistered Users' (12) starting 
2025-03-24 09:43:22,417 2468 DEBUG odoo odoo.addons.base.models.ir_cron: job 13 acquired 
2025-03-24 09:43:22,429 2468 DEBUG odoo odoo.addons.base.models.ir_cron: cron.object.execute('odoo', 1, '*', 'Partner Autocomplete: Sync with remote DB', 157) 
2025-03-24 09:43:22,429 2468 INFO odoo odoo.addons.base.models.ir_cron: Job 'Partner Autocomplete: Sync with remote DB' (13) starting 
2025-03-24 09:43:22,429 2468 INFO odoo odoo.addons.base.models.ir_cron: Job 'Users: Notify About Unregistered Users' (12) done in 0.012s 
2025-03-24 09:43:22,429 2468 DEBUG odoo odoo.addons.base.models.ir_cron: Job 'Users: Notify About Unregistered Users' (12) server action #143 with uid 1 executed in 0.012s 
2025-03-24 09:43:22,443 2468 INFO odoo odoo.addons.base.models.ir_cron: Job 'Users: Notify About Unregistered Users' (12) processed 0 records, 0 records remaining 
2025-03-24 09:43:22,452 2468 INFO odoo odoo.addons.base.models.ir_cron: Job 'Partner Autocomplete: Sync with remote DB' (13) done in 0.024s 
2025-03-24 09:43:22,452 2468 DEBUG odoo odoo.addons.base.models.ir_cron: Job 'Partner Autocomplete: Sync with remote DB' (13) server action #157 with uid 1 executed in 0.024s 
2025-03-24 09:43:22,454 2468 INFO odoo odoo.addons.base.models.ir_cron: Job 'Users: Notify About Unregistered Users' (12) completed 
2025-03-24 09:43:22,454 2468 INFO odoo odoo.addons.base.models.ir_cron: Job 'Partner Autocomplete: Sync with remote DB' (13) processed 0 records, 0 records remaining 
2025-03-24 09:43:22,458 2468 DEBUG odoo odoo.addons.base.models.ir_cron: job 12 updated and released 
2025-03-24 09:43:22,460 2468 DEBUG odoo odoo.addons.base.models.ir_cron: another worker is processing job 13, skip 
2025-03-24 09:43:22,460 2468 DEBUG odoo odoo.addons.base.models.ir_cron: job 2 acquired 
2025-03-24 09:43:22,460 2468 INFO odoo odoo.addons.base.models.ir_cron: Job 'Partner Autocomplete: Sync with remote DB' (13) completed 
2025-03-24 09:43:22,466 2468 DEBUG odoo odoo.addons.base.models.ir_cron: job 13 updated and released 
2025-03-24 09:43:22,466 2468 DEBUG odoo odoo.addons.base.models.ir_cron: another worker is processing job 2, skip 
2025-03-24 09:43:22,466 2468 DEBUG odoo odoo.addons.base.models.ir_cron: cron.object.execute('odoo', 1, '*', 'Base: Portal Users Deletion', 36) 
2025-03-24 09:43:22,466 2468 INFO odoo odoo.addons.base.models.ir_cron: Job 'Base: Portal Users Deletion' (2) starting 
2025-03-24 09:43:22,478 2468 INFO odoo odoo.addons.base.models.ir_cron: Job 'Base: Portal Users Deletion' (2) done in 0.011s 
2025-03-24 09:43:22,478 2468 DEBUG odoo odoo.addons.base.models.ir_cron: Job 'Base: Portal Users Deletion' (2) server action #36 with uid 1 executed in 0.011s 
2025-03-24 09:43:22,478 2468 INFO odoo odoo.addons.base.models.ir_cron: Job 'Base: Portal Users Deletion' (2) processed 0 records, 0 records remaining 
2025-03-24 09:43:22,492 2468 INFO odoo odoo.addons.base.models.ir_cron: Job 'Base: Portal Users Deletion' (2) completed 
2025-03-24 09:43:22,492 2468 DEBUG odoo odoo.addons.base.models.ir_cron: job 2 updated and released 
2025-03-24 09:44:22,474 2468 DEBUG ? odoo.service.server: cron0 polling for jobs 
2025-03-24 09:44:23,514 2468 DEBUG ? odoo.service.server: cron1 polling for jobs 
2025-03-24 09:44:51,619 2468 DEBUG ? odoo.tools._vendor.sessions: Could not load session from disk. Use empty session. 
Traceback (most recent call last):
  File "C:\odoo\odoo\odoo\tools\_vendor\sessions.py", line 216, in get
    f = open(self.get_session_filename(sid), "r", encoding="utf-8")
        ^^^^^^^^^^^^^^^^^^^^^^^^^^^^^^^^^^^^^^^^^^^^^^^^^^^^^^^^^^^
FileNotFoundError: [Errno 2] No such file or directory: 'c:\\users\\georg\\appdata\\local\\openerp s.a\\odoo\\sessions\\06\\067kuuTCGTZhZ9XD9ocJnffllqhf8VvWKjx9yEJRzZTcii8PKjD4_MVY2YJjxKV-iKna2js7178JMgZX76HC'
2025-03-24 09:44:51,630 2468 INFO odoo odoo.addons.base.models.res_users: Login failed for db:odoo login:georges@lopezrascol.com from 127.0.0.1 
2025-03-24 09:44:51,792 2468 INFO odoo werkzeug: 127.0.0.1 - - [24/Mar/2025 09:44:51] "POST /web/login HTTP/1.1" 200 - 31 0.031 0.143
2025-03-24 09:44:51,820 2468 DEBUG ? odoo.tools._vendor.sessions: Could not load session from disk. Use empty session. 
Traceback (most recent call last):
  File "C:\odoo\odoo\odoo\tools\_vendor\sessions.py", line 216, in get
    f = open(self.get_session_filename(sid), "r", encoding="utf-8")
        ^^^^^^^^^^^^^^^^^^^^^^^^^^^^^^^^^^^^^^^^^^^^^^^^^^^^^^^^^^^
FileNotFoundError: [Errno 2] No such file or directory: 'c:\\users\\georg\\appdata\\local\\openerp s.a\\odoo\\sessions\\06\\067kuuTCGTZhZ9XD9ocJnffllqhf8VvWKjx9yEJRzZTcii8PKjD4_MVY2YJjxKV-iKna2js7178JMgZX76HC'
2025-03-24 09:44:51,829 2468 INFO odoo werkzeug: 127.0.0.1 - - [24/Mar/2025 09:44:51] "GET /web/binary/company_logo HTTP/1.1" 304 - 2 0.001 0.008
2025-03-24 09:44:51,974 2468 DEBUG ? odoo.tools._vendor.sessions: Could not load session from disk. Use empty session. 
Traceback (most recent call last):
  File "C:\odoo\odoo\odoo\tools\_vendor\sessions.py", line 216, in get
    f = open(self.get_session_filename(sid), "r", encoding="utf-8")
        ^^^^^^^^^^^^^^^^^^^^^^^^^^^^^^^^^^^^^^^^^^^^^^^^^^^^^^^^^^^
FileNotFoundError: [Errno 2] No such file or directory: 'c:\\users\\georg\\appdata\\local\\openerp s.a\\odoo\\sessions\\06\\067kuuTCGTZhZ9XD9ocJnffllqhf8VvWKjx9yEJRzZTcii8PKjD4_MVY2YJjxKV-iKna2js7178JMgZX76HC'
2025-03-24 09:44:51,981 2468 DEBUG odoo odoo.addons.http_routing.models.ir_http: '/website/translations/61425db74b77e166540ff2e0d9fcd57495daa552' (lang: 'fr') missing lang in url, redirect 
2025-03-24 09:44:51,982 2468 INFO odoo werkzeug: 127.0.0.1 - - [24/Mar/2025 09:44:51] "GET /website/translations/61425db74b77e166540ff2e0d9fcd57495daa552 HTTP/1.1" 303 - 5 0.001 0.008
2025-03-24 09:45:04,200 2468 DEBUG ? odoo.tools._vendor.sessions: Could not load session from disk. Use empty session. 
Traceback (most recent call last):
  File "C:\odoo\odoo\odoo\tools\_vendor\sessions.py", line 216, in get
    f = open(self.get_session_filename(sid), "r", encoding="utf-8")
        ^^^^^^^^^^^^^^^^^^^^^^^^^^^^^^^^^^^^^^^^^^^^^^^^^^^^^^^^^^^
FileNotFoundError: [Errno 2] No such file or directory: 'c:\\users\\georg\\appdata\\local\\openerp s.a\\odoo\\sessions\\06\\067kuuTCGTZhZ9XD9ocJnffllqhf8VvWKjx9yEJRzZTcii8PKjD4_MVY2YJjxKV-iKna2js7178JMgZX76HC'
2025-03-24 09:45:04,208 2468 INFO odoo odoo.addons.base.models.res_users: Login failed for db:odoo login:Zepolseg@gmail.com from 127.0.0.1 
2025-03-24 09:45:04,224 2468 INFO odoo werkzeug: 127.0.0.1 - - [24/Mar/2025 09:45:04] "POST /web/login HTTP/1.1" 200 - 4 0.003 0.022
2025-03-24 09:45:04,271 2468 DEBUG ? odoo.tools._vendor.sessions: Could not load session from disk. Use empty session. 
Traceback (most recent call last):
  File "C:\odoo\odoo\odoo\tools\_vendor\sessions.py", line 216, in get
    f = open(self.get_session_filename(sid), "r", encoding="utf-8")
        ^^^^^^^^^^^^^^^^^^^^^^^^^^^^^^^^^^^^^^^^^^^^^^^^^^^^^^^^^^^
FileNotFoundError: [Errno 2] No such file or directory: 'c:\\users\\georg\\appdata\\local\\openerp s.a\\odoo\\sessions\\06\\067kuuTCGTZhZ9XD9ocJnffllqhf8VvWKjx9yEJRzZTcii8PKjD4_MVY2YJjxKV-iKna2js7178JMgZX76HC'
2025-03-24 09:45:04,280 2468 INFO odoo werkzeug: 127.0.0.1 - - [24/Mar/2025 09:45:04] "GET /web/binary/company_logo HTTP/1.1" 304 - 2 0.003 0.007
2025-03-24 09:45:04,457 2468 DEBUG ? odoo.tools._vendor.sessions: Could not load session from disk. Use empty session. 
Traceback (most recent call last):
  File "C:\odoo\odoo\odoo\tools\_vendor\sessions.py", line 216, in get
    f = open(self.get_session_filename(sid), "r", encoding="utf-8")
        ^^^^^^^^^^^^^^^^^^^^^^^^^^^^^^^^^^^^^^^^^^^^^^^^^^^^^^^^^^^
FileNotFoundError: [Errno 2] No such file or directory: 'c:\\users\\georg\\appdata\\local\\openerp s.a\\odoo\\sessions\\06\\067kuuTCGTZhZ9XD9ocJnffllqhf8VvWKjx9yEJRzZTcii8PKjD4_MVY2YJjxKV-iKna2js7178JMgZX76HC'
2025-03-24 09:45:04,466 2468 DEBUG odoo odoo.addons.http_routing.models.ir_http: '/website/translations/61425db74b77e166540ff2e0d9fcd57495daa552' (lang: 'fr') missing lang in url, redirect 
2025-03-24 09:45:04,467 2468 INFO odoo werkzeug: 127.0.0.1 - - [24/Mar/2025 09:45:04] "GET /website/translations/61425db74b77e166540ff2e0d9fcd57495daa552 HTTP/1.1" 303 - 4 0.001 0.009
2025-03-24 09:45:14,071 2468 DEBUG ? odoo.tools._vendor.sessions: Could not load session from disk. Use empty session. 
Traceback (most recent call last):
  File "C:\odoo\odoo\odoo\tools\_vendor\sessions.py", line 216, in get
    f = open(self.get_session_filename(sid), "r", encoding="utf-8")
        ^^^^^^^^^^^^^^^^^^^^^^^^^^^^^^^^^^^^^^^^^^^^^^^^^^^^^^^^^^^
FileNotFoundError: [Errno 2] No such file or directory: 'c:\\users\\georg\\appdata\\local\\openerp s.a\\odoo\\sessions\\06\\067kuuTCGTZhZ9XD9ocJnffllqhf8VvWKjx9yEJRzZTcii8PKjD4_MVY2YJjxKV-iKna2js7178JMgZX76HC'
2025-03-24 09:45:14,088 2468 INFO odoo odoo.addons.base.models.res_users: Login failed for db:odoo login:Zepolseg@gmail.com from 127.0.0.1 
2025-03-24 09:45:14,098 2468 INFO odoo werkzeug: 127.0.0.1 - - [24/Mar/2025 09:45:14] "POST /web/login HTTP/1.1" 200 - 4 0.005 0.022
2025-03-24 09:45:14,129 2468 DEBUG ? odoo.tools._vendor.sessions: Could not load session from disk. Use empty session. 
Traceback (most recent call last):
  File "C:\odoo\odoo\odoo\tools\_vendor\sessions.py", line 216, in get
    f = open(self.get_session_filename(sid), "r", encoding="utf-8")
        ^^^^^^^^^^^^^^^^^^^^^^^^^^^^^^^^^^^^^^^^^^^^^^^^^^^^^^^^^^^
FileNotFoundError: [Errno 2] No such file or directory: 'c:\\users\\georg\\appdata\\local\\openerp s.a\\odoo\\sessions\\06\\067kuuTCGTZhZ9XD9ocJnffllqhf8VvWKjx9yEJRzZTcii8PKjD4_MVY2YJjxKV-iKna2js7178JMgZX76HC'
2025-03-24 09:45:14,136 2468 INFO odoo werkzeug: 127.0.0.1 - - [24/Mar/2025 09:45:14] "GET /web/binary/company_logo HTTP/1.1" 304 - 2 0.001 0.005
2025-03-24 09:45:14,338 2468 DEBUG ? odoo.tools._vendor.sessions: Could not load session from disk. Use empty session. 
Traceback (most recent call last):
  File "C:\odoo\odoo\odoo\tools\_vendor\sessions.py", line 216, in get
    f = open(self.get_session_filename(sid), "r", encoding="utf-8")
        ^^^^^^^^^^^^^^^^^^^^^^^^^^^^^^^^^^^^^^^^^^^^^^^^^^^^^^^^^^^
FileNotFoundError: [Errno 2] No such file or directory: 'c:\\users\\georg\\appdata\\local\\openerp s.a\\odoo\\sessions\\06\\067kuuTCGTZhZ9XD9ocJnffllqhf8VvWKjx9yEJRzZTcii8PKjD4_MVY2YJjxKV-iKna2js7178JMgZX76HC'
2025-03-24 09:45:14,345 2468 DEBUG odoo odoo.addons.http_routing.models.ir_http: '/website/translations/61425db74b77e166540ff2e0d9fcd57495daa552' (lang: 'fr') missing lang in url, redirect 
2025-03-24 09:45:14,345 2468 INFO odoo werkzeug: 127.0.0.1 - - [24/Mar/2025 09:45:14] "GET /website/translations/61425db74b77e166540ff2e0d9fcd57495daa552 HTTP/1.1" 303 - 4 0.005 0.004
2025-03-24 09:45:22,477 2468 DEBUG ? odoo.service.server: cron0 polling for jobs 
2025-03-24 09:45:24,525 2468 DEBUG ? odoo.service.server: cron1 polling for jobs 
2025-03-24 09:46:22,480 2468 DEBUG ? odoo.service.server: cron0 polling for jobs 
2025-03-24 09:46:25,541 2468 DEBUG ? odoo.service.server: cron1 polling for jobs 
2025-03-24 09:46:44,235 2468 DEBUG ? odoo.tools._vendor.sessions: Could not load session from disk. Use empty session. 
Traceback (most recent call last):
  File "C:\odoo\odoo\odoo\tools\_vendor\sessions.py", line 216, in get
    f = open(self.get_session_filename(sid), "r", encoding="utf-8")
        ^^^^^^^^^^^^^^^^^^^^^^^^^^^^^^^^^^^^^^^^^^^^^^^^^^^^^^^^^^^
FileNotFoundError: [Errno 2] No such file or directory: 'c:\\users\\georg\\appdata\\local\\openerp s.a\\odoo\\sessions\\06\\067kuuTCGTZhZ9XD9ocJnffllqhf8VvWKjx9yEJRzZTcii8PKjD4_MVY2YJjxKV-iKna2js7178JMgZX76HC'
2025-03-24 09:46:44,246 2468 INFO odoo odoo.addons.base.models.res_users: Login failed for db:odoo login:odoo from 127.0.0.1 
2025-03-24 09:46:44,251 2468 INFO odoo werkzeug: 127.0.0.1 - - [24/Mar/2025 09:46:44] "POST /web/login HTTP/1.1" 200 - 4 0.001 0.015
2025-03-24 09:46:44,293 2468 DEBUG ? odoo.tools._vendor.sessions: Could not load session from disk. Use empty session. 
Traceback (most recent call last):
  File "C:\odoo\odoo\odoo\tools\_vendor\sessions.py", line 216, in get
    f = open(self.get_session_filename(sid), "r", encoding="utf-8")
        ^^^^^^^^^^^^^^^^^^^^^^^^^^^^^^^^^^^^^^^^^^^^^^^^^^^^^^^^^^^
FileNotFoundError: [Errno 2] No such file or directory: 'c:\\users\\georg\\appdata\\local\\openerp s.a\\odoo\\sessions\\06\\067kuuTCGTZhZ9XD9ocJnffllqhf8VvWKjx9yEJRzZTcii8PKjD4_MVY2YJjxKV-iKna2js7178JMgZX76HC'
2025-03-24 09:46:44,297 2468 INFO odoo werkzeug: 127.0.0.1 - - [24/Mar/2025 09:46:44] "GET /web/binary/company_logo HTTP/1.1" 304 - 2 0.000 0.005
2025-03-24 09:46:44,489 2468 DEBUG ? odoo.tools._vendor.sessions: Could not load session from disk. Use empty session. 
Traceback (most recent call last):
  File "C:\odoo\odoo\odoo\tools\_vendor\sessions.py", line 216, in get
    f = open(self.get_session_filename(sid), "r", encoding="utf-8")
        ^^^^^^^^^^^^^^^^^^^^^^^^^^^^^^^^^^^^^^^^^^^^^^^^^^^^^^^^^^^
FileNotFoundError: [Errno 2] No such file or directory: 'c:\\users\\georg\\appdata\\local\\openerp s.a\\odoo\\sessions\\06\\067kuuTCGTZhZ9XD9ocJnffllqhf8VvWKjx9yEJRzZTcii8PKjD4_MVY2YJjxKV-iKna2js7178JMgZX76HC'
2025-03-24 09:46:44,495 2468 DEBUG odoo odoo.addons.http_routing.models.ir_http: '/website/translations/61425db74b77e166540ff2e0d9fcd57495daa552' (lang: 'fr') missing lang in url, redirect 
2025-03-24 09:46:44,496 2468 INFO odoo werkzeug: 127.0.0.1 - - [24/Mar/2025 09:46:44] "GET /website/translations/61425db74b77e166540ff2e0d9fcd57495daa552 HTTP/1.1" 303 - 4 0.000 0.006
2025-03-24 09:46:51,813 2468 DEBUG ? odoo.tools._vendor.sessions: Could not load session from disk. Use empty session. 
Traceback (most recent call last):
  File "C:\odoo\odoo\odoo\tools\_vendor\sessions.py", line 216, in get
    f = open(self.get_session_filename(sid), "r", encoding="utf-8")
        ^^^^^^^^^^^^^^^^^^^^^^^^^^^^^^^^^^^^^^^^^^^^^^^^^^^^^^^^^^^
FileNotFoundError: [Errno 2] No such file or directory: 'c:\\users\\georg\\appdata\\local\\openerp s.a\\odoo\\sessions\\06\\067kuuTCGTZhZ9XD9ocJnffllqhf8VvWKjx9yEJRzZTcii8PKjD4_MVY2YJjxKV-iKna2js7178JMgZX76HC'
2025-03-24 09:46:51,822 2468 DEBUG odoo odoo.addons.http_routing.models.ir_http: '/web/reset_password' (lang: 'fr') missing lang in url, redirect 
2025-03-24 09:46:51,824 2468 INFO odoo werkzeug: 127.0.0.1 - - [24/Mar/2025 09:46:51] "GET /web/reset_password HTTP/1.1" 303 - 4 0.004 0.008
2025-03-24 09:46:51,960 2468 DEBUG ? odoo.tools._vendor.sessions: Could not load session from disk. Use empty session. 
Traceback (most recent call last):
  File "C:\odoo\odoo\odoo\tools\_vendor\sessions.py", line 216, in get
    f = open(self.get_session_filename(sid), "r", encoding="utf-8")
        ^^^^^^^^^^^^^^^^^^^^^^^^^^^^^^^^^^^^^^^^^^^^^^^^^^^^^^^^^^^
FileNotFoundError: [Errno 2] No such file or directory: 'c:\\users\\georg\\appdata\\local\\openerp s.a\\odoo\\sessions\\06\\067kuuTCGTZhZ9XD9ocJnffllqhf8VvWKjx9yEJRzZTcii8PKjD4_MVY2YJjxKV-iKna2js7178JMgZX76HC'
2025-03-24 09:46:51,968 2468 DEBUG odoo odoo.addons.http_routing.models.ir_http: '/fr/web/reset_password' (lang: 'fr') valid lang in url, rewrite url and continue 
2025-03-24 09:46:52,005 2468 INFO odoo werkzeug: 127.0.0.1 - - [24/Mar/2025 09:46:52] "GET /fr/web/reset_password HTTP/1.1" 200 - 10 0.005 0.040
2025-03-24 09:46:52,075 2468 DEBUG ? odoo.tools._vendor.sessions: Could not load session from disk. Use empty session. 
Traceback (most recent call last):
  File "C:\odoo\odoo\odoo\tools\_vendor\sessions.py", line 216, in get
    f = open(self.get_session_filename(sid), "r", encoding="utf-8")
        ^^^^^^^^^^^^^^^^^^^^^^^^^^^^^^^^^^^^^^^^^^^^^^^^^^^^^^^^^^^
FileNotFoundError: [Errno 2] No such file or directory: 'c:\\users\\georg\\appdata\\local\\openerp s.a\\odoo\\sessions\\06\\067kuuTCGTZhZ9XD9ocJnffllqhf8VvWKjx9yEJRzZTcii8PKjD4_MVY2YJjxKV-iKna2js7178JMgZX76HC'
2025-03-24 09:46:52,082 2468 INFO odoo werkzeug: 127.0.0.1 - - [24/Mar/2025 09:46:52] "GET /web/binary/company_logo HTTP/1.1" 304 - 2 0.002 0.007
2025-03-24 09:46:52,345 2468 DEBUG ? odoo.tools._vendor.sessions: Could not load session from disk. Use empty session. 
Traceback (most recent call last):
  File "C:\odoo\odoo\odoo\tools\_vendor\sessions.py", line 216, in get
    f = open(self.get_session_filename(sid), "r", encoding="utf-8")
        ^^^^^^^^^^^^^^^^^^^^^^^^^^^^^^^^^^^^^^^^^^^^^^^^^^^^^^^^^^^
FileNotFoundError: [Errno 2] No such file or directory: 'c:\\users\\georg\\appdata\\local\\openerp s.a\\odoo\\sessions\\06\\067kuuTCGTZhZ9XD9ocJnffllqhf8VvWKjx9yEJRzZTcii8PKjD4_MVY2YJjxKV-iKna2js7178JMgZX76HC'
2025-03-24 09:46:52,352 2468 DEBUG odoo odoo.addons.http_routing.models.ir_http: '/website/translations/61425db74b77e166540ff2e0d9fcd57495daa552' (lang: 'fr') missing lang in url, redirect 
2025-03-24 09:46:52,352 2468 INFO odoo werkzeug: 127.0.0.1 - - [24/Mar/2025 09:46:52] "GET /website/translations/61425db74b77e166540ff2e0d9fcd57495daa552 HTTP/1.1" 303 - 4 0.004 0.003
2025-03-24 09:46:56,577 2468 DEBUG ? odoo.tools._vendor.sessions: Could not load session from disk. Use empty session. 
Traceback (most recent call last):
  File "C:\odoo\odoo\odoo\tools\_vendor\sessions.py", line 216, in get
    f = open(self.get_session_filename(sid), "r", encoding="utf-8")
        ^^^^^^^^^^^^^^^^^^^^^^^^^^^^^^^^^^^^^^^^^^^^^^^^^^^^^^^^^^^
FileNotFoundError: [Errno 2] No such file or directory: 'c:\\users\\georg\\appdata\\local\\openerp s.a\\odoo\\sessions\\06\\067kuuTCGTZhZ9XD9ocJnffllqhf8VvWKjx9yEJRzZTcii8PKjD4_MVY2YJjxKV-iKna2js7178JMgZX76HC'
2025-03-24 09:46:56,585 2468 DEBUG odoo odoo.addons.http_routing.models.ir_http: '/fr/web/reset_password' (lang: 'fr') valid lang in url, rewrite url and continue 
2025-03-24 09:46:56,594 2468 INFO odoo odoo.addons.auth_signup.controllers.main: Password reset attempt for <georges@lopezrascol.com> by user <public> from 127.0.0.1 
2025-03-24 09:46:56,650 2468 INFO odoo werkzeug: 127.0.0.1 - - [24/Mar/2025 09:46:56] "POST /fr/web/reset_password HTTP/1.1" 200 - 8 0.006 0.067
2025-03-24 09:46:56,889 2468 DEBUG ? odoo.tools._vendor.sessions: Could not load session from disk. Use empty session. 
Traceback (most recent call last):
  File "C:\odoo\odoo\odoo\tools\_vendor\sessions.py", line 216, in get
    f = open(self.get_session_filename(sid), "r", encoding="utf-8")
        ^^^^^^^^^^^^^^^^^^^^^^^^^^^^^^^^^^^^^^^^^^^^^^^^^^^^^^^^^^^
FileNotFoundError: [Errno 2] No such file or directory: 'c:\\users\\georg\\appdata\\local\\openerp s.a\\odoo\\sessions\\06\\067kuuTCGTZhZ9XD9ocJnffllqhf8VvWKjx9yEJRzZTcii8PKjD4_MVY2YJjxKV-iKna2js7178JMgZX76HC'
2025-03-24 09:46:56,894 2468 INFO odoo werkzeug: 127.0.0.1 - - [24/Mar/2025 09:46:56] "GET /web/binary/company_logo HTTP/1.1" 304 - 2 0.000 0.005
2025-03-24 09:46:57,234 2468 DEBUG ? odoo.tools._vendor.sessions: Could not load session from disk. Use empty session. 
Traceback (most recent call last):
  File "C:\odoo\odoo\odoo\tools\_vendor\sessions.py", line 216, in get
    f = open(self.get_session_filename(sid), "r", encoding="utf-8")
        ^^^^^^^^^^^^^^^^^^^^^^^^^^^^^^^^^^^^^^^^^^^^^^^^^^^^^^^^^^^
FileNotFoundError: [Errno 2] No such file or directory: 'c:\\users\\georg\\appdata\\local\\openerp s.a\\odoo\\sessions\\06\\067kuuTCGTZhZ9XD9ocJnffllqhf8VvWKjx9yEJRzZTcii8PKjD4_MVY2YJjxKV-iKna2js7178JMgZX76HC'
2025-03-24 09:46:57,241 2468 DEBUG odoo odoo.addons.http_routing.models.ir_http: '/website/translations/61425db74b77e166540ff2e0d9fcd57495daa552' (lang: 'fr') missing lang in url, redirect 
2025-03-24 09:46:57,241 2468 INFO odoo werkzeug: 127.0.0.1 - - [24/Mar/2025 09:46:57] "GET /website/translations/61425db74b77e166540ff2e0d9fcd57495daa552 HTTP/1.1" 303 - 4 0.002 0.005
2025-03-24 09:47:08,107 2468 DEBUG ? odoo.tools._vendor.sessions: Could not load session from disk. Use empty session. 
Traceback (most recent call last):
  File "C:\odoo\odoo\odoo\tools\_vendor\sessions.py", line 216, in get
    f = open(self.get_session_filename(sid), "r", encoding="utf-8")
        ^^^^^^^^^^^^^^^^^^^^^^^^^^^^^^^^^^^^^^^^^^^^^^^^^^^^^^^^^^^
FileNotFoundError: [Errno 2] No such file or directory: 'c:\\users\\georg\\appdata\\local\\openerp s.a\\odoo\\sessions\\06\\067kuuTCGTZhZ9XD9ocJnffllqhf8VvWKjx9yEJRzZTcii8PKjD4_MVY2YJjxKV-iKna2js7178JMgZX76HC'
2025-03-24 09:47:08,115 2468 DEBUG odoo odoo.addons.http_routing.models.ir_http: '/fr/web/reset_password' (lang: 'fr') valid lang in url, rewrite url and continue 
2025-03-24 09:47:08,122 2468 INFO odoo odoo.addons.auth_signup.controllers.main: Password reset attempt for <Zepolseg@gmail.com> by user <public> from 127.0.0.1 
2025-03-24 09:47:08,128 2468 INFO odoo werkzeug: 127.0.0.1 - - [24/Mar/2025 09:47:08] "POST /fr/web/reset_password HTTP/1.1" 200 - 8 0.004 0.017
2025-03-24 09:47:08,430 2468 DEBUG ? odoo.tools._vendor.sessions: Could not load session from disk. Use empty session. 
Traceback (most recent call last):
  File "C:\odoo\odoo\odoo\tools\_vendor\sessions.py", line 216, in get
    f = open(self.get_session_filename(sid), "r", encoding="utf-8")
        ^^^^^^^^^^^^^^^^^^^^^^^^^^^^^^^^^^^^^^^^^^^^^^^^^^^^^^^^^^^
FileNotFoundError: [Errno 2] No such file or directory: 'c:\\users\\georg\\appdata\\local\\openerp s.a\\odoo\\sessions\\06\\067kuuTCGTZhZ9XD9ocJnffllqhf8VvWKjx9yEJRzZTcii8PKjD4_MVY2YJjxKV-iKna2js7178JMgZX76HC'
2025-03-24 09:47:08,445 2468 INFO odoo werkzeug: 127.0.0.1 - - [24/Mar/2025 09:47:08] "GET /web/binary/company_logo HTTP/1.1" 304 - 2 0.000 0.016
2025-03-24 09:47:08,787 2468 DEBUG ? odoo.tools._vendor.sessions: Could not load session from disk. Use empty session. 
Traceback (most recent call last):
  File "C:\odoo\odoo\odoo\tools\_vendor\sessions.py", line 216, in get
    f = open(self.get_session_filename(sid), "r", encoding="utf-8")
        ^^^^^^^^^^^^^^^^^^^^^^^^^^^^^^^^^^^^^^^^^^^^^^^^^^^^^^^^^^^
FileNotFoundError: [Errno 2] No such file or directory: 'c:\\users\\georg\\appdata\\local\\openerp s.a\\odoo\\sessions\\06\\067kuuTCGTZhZ9XD9ocJnffllqhf8VvWKjx9yEJRzZTcii8PKjD4_MVY2YJjxKV-iKna2js7178JMgZX76HC'
2025-03-24 09:47:08,791 2468 DEBUG odoo odoo.addons.http_routing.models.ir_http: '/website/translations/61425db74b77e166540ff2e0d9fcd57495daa552' (lang: 'fr') missing lang in url, redirect 
2025-03-24 09:47:08,791 2468 INFO odoo werkzeug: 127.0.0.1 - - [24/Mar/2025 09:47:08] "GET /website/translations/61425db74b77e166540ff2e0d9fcd57495daa552 HTTP/1.1" 303 - 4 0.004 0.000
2025-03-24 09:47:14,021 2468 DEBUG ? odoo.tools._vendor.sessions: Could not load session from disk. Use empty session. 
Traceback (most recent call last):
  File "C:\odoo\odoo\odoo\tools\_vendor\sessions.py", line 216, in get
    f = open(self.get_session_filename(sid), "r", encoding="utf-8")
        ^^^^^^^^^^^^^^^^^^^^^^^^^^^^^^^^^^^^^^^^^^^^^^^^^^^^^^^^^^^
FileNotFoundError: [Errno 2] No such file or directory: 'c:\\users\\georg\\appdata\\local\\openerp s.a\\odoo\\sessions\\06\\067kuuTCGTZhZ9XD9ocJnffllqhf8VvWKjx9yEJRzZTcii8PKjD4_MVY2YJjxKV-iKna2js7178JMgZX76HC'
2025-03-24 09:47:14,032 2468 DEBUG odoo odoo.addons.http_routing.models.ir_http: '/fr/web/reset_password' (lang: 'fr') valid lang in url, rewrite url and continue 
2025-03-24 09:47:14,045 2468 INFO odoo odoo.addons.auth_signup.controllers.main: Password reset attempt for <Zepolseg@gmail.com> by user <public> from 127.0.0.1 
2025-03-24 09:47:14,058 2468 INFO odoo werkzeug: 127.0.0.1 - - [24/Mar/2025 09:47:14] "POST /fr/web/reset_password HTTP/1.1" 200 - 8 0.005 0.033
2025-03-24 09:47:14,331 2468 DEBUG ? odoo.tools._vendor.sessions: Could not load session from disk. Use empty session. 
Traceback (most recent call last):
  File "C:\odoo\odoo\odoo\tools\_vendor\sessions.py", line 216, in get
    f = open(self.get_session_filename(sid), "r", encoding="utf-8")
        ^^^^^^^^^^^^^^^^^^^^^^^^^^^^^^^^^^^^^^^^^^^^^^^^^^^^^^^^^^^
FileNotFoundError: [Errno 2] No such file or directory: 'c:\\users\\georg\\appdata\\local\\openerp s.a\\odoo\\sessions\\06\\067kuuTCGTZhZ9XD9ocJnffllqhf8VvWKjx9yEJRzZTcii8PKjD4_MVY2YJjxKV-iKna2js7178JMgZX76HC'
2025-03-24 09:47:14,336 2468 INFO odoo werkzeug: 127.0.0.1 - - [24/Mar/2025 09:47:14] "GET /web/binary/company_logo HTTP/1.1" 304 - 2 0.000 0.007
2025-03-24 09:47:14,670 2468 DEBUG ? odoo.tools._vendor.sessions: Could not load session from disk. Use empty session. 
Traceback (most recent call last):
  File "C:\odoo\odoo\odoo\tools\_vendor\sessions.py", line 216, in get
    f = open(self.get_session_filename(sid), "r", encoding="utf-8")
        ^^^^^^^^^^^^^^^^^^^^^^^^^^^^^^^^^^^^^^^^^^^^^^^^^^^^^^^^^^^
FileNotFoundError: [Errno 2] No such file or directory: 'c:\\users\\georg\\appdata\\local\\openerp s.a\\odoo\\sessions\\06\\067kuuTCGTZhZ9XD9ocJnffllqhf8VvWKjx9yEJRzZTcii8PKjD4_MVY2YJjxKV-iKna2js7178JMgZX76HC'
2025-03-24 09:47:14,685 2468 DEBUG odoo odoo.addons.http_routing.models.ir_http: '/website/translations/61425db74b77e166540ff2e0d9fcd57495daa552' (lang: 'fr') missing lang in url, redirect 
2025-03-24 09:47:14,685 2468 INFO odoo werkzeug: 127.0.0.1 - - [24/Mar/2025 09:47:14] "GET /website/translations/61425db74b77e166540ff2e0d9fcd57495daa552 HTTP/1.1" 303 - 4 0.002 0.014
2025-03-24 09:47:16,231 2468 DEBUG ? odoo.tools._vendor.sessions: Could not load session from disk. Use empty session. 
Traceback (most recent call last):
  File "C:\odoo\odoo\odoo\tools\_vendor\sessions.py", line 216, in get
    f = open(self.get_session_filename(sid), "r", encoding="utf-8")
        ^^^^^^^^^^^^^^^^^^^^^^^^^^^^^^^^^^^^^^^^^^^^^^^^^^^^^^^^^^^
FileNotFoundError: [Errno 2] No such file or directory: 'c:\\users\\georg\\appdata\\local\\openerp s.a\\odoo\\sessions\\06\\067kuuTCGTZhZ9XD9ocJnffllqhf8VvWKjx9yEJRzZTcii8PKjD4_MVY2YJjxKV-iKna2js7178JMgZX76HC'
2025-03-24 09:47:16,237 2468 DEBUG odoo odoo.addons.http_routing.models.ir_http: '/website/translations/61425db74b77e166540ff2e0d9fcd57495daa552' (lang: 'fr') missing lang in url, redirect 
2025-03-24 09:47:16,237 2468 INFO odoo werkzeug: 127.0.0.1 - - [24/Mar/2025 09:47:16] "GET /website/translations/61425db74b77e166540ff2e0d9fcd57495daa552 HTTP/1.1" 303 - 4 0.001 0.006
2025-03-24 09:47:16,847 2468 DEBUG ? odoo.tools._vendor.sessions: Could not load session from disk. Use empty session. 
Traceback (most recent call last):
  File "C:\odoo\odoo\odoo\tools\_vendor\sessions.py", line 216, in get
    f = open(self.get_session_filename(sid), "r", encoding="utf-8")
        ^^^^^^^^^^^^^^^^^^^^^^^^^^^^^^^^^^^^^^^^^^^^^^^^^^^^^^^^^^^
FileNotFoundError: [Errno 2] No such file or directory: 'c:\\users\\georg\\appdata\\local\\openerp s.a\\odoo\\sessions\\06\\067kuuTCGTZhZ9XD9ocJnffllqhf8VvWKjx9yEJRzZTcii8PKjD4_MVY2YJjxKV-iKna2js7178JMgZX76HC'
2025-03-24 09:47:16,855 2468 DEBUG odoo odoo.addons.http_routing.models.ir_http: '/website/translations/61425db74b77e166540ff2e0d9fcd57495daa552' (lang: 'fr') missing lang in url, redirect 
2025-03-24 09:47:16,856 2468 INFO odoo werkzeug: 127.0.0.1 - - [24/Mar/2025 09:47:16] "GET /website/translations/61425db74b77e166540ff2e0d9fcd57495daa552 HTTP/1.1" 303 - 4 0.001 0.009
2025-03-24 09:47:17,379 2468 DEBUG ? odoo.tools._vendor.sessions: Could not load session from disk. Use empty session. 
Traceback (most recent call last):
  File "C:\odoo\odoo\odoo\tools\_vendor\sessions.py", line 216, in get
    f = open(self.get_session_filename(sid), "r", encoding="utf-8")
        ^^^^^^^^^^^^^^^^^^^^^^^^^^^^^^^^^^^^^^^^^^^^^^^^^^^^^^^^^^^
FileNotFoundError: [Errno 2] No such file or directory: 'c:\\users\\georg\\appdata\\local\\openerp s.a\\odoo\\sessions\\06\\067kuuTCGTZhZ9XD9ocJnffllqhf8VvWKjx9yEJRzZTcii8PKjD4_MVY2YJjxKV-iKna2js7178JMgZX76HC'
2025-03-24 09:47:17,387 2468 DEBUG odoo odoo.addons.http_routing.models.ir_http: '/fr/web/reset_password' (lang: 'fr') valid lang in url, rewrite url and continue 
2025-03-24 09:47:17,399 2468 INFO odoo werkzeug: 127.0.0.1 - - [24/Mar/2025 09:47:17] "GET /fr/web/reset_password HTTP/1.1" 200 - 6 0.004 0.016
2025-03-24 09:47:17,685 2468 DEBUG ? odoo.tools._vendor.sessions: Could not load session from disk. Use empty session. 
Traceback (most recent call last):
  File "C:\odoo\odoo\odoo\tools\_vendor\sessions.py", line 216, in get
    f = open(self.get_session_filename(sid), "r", encoding="utf-8")
        ^^^^^^^^^^^^^^^^^^^^^^^^^^^^^^^^^^^^^^^^^^^^^^^^^^^^^^^^^^^
FileNotFoundError: [Errno 2] No such file or directory: 'c:\\users\\georg\\appdata\\local\\openerp s.a\\odoo\\sessions\\06\\067kuuTCGTZhZ9XD9ocJnffllqhf8VvWKjx9yEJRzZTcii8PKjD4_MVY2YJjxKV-iKna2js7178JMgZX76HC'
2025-03-24 09:47:17,690 2468 DEBUG odoo odoo.addons.http_routing.models.ir_http: '/website/translations/61425db74b77e166540ff2e0d9fcd57495daa552' (lang: 'fr') missing lang in url, redirect 
2025-03-24 09:47:17,690 2468 INFO odoo werkzeug: 127.0.0.1 - - [24/Mar/2025 09:47:17] "GET /website/translations/61425db74b77e166540ff2e0d9fcd57495daa552 HTTP/1.1" 303 - 4 0.002 0.004
2025-03-24 09:47:18,334 2468 DEBUG ? odoo.tools._vendor.sessions: Could not load session from disk. Use empty session. 
Traceback (most recent call last):
  File "C:\odoo\odoo\odoo\tools\_vendor\sessions.py", line 216, in get
    f = open(self.get_session_filename(sid), "r", encoding="utf-8")
        ^^^^^^^^^^^^^^^^^^^^^^^^^^^^^^^^^^^^^^^^^^^^^^^^^^^^^^^^^^^
FileNotFoundError: [Errno 2] No such file or directory: 'c:\\users\\georg\\appdata\\local\\openerp s.a\\odoo\\sessions\\06\\067kuuTCGTZhZ9XD9ocJnffllqhf8VvWKjx9yEJRzZTcii8PKjD4_MVY2YJjxKV-iKna2js7178JMgZX76HC'
2025-03-24 09:47:18,338 2468 DEBUG odoo odoo.addons.http_routing.models.ir_http: '/website/translations/61425db74b77e166540ff2e0d9fcd57495daa552' (lang: 'fr') missing lang in url, redirect 
2025-03-24 09:47:18,338 2468 INFO odoo werkzeug: 127.0.0.1 - - [24/Mar/2025 09:47:18] "GET /website/translations/61425db74b77e166540ff2e0d9fcd57495daa552 HTTP/1.1" 303 - 4 0.000 0.004
2025-03-24 09:47:22,489 2468 DEBUG ? odoo.service.server: cron0 polling for jobs 
2025-03-24 09:47:24,973 2468 DEBUG ? odoo.tools._vendor.sessions: Could not load session from disk. Use empty session. 
Traceback (most recent call last):
  File "C:\odoo\odoo\odoo\tools\_vendor\sessions.py", line 216, in get
    f = open(self.get_session_filename(sid), "r", encoding="utf-8")
        ^^^^^^^^^^^^^^^^^^^^^^^^^^^^^^^^^^^^^^^^^^^^^^^^^^^^^^^^^^^
FileNotFoundError: [Errno 2] No such file or directory: 'c:\\users\\georg\\appdata\\local\\openerp s.a\\odoo\\sessions\\06\\067kuuTCGTZhZ9XD9ocJnffllqhf8VvWKjx9yEJRzZTcii8PKjD4_MVY2YJjxKV-iKna2js7178JMgZX76HC'
2025-03-24 09:47:24,973 2468 DEBUG odoo odoo.addons.http_routing.models.ir_http: '/web/reset_password' (lang: 'fr') missing lang in url, redirect 
2025-03-24 09:47:24,973 2468 INFO odoo werkzeug: 127.0.0.1 - - [24/Mar/2025 09:47:24] "GET /web/reset_password HTTP/1.1" 303 - 4 0.000 0.000
2025-03-24 09:47:24,973 2468 DEBUG ? odoo.tools._vendor.sessions: Could not load session from disk. Use empty session. 
Traceback (most recent call last):
  File "C:\odoo\odoo\odoo\tools\_vendor\sessions.py", line 216, in get
    f = open(self.get_session_filename(sid), "r", encoding="utf-8")
        ^^^^^^^^^^^^^^^^^^^^^^^^^^^^^^^^^^^^^^^^^^^^^^^^^^^^^^^^^^^
FileNotFoundError: [Errno 2] No such file or directory: 'c:\\users\\georg\\appdata\\local\\openerp s.a\\odoo\\sessions\\06\\067kuuTCGTZhZ9XD9ocJnffllqhf8VvWKjx9yEJRzZTcii8PKjD4_MVY2YJjxKV-iKna2js7178JMgZX76HC'
2025-03-24 09:47:24,995 2468 DEBUG odoo odoo.addons.http_routing.models.ir_http: '/fr/web/reset_password' (lang: 'fr') valid lang in url, rewrite url and continue 
2025-03-24 09:47:25,009 2468 INFO odoo werkzeug: 127.0.0.1 - - [24/Mar/2025 09:47:25] "GET /fr/web/reset_password HTTP/1.1" 200 - 6 0.003 0.033
2025-03-24 09:47:25,353 2468 DEBUG ? odoo.tools._vendor.sessions: Could not load session from disk. Use empty session. 
Traceback (most recent call last):
  File "C:\odoo\odoo\odoo\tools\_vendor\sessions.py", line 216, in get
    f = open(self.get_session_filename(sid), "r", encoding="utf-8")
        ^^^^^^^^^^^^^^^^^^^^^^^^^^^^^^^^^^^^^^^^^^^^^^^^^^^^^^^^^^^
FileNotFoundError: [Errno 2] No such file or directory: 'c:\\users\\georg\\appdata\\local\\openerp s.a\\odoo\\sessions\\06\\067kuuTCGTZhZ9XD9ocJnffllqhf8VvWKjx9yEJRzZTcii8PKjD4_MVY2YJjxKV-iKna2js7178JMgZX76HC'
2025-03-24 09:47:25,359 2468 INFO odoo werkzeug: 127.0.0.1 - - [24/Mar/2025 09:47:25] "GET /web/binary/company_logo HTTP/1.1" 304 - 2 0.002 0.005
2025-03-24 09:47:25,600 2468 DEBUG ? odoo.tools._vendor.sessions: Could not load session from disk. Use empty session. 
Traceback (most recent call last):
  File "C:\odoo\odoo\odoo\tools\_vendor\sessions.py", line 216, in get
    f = open(self.get_session_filename(sid), "r", encoding="utf-8")
        ^^^^^^^^^^^^^^^^^^^^^^^^^^^^^^^^^^^^^^^^^^^^^^^^^^^^^^^^^^^
FileNotFoundError: [Errno 2] No such file or directory: 'c:\\users\\georg\\appdata\\local\\openerp s.a\\odoo\\sessions\\06\\067kuuTCGTZhZ9XD9ocJnffllqhf8VvWKjx9yEJRzZTcii8PKjD4_MVY2YJjxKV-iKna2js7178JMgZX76HC'
2025-03-24 09:47:25,609 2468 DEBUG odoo odoo.addons.http_routing.models.ir_http: '/website/translations/61425db74b77e166540ff2e0d9fcd57495daa552' (lang: 'fr') missing lang in url, redirect 
2025-03-24 09:47:25,610 2468 INFO odoo werkzeug: 127.0.0.1 - - [24/Mar/2025 09:47:25] "GET /website/translations/61425db74b77e166540ff2e0d9fcd57495daa552 HTTP/1.1" 303 - 4 0.003 0.007
2025-03-24 09:47:26,560 2468 DEBUG ? odoo.service.server: cron1 polling for jobs 
2025-03-24 09:47:29,380 2468 DEBUG ? odoo.tools._vendor.sessions: Could not load session from disk. Use empty session. 
Traceback (most recent call last):
  File "C:\odoo\odoo\odoo\tools\_vendor\sessions.py", line 216, in get
    f = open(self.get_session_filename(sid), "r", encoding="utf-8")
        ^^^^^^^^^^^^^^^^^^^^^^^^^^^^^^^^^^^^^^^^^^^^^^^^^^^^^^^^^^^
FileNotFoundError: [Errno 2] No such file or directory: 'c:\\users\\georg\\appdata\\local\\openerp s.a\\odoo\\sessions\\06\\067kuuTCGTZhZ9XD9ocJnffllqhf8VvWKjx9yEJRzZTcii8PKjD4_MVY2YJjxKV-iKna2js7178JMgZX76HC'
2025-03-24 09:47:29,387 2468 DEBUG odoo odoo.addons.http_routing.models.ir_http: '/fr/web/reset_password' (lang: 'fr') valid lang in url, rewrite url and continue 
2025-03-24 09:47:29,394 2468 INFO odoo odoo.addons.auth_signup.controllers.main: Password reset attempt for <georges@lopezrascol.com> by user <public> from 127.0.0.1 
2025-03-24 09:47:29,400 2468 INFO odoo werkzeug: 127.0.0.1 - - [24/Mar/2025 09:47:29] "POST /fr/web/reset_password HTTP/1.1" 200 - 8 0.004 0.017
2025-03-24 09:47:29,700 2468 DEBUG ? odoo.tools._vendor.sessions: Could not load session from disk. Use empty session. 
Traceback (most recent call last):
  File "C:\odoo\odoo\odoo\tools\_vendor\sessions.py", line 216, in get
    f = open(self.get_session_filename(sid), "r", encoding="utf-8")
        ^^^^^^^^^^^^^^^^^^^^^^^^^^^^^^^^^^^^^^^^^^^^^^^^^^^^^^^^^^^
FileNotFoundError: [Errno 2] No such file or directory: 'c:\\users\\georg\\appdata\\local\\openerp s.a\\odoo\\sessions\\06\\067kuuTCGTZhZ9XD9ocJnffllqhf8VvWKjx9yEJRzZTcii8PKjD4_MVY2YJjxKV-iKna2js7178JMgZX76HC'
2025-03-24 09:47:29,705 2468 INFO odoo werkzeug: 127.0.0.1 - - [24/Mar/2025 09:47:29] "GET /web/binary/company_logo HTTP/1.1" 304 - 2 0.001 0.005
2025-03-24 09:47:30,043 2468 DEBUG ? odoo.tools._vendor.sessions: Could not load session from disk. Use empty session. 
Traceback (most recent call last):
  File "C:\odoo\odoo\odoo\tools\_vendor\sessions.py", line 216, in get
    f = open(self.get_session_filename(sid), "r", encoding="utf-8")
        ^^^^^^^^^^^^^^^^^^^^^^^^^^^^^^^^^^^^^^^^^^^^^^^^^^^^^^^^^^^
FileNotFoundError: [Errno 2] No such file or directory: 'c:\\users\\georg\\appdata\\local\\openerp s.a\\odoo\\sessions\\06\\067kuuTCGTZhZ9XD9ocJnffllqhf8VvWKjx9yEJRzZTcii8PKjD4_MVY2YJjxKV-iKna2js7178JMgZX76HC'
2025-03-24 09:47:30,050 2468 DEBUG odoo odoo.addons.http_routing.models.ir_http: '/website/translations/61425db74b77e166540ff2e0d9fcd57495daa552' (lang: 'fr') missing lang in url, redirect 
2025-03-24 09:47:30,051 2468 INFO odoo werkzeug: 127.0.0.1 - - [24/Mar/2025 09:47:30] "GET /website/translations/61425db74b77e166540ff2e0d9fcd57495daa552 HTTP/1.1" 303 - 4 0.002 0.007
2025-03-24 09:47:43,005 2468 DEBUG ? odoo.tools._vendor.sessions: Could not load session from disk. Use empty session. 
Traceback (most recent call last):
  File "C:\odoo\odoo\odoo\tools\_vendor\sessions.py", line 216, in get
    f = open(self.get_session_filename(sid), "r", encoding="utf-8")
        ^^^^^^^^^^^^^^^^^^^^^^^^^^^^^^^^^^^^^^^^^^^^^^^^^^^^^^^^^^^
FileNotFoundError: [Errno 2] No such file or directory: 'c:\\users\\georg\\appdata\\local\\openerp s.a\\odoo\\sessions\\06\\067kuuTCGTZhZ9XD9ocJnffllqhf8VvWKjx9yEJRzZTcii8PKjD4_MVY2YJjxKV-iKna2js7178JMgZX76HC'
2025-03-24 09:47:43,020 2468 INFO odoo werkzeug: 127.0.0.1 - - [24/Mar/2025 09:47:43] "GET /web/login HTTP/1.1" 200 - 3 0.002 0.013
2025-03-24 09:47:43,318 2468 DEBUG ? odoo.tools._vendor.sessions: Could not load session from disk. Use empty session. 
Traceback (most recent call last):
  File "C:\odoo\odoo\odoo\tools\_vendor\sessions.py", line 216, in get
    f = open(self.get_session_filename(sid), "r", encoding="utf-8")
        ^^^^^^^^^^^^^^^^^^^^^^^^^^^^^^^^^^^^^^^^^^^^^^^^^^^^^^^^^^^
FileNotFoundError: [Errno 2] No such file or directory: 'c:\\users\\georg\\appdata\\local\\openerp s.a\\odoo\\sessions\\06\\067kuuTCGTZhZ9XD9ocJnffllqhf8VvWKjx9yEJRzZTcii8PKjD4_MVY2YJjxKV-iKna2js7178JMgZX76HC'
2025-03-24 09:47:43,328 2468 INFO odoo werkzeug: 127.0.0.1 - - [24/Mar/2025 09:47:43] "GET /web/binary/company_logo HTTP/1.1" 304 - 2 0.003 0.008
2025-03-24 09:47:43,687 2468 DEBUG ? odoo.tools._vendor.sessions: Could not load session from disk. Use empty session. 
Traceback (most recent call last):
  File "C:\odoo\odoo\odoo\tools\_vendor\sessions.py", line 216, in get
    f = open(self.get_session_filename(sid), "r", encoding="utf-8")
        ^^^^^^^^^^^^^^^^^^^^^^^^^^^^^^^^^^^^^^^^^^^^^^^^^^^^^^^^^^^
FileNotFoundError: [Errno 2] No such file or directory: 'c:\\users\\georg\\appdata\\local\\openerp s.a\\odoo\\sessions\\06\\067kuuTCGTZhZ9XD9ocJnffllqhf8VvWKjx9yEJRzZTcii8PKjD4_MVY2YJjxKV-iKna2js7178JMgZX76HC'
2025-03-24 09:47:43,687 2468 DEBUG odoo odoo.addons.http_routing.models.ir_http: '/website/translations/61425db74b77e166540ff2e0d9fcd57495daa552' (lang: 'fr') missing lang in url, redirect 
2025-03-24 09:47:43,687 2468 INFO odoo werkzeug: 127.0.0.1 - - [24/Mar/2025 09:47:43] "GET /website/translations/61425db74b77e166540ff2e0d9fcd57495daa552 HTTP/1.1" 303 - 4 0.000 0.000
2025-03-24 09:47:45,658 2468 DEBUG ? odoo.tools._vendor.sessions: Could not load session from disk. Use empty session. 
Traceback (most recent call last):
  File "C:\odoo\odoo\odoo\tools\_vendor\sessions.py", line 216, in get
    f = open(self.get_session_filename(sid), "r", encoding="utf-8")
        ^^^^^^^^^^^^^^^^^^^^^^^^^^^^^^^^^^^^^^^^^^^^^^^^^^^^^^^^^^^
FileNotFoundError: [Errno 2] No such file or directory: 'c:\\users\\georg\\appdata\\local\\openerp s.a\\odoo\\sessions\\06\\067kuuTCGTZhZ9XD9ocJnffllqhf8VvWKjx9yEJRzZTcii8PKjD4_MVY2YJjxKV-iKna2js7178JMgZX76HC'
2025-03-24 09:47:45,666 2468 INFO odoo odoo.addons.base.models.res_users: Login failed for db:odoo login:georges@lopezrascol.com from 127.0.0.1 
2025-03-24 09:47:45,680 2468 INFO odoo werkzeug: 127.0.0.1 - - [24/Mar/2025 09:47:45] "POST /web/login HTTP/1.1" 200 - 4 0.003 0.019
2025-03-24 09:47:45,973 2468 DEBUG ? odoo.tools._vendor.sessions: Could not load session from disk. Use empty session. 
Traceback (most recent call last):
  File "C:\odoo\odoo\odoo\tools\_vendor\sessions.py", line 216, in get
    f = open(self.get_session_filename(sid), "r", encoding="utf-8")
        ^^^^^^^^^^^^^^^^^^^^^^^^^^^^^^^^^^^^^^^^^^^^^^^^^^^^^^^^^^^
FileNotFoundError: [Errno 2] No such file or directory: 'c:\\users\\georg\\appdata\\local\\openerp s.a\\odoo\\sessions\\06\\067kuuTCGTZhZ9XD9ocJnffllqhf8VvWKjx9yEJRzZTcii8PKjD4_MVY2YJjxKV-iKna2js7178JMgZX76HC'
2025-03-24 09:47:45,978 2468 INFO odoo werkzeug: 127.0.0.1 - - [24/Mar/2025 09:47:45] "GET /web/binary/company_logo HTTP/1.1" 304 - 2 0.001 0.004
2025-03-24 09:47:46,313 2468 DEBUG ? odoo.tools._vendor.sessions: Could not load session from disk. Use empty session. 
Traceback (most recent call last):
  File "C:\odoo\odoo\odoo\tools\_vendor\sessions.py", line 216, in get
    f = open(self.get_session_filename(sid), "r", encoding="utf-8")
        ^^^^^^^^^^^^^^^^^^^^^^^^^^^^^^^^^^^^^^^^^^^^^^^^^^^^^^^^^^^
FileNotFoundError: [Errno 2] No such file or directory: 'c:\\users\\georg\\appdata\\local\\openerp s.a\\odoo\\sessions\\06\\067kuuTCGTZhZ9XD9ocJnffllqhf8VvWKjx9yEJRzZTcii8PKjD4_MVY2YJjxKV-iKna2js7178JMgZX76HC'
2025-03-24 09:47:46,318 2468 DEBUG odoo odoo.addons.http_routing.models.ir_http: '/website/translations/61425db74b77e166540ff2e0d9fcd57495daa552' (lang: 'fr') missing lang in url, redirect 
2025-03-24 09:47:46,318 2468 INFO odoo werkzeug: 127.0.0.1 - - [24/Mar/2025 09:47:46] "GET /website/translations/61425db74b77e166540ff2e0d9fcd57495daa552 HTTP/1.1" 303 - 4 0.001 0.005
2025-03-24 09:48:22,504 2468 DEBUG ? odoo.service.server: cron0 polling for jobs 
2025-03-24 09:48:27,586 2468 DEBUG ? odoo.service.server: cron1 polling for jobs 
2025-03-24 09:49:22,507 2468 DEBUG ? odoo.service.server: cron0 polling for jobs 
2025-03-24 09:49:28,612 2468 DEBUG ? odoo.service.server: cron1 polling for jobs 
2025-03-24 09:50:22,511 2468 DEBUG ? odoo.service.server: cron0 polling for jobs 
2025-03-24 09:50:29,628 2468 DEBUG ? odoo.service.server: cron1 polling for jobs 
2025-03-24 09:51:22,516 2468 DEBUG ? odoo.service.server: cron0 polling for jobs 
2025-03-24 09:51:30,654 2468 DEBUG ? odoo.service.server: cron1 polling for jobs 
2025-03-24 09:52:22,534 2468 DEBUG ? odoo.service.server: cron0 polling for jobs 
2025-03-24 09:52:31,667 2468 DEBUG ? odoo.service.server: cron1 polling for jobs 
2025-03-24 09:53:22,537 2468 DEBUG ? odoo.service.server: cron0 polling for jobs 
2025-03-24 09:53:32,680 2468 DEBUG ? odoo.service.server: cron1 polling for jobs 
2025-03-24 09:54:22,544 2468 DEBUG ? odoo.service.server: cron0 polling for jobs 
2025-03-24 09:54:33,698 2468 DEBUG ? odoo.service.server: cron1 polling for jobs 
2025-03-24 09:55:03,754 2468 DEBUG ? odoo.tools._vendor.sessions: Could not load session from disk. Use empty session. 
Traceback (most recent call last):
  File "C:\odoo\odoo\odoo\tools\_vendor\sessions.py", line 216, in get
    f = open(self.get_session_filename(sid), "r", encoding="utf-8")
        ^^^^^^^^^^^^^^^^^^^^^^^^^^^^^^^^^^^^^^^^^^^^^^^^^^^^^^^^^^^
FileNotFoundError: [Errno 2] No such file or directory: 'c:\\users\\georg\\appdata\\local\\openerp s.a\\odoo\\sessions\\06\\067kuuTCGTZhZ9XD9ocJnffllqhf8VvWKjx9yEJRzZTcii8PKjD4_MVY2YJjxKV-iKna2js7178JMgZX76HC'
2025-03-24 09:55:03,764 2468 INFO odoo odoo.addons.base.models.res_users: Login failed for db:odoo login:odoo from 127.0.0.1 
2025-03-24 09:55:03,775 2468 INFO odoo werkzeug: 127.0.0.1 - - [24/Mar/2025 09:55:03] "POST /web/login HTTP/1.1" 200 - 4 0.004 0.017
2025-03-24 09:55:03,804 2468 DEBUG ? odoo.tools._vendor.sessions: Could not load session from disk. Use empty session. 
Traceback (most recent call last):
  File "C:\odoo\odoo\odoo\tools\_vendor\sessions.py", line 216, in get
    f = open(self.get_session_filename(sid), "r", encoding="utf-8")
        ^^^^^^^^^^^^^^^^^^^^^^^^^^^^^^^^^^^^^^^^^^^^^^^^^^^^^^^^^^^
FileNotFoundError: [Errno 2] No such file or directory: 'c:\\users\\georg\\appdata\\local\\openerp s.a\\odoo\\sessions\\06\\067kuuTCGTZhZ9XD9ocJnffllqhf8VvWKjx9yEJRzZTcii8PKjD4_MVY2YJjxKV-iKna2js7178JMgZX76HC'
2025-03-24 09:55:03,916 2468 INFO odoo werkzeug: 127.0.0.1 - - [24/Mar/2025 09:55:03] "GET /web/binary/company_logo HTTP/1.1" 304 - 2 0.002 0.112
2025-03-24 09:55:04,013 2468 DEBUG ? odoo.tools._vendor.sessions: Could not load session from disk. Use empty session. 
Traceback (most recent call last):
  File "C:\odoo\odoo\odoo\tools\_vendor\sessions.py", line 216, in get
    f = open(self.get_session_filename(sid), "r", encoding="utf-8")
        ^^^^^^^^^^^^^^^^^^^^^^^^^^^^^^^^^^^^^^^^^^^^^^^^^^^^^^^^^^^
FileNotFoundError: [Errno 2] No such file or directory: 'c:\\users\\georg\\appdata\\local\\openerp s.a\\odoo\\sessions\\06\\067kuuTCGTZhZ9XD9ocJnffllqhf8VvWKjx9yEJRzZTcii8PKjD4_MVY2YJjxKV-iKna2js7178JMgZX76HC'
2025-03-24 09:55:04,019 2468 DEBUG odoo odoo.addons.http_routing.models.ir_http: '/website/translations/61425db74b77e166540ff2e0d9fcd57495daa552' (lang: 'fr') missing lang in url, redirect 
2025-03-24 09:55:04,020 2468 INFO odoo werkzeug: 127.0.0.1 - - [24/Mar/2025 09:55:04] "GET /website/translations/61425db74b77e166540ff2e0d9fcd57495daa552 HTTP/1.1" 303 - 4 0.004 0.005
2025-03-24 09:55:12,418 2468 DEBUG ? odoo.tools._vendor.sessions: Could not load session from disk. Use empty session. 
Traceback (most recent call last):
  File "C:\odoo\odoo\odoo\tools\_vendor\sessions.py", line 216, in get
    f = open(self.get_session_filename(sid), "r", encoding="utf-8")
        ^^^^^^^^^^^^^^^^^^^^^^^^^^^^^^^^^^^^^^^^^^^^^^^^^^^^^^^^^^^
FileNotFoundError: [Errno 2] No such file or directory: 'c:\\users\\georg\\appdata\\local\\openerp s.a\\odoo\\sessions\\06\\067kuuTCGTZhZ9XD9ocJnffllqhf8VvWKjx9yEJRzZTcii8PKjD4_MVY2YJjxKV-iKna2js7178JMgZX76HC'
2025-03-24 09:55:12,426 2468 WARNING odoo odoo.addons.base.models.res_users: Login attempt ignored for 127.0.0.1 (user 'admin') on odoo: 10 failures since last success, last failure at 2025-03-24 09:55:03.764511. You can configure the number of login failures before a user is put on cooldown as well as the duration in the System Parameters. Disable this feature by setting "base.login_cooldown_after" to 0. 
2025-03-24 09:55:12,427 2468 WARNING odoo odoo.addons.base.models.res_users: The rate-limited IP address 127.0.0.1 is classified as private and *might* be a proxy. If your Odoo is behind a proxy, it may be mis-configured. Check that you are running Odoo in Proxy Mode and that the proxy is properly configured, see https://www.odoo.com/documentation/master/administration/install/deploy.html#https for details. 
2025-03-24 09:55:12,882 2468 INFO odoo odoo.addons.base.models.res_users: Login failed for db:odoo login:admin from 127.0.0.1 
2025-03-24 09:55:12,893 2468 INFO odoo werkzeug: 127.0.0.1 - - [24/Mar/2025 09:55:12] "POST /web/login HTTP/1.1" 200 - 3 0.002 0.473
2025-03-24 09:55:12,926 2468 DEBUG ? odoo.tools._vendor.sessions: Could not load session from disk. Use empty session. 
Traceback (most recent call last):
  File "C:\odoo\odoo\odoo\tools\_vendor\sessions.py", line 216, in get
    f = open(self.get_session_filename(sid), "r", encoding="utf-8")
        ^^^^^^^^^^^^^^^^^^^^^^^^^^^^^^^^^^^^^^^^^^^^^^^^^^^^^^^^^^^
FileNotFoundError: [Errno 2] No such file or directory: 'c:\\users\\georg\\appdata\\local\\openerp s.a\\odoo\\sessions\\06\\067kuuTCGTZhZ9XD9ocJnffllqhf8VvWKjx9yEJRzZTcii8PKjD4_MVY2YJjxKV-iKna2js7178JMgZX76HC'
2025-03-24 09:55:12,932 2468 INFO odoo werkzeug: 127.0.0.1 - - [24/Mar/2025 09:55:12] "GET /web/binary/company_logo HTTP/1.1" 304 - 2 0.000 0.006
2025-03-24 09:55:13,035 2468 DEBUG ? odoo.tools._vendor.sessions: Could not load session from disk. Use empty session. 
Traceback (most recent call last):
  File "C:\odoo\odoo\odoo\tools\_vendor\sessions.py", line 216, in get
    f = open(self.get_session_filename(sid), "r", encoding="utf-8")
        ^^^^^^^^^^^^^^^^^^^^^^^^^^^^^^^^^^^^^^^^^^^^^^^^^^^^^^^^^^^
FileNotFoundError: [Errno 2] No such file or directory: 'c:\\users\\georg\\appdata\\local\\openerp s.a\\odoo\\sessions\\06\\067kuuTCGTZhZ9XD9ocJnffllqhf8VvWKjx9yEJRzZTcii8PKjD4_MVY2YJjxKV-iKna2js7178JMgZX76HC'
2025-03-24 09:55:13,041 2468 DEBUG odoo odoo.addons.http_routing.models.ir_http: '/website/translations/61425db74b77e166540ff2e0d9fcd57495daa552' (lang: 'fr') missing lang in url, redirect 
2025-03-24 09:55:13,043 2468 INFO odoo werkzeug: 127.0.0.1 - - [24/Mar/2025 09:55:13] "GET /website/translations/61425db74b77e166540ff2e0d9fcd57495daa552 HTTP/1.1" 303 - 4 0.000 0.009
2025-03-24 09:55:18,240 2468 DEBUG ? odoo.tools._vendor.sessions: Could not load session from disk. Use empty session. 
Traceback (most recent call last):
  File "C:\odoo\odoo\odoo\tools\_vendor\sessions.py", line 216, in get
    f = open(self.get_session_filename(sid), "r", encoding="utf-8")
        ^^^^^^^^^^^^^^^^^^^^^^^^^^^^^^^^^^^^^^^^^^^^^^^^^^^^^^^^^^^
FileNotFoundError: [Errno 2] No such file or directory: 'c:\\users\\georg\\appdata\\local\\openerp s.a\\odoo\\sessions\\06\\067kuuTCGTZhZ9XD9ocJnffllqhf8VvWKjx9yEJRzZTcii8PKjD4_MVY2YJjxKV-iKna2js7178JMgZX76HC'
2025-03-24 09:55:18,245 2468 WARNING odoo odoo.addons.base.models.res_users: Login attempt ignored for 127.0.0.1 (user 'admin') on odoo: 10 failures since last success, last failure at 2025-03-24 09:55:03.764511. You can configure the number of login failures before a user is put on cooldown as well as the duration in the System Parameters. Disable this feature by setting "base.login_cooldown_after" to 0. 
2025-03-24 09:55:18,245 2468 WARNING odoo odoo.addons.base.models.res_users: The rate-limited IP address 127.0.0.1 is classified as private and *might* be a proxy. If your Odoo is behind a proxy, it may be mis-configured. Check that you are running Odoo in Proxy Mode and that the proxy is properly configured, see https://www.odoo.com/documentation/master/administration/install/deploy.html#https for details. 
2025-03-24 09:55:18,246 2468 INFO odoo odoo.addons.base.models.res_users: Login failed for db:odoo login:admin from 127.0.0.1 
2025-03-24 09:55:18,255 2468 INFO odoo werkzeug: 127.0.0.1 - - [24/Mar/2025 09:55:18] "POST /web/login HTTP/1.1" 200 - 3 0.002 0.014
2025-03-24 09:55:18,281 2468 DEBUG ? odoo.tools._vendor.sessions: Could not load session from disk. Use empty session. 
Traceback (most recent call last):
  File "C:\odoo\odoo\odoo\tools\_vendor\sessions.py", line 216, in get
    f = open(self.get_session_filename(sid), "r", encoding="utf-8")
        ^^^^^^^^^^^^^^^^^^^^^^^^^^^^^^^^^^^^^^^^^^^^^^^^^^^^^^^^^^^
FileNotFoundError: [Errno 2] No such file or directory: 'c:\\users\\georg\\appdata\\local\\openerp s.a\\odoo\\sessions\\06\\067kuuTCGTZhZ9XD9ocJnffllqhf8VvWKjx9yEJRzZTcii8PKjD4_MVY2YJjxKV-iKna2js7178JMgZX76HC'
2025-03-24 09:55:18,285 2468 INFO odoo werkzeug: 127.0.0.1 - - [24/Mar/2025 09:55:18] "GET /web/binary/company_logo HTTP/1.1" 304 - 2 0.001 0.005
2025-03-24 09:55:18,501 2468 DEBUG ? odoo.tools._vendor.sessions: Could not load session from disk. Use empty session. 
Traceback (most recent call last):
  File "C:\odoo\odoo\odoo\tools\_vendor\sessions.py", line 216, in get
    f = open(self.get_session_filename(sid), "r", encoding="utf-8")
        ^^^^^^^^^^^^^^^^^^^^^^^^^^^^^^^^^^^^^^^^^^^^^^^^^^^^^^^^^^^
FileNotFoundError: [Errno 2] No such file or directory: 'c:\\users\\georg\\appdata\\local\\openerp s.a\\odoo\\sessions\\06\\067kuuTCGTZhZ9XD9ocJnffllqhf8VvWKjx9yEJRzZTcii8PKjD4_MVY2YJjxKV-iKna2js7178JMgZX76HC'
2025-03-24 09:55:18,519 2468 DEBUG odoo odoo.addons.http_routing.models.ir_http: '/website/translations/61425db74b77e166540ff2e0d9fcd57495daa552' (lang: 'fr') missing lang in url, redirect 
2025-03-24 09:55:18,521 2468 INFO odoo werkzeug: 127.0.0.1 - - [24/Mar/2025 09:55:18] "GET /website/translations/61425db74b77e166540ff2e0d9fcd57495daa552 HTTP/1.1" 303 - 4 0.004 0.016
2025-03-24 09:55:22,559 2468 DEBUG ? odoo.service.server: cron0 polling for jobs 
2025-03-24 09:55:34,710 2468 DEBUG ? odoo.service.server: cron1 polling for jobs 
2025-03-24 09:55:45,992 2468 DEBUG ? odoo.tools._vendor.sessions: Could not load session from disk. Use empty session. 
Traceback (most recent call last):
  File "C:\odoo\odoo\odoo\tools\_vendor\sessions.py", line 216, in get
    f = open(self.get_session_filename(sid), "r", encoding="utf-8")
        ^^^^^^^^^^^^^^^^^^^^^^^^^^^^^^^^^^^^^^^^^^^^^^^^^^^^^^^^^^^
FileNotFoundError: [Errno 2] No such file or directory: 'c:\\users\\georg\\appdata\\local\\openerp s.a\\odoo\\sessions\\06\\067kuuTCGTZhZ9XD9ocJnffllqhf8VvWKjx9yEJRzZTcii8PKjD4_MVY2YJjxKV-iKna2js7178JMgZX76HC'
2025-03-24 09:55:46,005 2468 INFO odoo werkzeug: 127.0.0.1 - - [24/Mar/2025 09:55:46] "GET / HTTP/1.1" 303 - 1 0.001 0.011
2025-03-24 09:55:46,018 2468 DEBUG ? odoo.tools._vendor.sessions: Could not load session from disk. Use empty session. 
Traceback (most recent call last):
  File "C:\odoo\odoo\odoo\tools\_vendor\sessions.py", line 216, in get
    f = open(self.get_session_filename(sid), "r", encoding="utf-8")
        ^^^^^^^^^^^^^^^^^^^^^^^^^^^^^^^^^^^^^^^^^^^^^^^^^^^^^^^^^^^
FileNotFoundError: [Errno 2] No such file or directory: 'c:\\users\\georg\\appdata\\local\\openerp s.a\\odoo\\sessions\\06\\067kuuTCGTZhZ9XD9ocJnffllqhf8VvWKjx9yEJRzZTcii8PKjD4_MVY2YJjxKV-iKna2js7178JMgZX76HC'
2025-03-24 09:55:46,026 2468 INFO odoo werkzeug: 127.0.0.1 - - [24/Mar/2025 09:55:46] "GET /odoo HTTP/1.1" 303 - 1 0.000 0.008
2025-03-24 09:55:46,243 2468 DEBUG ? odoo.tools._vendor.sessions: Could not load session from disk. Use empty session. 
Traceback (most recent call last):
  File "C:\odoo\odoo\odoo\tools\_vendor\sessions.py", line 216, in get
    f = open(self.get_session_filename(sid), "r", encoding="utf-8")
        ^^^^^^^^^^^^^^^^^^^^^^^^^^^^^^^^^^^^^^^^^^^^^^^^^^^^^^^^^^^
FileNotFoundError: [Errno 2] No such file or directory: 'c:\\users\\georg\\appdata\\local\\openerp s.a\\odoo\\sessions\\06\\067kuuTCGTZhZ9XD9ocJnffllqhf8VvWKjx9yEJRzZTcii8PKjD4_MVY2YJjxKV-iKna2js7178JMgZX76HC'
2025-03-24 09:55:46,260 2468 INFO odoo werkzeug: 127.0.0.1 - - [24/Mar/2025 09:55:46] "GET /web/login?redirect=/odoo? HTTP/1.1" 200 - 3 0.006 0.011
2025-03-24 09:55:46,590 2468 DEBUG ? odoo.tools._vendor.sessions: Could not load session from disk. Use empty session. 
Traceback (most recent call last):
  File "C:\odoo\odoo\odoo\tools\_vendor\sessions.py", line 216, in get
    f = open(self.get_session_filename(sid), "r", encoding="utf-8")
        ^^^^^^^^^^^^^^^^^^^^^^^^^^^^^^^^^^^^^^^^^^^^^^^^^^^^^^^^^^^
FileNotFoundError: [Errno 2] No such file or directory: 'c:\\users\\georg\\appdata\\local\\openerp s.a\\odoo\\sessions\\06\\067kuuTCGTZhZ9XD9ocJnffllqhf8VvWKjx9yEJRzZTcii8PKjD4_MVY2YJjxKV-iKna2js7178JMgZX76HC'
2025-03-24 09:55:46,602 2468 INFO odoo werkzeug: 127.0.0.1 - - [24/Mar/2025 09:55:46] "GET /web/binary/company_logo HTTP/1.1" 304 - 2 0.002 0.011
2025-03-24 09:55:46,850 2468 DEBUG ? odoo.tools._vendor.sessions: Could not load session from disk. Use empty session. 
Traceback (most recent call last):
  File "C:\odoo\odoo\odoo\tools\_vendor\sessions.py", line 216, in get
    f = open(self.get_session_filename(sid), "r", encoding="utf-8")
        ^^^^^^^^^^^^^^^^^^^^^^^^^^^^^^^^^^^^^^^^^^^^^^^^^^^^^^^^^^^
FileNotFoundError: [Errno 2] No such file or directory: 'c:\\users\\georg\\appdata\\local\\openerp s.a\\odoo\\sessions\\06\\067kuuTCGTZhZ9XD9ocJnffllqhf8VvWKjx9yEJRzZTcii8PKjD4_MVY2YJjxKV-iKna2js7178JMgZX76HC'
2025-03-24 09:55:46,859 2468 DEBUG odoo odoo.addons.http_routing.models.ir_http: '/website/translations/61425db74b77e166540ff2e0d9fcd57495daa552' (lang: 'fr') missing lang in url, redirect 
2025-03-24 09:55:46,859 2468 INFO odoo werkzeug: 127.0.0.1 - - [24/Mar/2025 09:55:46] "GET /website/translations/61425db74b77e166540ff2e0d9fcd57495daa552 HTTP/1.1" 303 - 4 0.004 0.007
2025-03-24 09:55:52,094 2468 DEBUG ? odoo.tools._vendor.sessions: Could not load session from disk. Use empty session. 
Traceback (most recent call last):
  File "C:\odoo\odoo\odoo\tools\_vendor\sessions.py", line 216, in get
    f = open(self.get_session_filename(sid), "r", encoding="utf-8")
        ^^^^^^^^^^^^^^^^^^^^^^^^^^^^^^^^^^^^^^^^^^^^^^^^^^^^^^^^^^^
FileNotFoundError: [Errno 2] No such file or directory: 'c:\\users\\georg\\appdata\\local\\openerp s.a\\odoo\\sessions\\06\\067kuuTCGTZhZ9XD9ocJnffllqhf8VvWKjx9yEJRzZTcii8PKjD4_MVY2YJjxKV-iKna2js7178JMgZX76HC'
2025-03-24 09:55:52,102 2468 WARNING odoo odoo.addons.base.models.res_users: Login attempt ignored for 127.0.0.1 (user 'georges@lopezrascol.com') on odoo: 10 failures since last success, last failure at 2025-03-24 09:55:03.764511. You can configure the number of login failures before a user is put on cooldown as well as the duration in the System Parameters. Disable this feature by setting "base.login_cooldown_after" to 0. 
2025-03-24 09:55:52,102 2468 WARNING odoo odoo.addons.base.models.res_users: The rate-limited IP address 127.0.0.1 is classified as private and *might* be a proxy. If your Odoo is behind a proxy, it may be mis-configured. Check that you are running Odoo in Proxy Mode and that the proxy is properly configured, see https://www.odoo.com/documentation/master/administration/install/deploy.html#https for details. 
2025-03-24 09:55:52,103 2468 INFO odoo odoo.addons.base.models.res_users: Login failed for db:odoo login:georges@lopezrascol.com from 127.0.0.1 
2025-03-24 09:55:52,113 2468 INFO odoo werkzeug: 127.0.0.1 - - [24/Mar/2025 09:55:52] "POST /web/login HTTP/1.1" 200 - 3 0.003 0.015
2025-03-24 09:55:52,416 2468 DEBUG ? odoo.tools._vendor.sessions: Could not load session from disk. Use empty session. 
Traceback (most recent call last):
  File "C:\odoo\odoo\odoo\tools\_vendor\sessions.py", line 216, in get
    f = open(self.get_session_filename(sid), "r", encoding="utf-8")
        ^^^^^^^^^^^^^^^^^^^^^^^^^^^^^^^^^^^^^^^^^^^^^^^^^^^^^^^^^^^
FileNotFoundError: [Errno 2] No such file or directory: 'c:\\users\\georg\\appdata\\local\\openerp s.a\\odoo\\sessions\\06\\067kuuTCGTZhZ9XD9ocJnffllqhf8VvWKjx9yEJRzZTcii8PKjD4_MVY2YJjxKV-iKna2js7178JMgZX76HC'
2025-03-24 09:55:52,427 2468 INFO odoo werkzeug: 127.0.0.1 - - [24/Mar/2025 09:55:52] "GET /web/binary/company_logo HTTP/1.1" 304 - 2 0.001 0.011
2025-03-24 09:55:52,768 2468 DEBUG ? odoo.tools._vendor.sessions: Could not load session from disk. Use empty session. 
Traceback (most recent call last):
  File "C:\odoo\odoo\odoo\tools\_vendor\sessions.py", line 216, in get
    f = open(self.get_session_filename(sid), "r", encoding="utf-8")
        ^^^^^^^^^^^^^^^^^^^^^^^^^^^^^^^^^^^^^^^^^^^^^^^^^^^^^^^^^^^
FileNotFoundError: [Errno 2] No such file or directory: 'c:\\users\\georg\\appdata\\local\\openerp s.a\\odoo\\sessions\\06\\067kuuTCGTZhZ9XD9ocJnffllqhf8VvWKjx9yEJRzZTcii8PKjD4_MVY2YJjxKV-iKna2js7178JMgZX76HC'
2025-03-24 09:55:52,768 2468 DEBUG odoo odoo.addons.http_routing.models.ir_http: '/website/translations/61425db74b77e166540ff2e0d9fcd57495daa552' (lang: 'fr') missing lang in url, redirect 
2025-03-24 09:55:52,781 2468 INFO odoo werkzeug: 127.0.0.1 - - [24/Mar/2025 09:55:52] "GET /website/translations/61425db74b77e166540ff2e0d9fcd57495daa552 HTTP/1.1" 303 - 4 0.000 0.013
2025-03-24 09:55:53,124 2468 DEBUG ? odoo.tools._vendor.sessions: Could not load session from disk. Use empty session. 
Traceback (most recent call last):
  File "C:\odoo\odoo\odoo\tools\_vendor\sessions.py", line 216, in get
    f = open(self.get_session_filename(sid), "r", encoding="utf-8")
        ^^^^^^^^^^^^^^^^^^^^^^^^^^^^^^^^^^^^^^^^^^^^^^^^^^^^^^^^^^^
FileNotFoundError: [Errno 2] No such file or directory: 'c:\\users\\georg\\appdata\\local\\openerp s.a\\odoo\\sessions\\06\\067kuuTCGTZhZ9XD9ocJnffllqhf8VvWKjx9yEJRzZTcii8PKjD4_MVY2YJjxKV-iKna2js7178JMgZX76HC'
2025-03-24 09:55:53,124 2468 INFO odoo werkzeug: 127.0.0.1 - - [24/Mar/2025 09:55:53] "GET /web/service-worker.js HTTP/1.1" 200 - 2 0.000 0.000
2025-03-24 09:56:22,563 2468 DEBUG ? odoo.service.server: cron0 polling for jobs 
2025-03-24 09:56:35,723 2468 DEBUG ? odoo.service.server: cron1 polling for jobs 
2025-03-24 09:57:22,563 2468 DEBUG ? odoo.service.server: cron0 polling for jobs 
2025-03-24 09:57:36,737 2468 DEBUG ? odoo.service.server: cron1 polling for jobs 
2025-03-24 09:58:22,566 2468 DEBUG ? odoo.service.server: cron0 polling for jobs 
2025-03-24 09:58:37,752 2468 DEBUG ? odoo.service.server: cron1 polling for jobs 
2025-03-24 09:59:22,575 2468 DEBUG ? odoo.service.server: cron0 polling for jobs 
2025-03-24 09:59:38,767 2468 DEBUG ? odoo.service.server: cron1 polling for jobs 
